account,post_id,viral,cluster
yazilim.exe,2521884486258590341,0,0
yazilim.exe,2519969086646769683,0,1
yazilim.exe,2516814455866704578,0,0
yazilim.exe,2516151595008948237,0,1
yazilim.exe,2515312567527212853,0,1
yazilim.exe,2514832726356572893,0,0
yazilim.exe,2514575726863892307,0,1
yazilim.exe,2513882369867051971,0,1
yazilim.exe,2513501046765228887,0,0
yazilim.exe,2447963763015386424,0,0
yazilim.exe,2447870158891605338,0,1
yazilim.exe,2447420841290428281,0,1
yazilimci.genclik,2535805819262655725,0,0
yazilimci.genclik,2534356508211319476,0,0
yazilimci.genclik,2532906950650258921,0,0
yazilimci.genclik,2531457382167459448,0,0
yazilimci.genclik,2530007806026868200,0,0
yazilimci.genclik,2528558072805480736,0,0
yazilimci.genclik,2527108741294707491,0,0
yazilimci.genclik,2525658729657783437,0,0
yazilimci.genclik,2524209324568499012,0,0
yazilimci.genclik,2522065547989053494,0,0
yazilimci.genclik,2519181127827292933,0,0
yazilimci.genclik,2516961881703489212,0,0
yazilim.academy,2483799612788319660,0,1
yazilim.academy,2416990507264682361,0,0
yazilim.academy,2415626385822468268,0,0
yazilim.academy,2414142958577363443,0,0
yazilim.academy,2413266136574516812,0,0
yazilim.academy,2410557250797296194,0,0
yazilim.academy,2409806343486735695,0,0
yazilim.academy,2409734500780153525,0,0
yazilim.academy,2408259881816644432,0,0
yazilim.academy,2408130939558517461,0,0
yazilim.academy,2406717035393354396,0,0
yazilim.academy,2404707211134650178,0,0
yahya.kassid,2514864652688004924,0,1
yahya.kassid,2512626545733203875,0,1
yahya.kassid,2511841930655449245,0,1
yahya.kassid,2510476806925409623,0,1
yahya.kassid,2509788115403861353,0,1
yahya.kassid,2508282545236639050,0,1
yahya.kassid,2504749834450715905,0,1
yahya.kassid,2503252167107073504,0,1
yahya.kassid,2502532804729354069,0,1
yahya.kassid,2501834377288656204,0,1
yahya.kassid,2500370870017931178,0,1
yahya.kassid,2496760494285976388,0,0
xnetking,2610120543154520823,0,0
xnetking,2609755650171298560,0,0
xnetking,2608349656639667230,0,0
xnetking,2607281784886690610,0,0
xnetking,2606787166479572857,0,0
xnetking,2606484664452169697,0,0
xnetking,2605877399781114378,0,0
xnetking,2605796587628596508,0,0
xnetking,2605019740059289463,0,0
xnetking,2604356967766710608,0,0
xnetking,2604314853120569802,0,0
xnetking,2604024465384153662,0,0
xgrid.co,2603697986246279728,0,0
xgrid.co,2603044569653099964,0,0
xgrid.co,2601503835840963178,0,0
xgrid.co,2600080499465839989,0,1
xgrid.co,2598945241405653234,0,0
xgrid.co,2593572434172352205,0,1
xgrid.co,2592264916290225405,0,0
xgrid.co,2589198587857214789,0,0
xgrid.co,2586565161022923077,0,0
xgrid.co,2585699449555440428,0,0
xgrid.co,2585696455208264765,0,0
xgrid.co,2583442221297491261,0,0
xcybersecurity,2589771621384416188,0,0
xcybersecurity,2589326689926393346,0,0
xcybersecurity,2588461721237422897,0,0
xcybersecurity,2587022918710764757,0,0
xcybersecurity,2586156415283130846,0,0
xcybersecurity,2585554729749509643,0,0
xcybersecurity,2583354921001632290,0,0
xcybersecurity,2578450621712389031,1,0
xcybersecurity,2576814321531285700,1,0
xcybersecurity,2576227276727276886,0,0
xcybersecurity,2575490127547715045,1,0
xcybersecurity,2574835503958331646,0,0
worldprogramming.co,2665350993402713565,1,0
worldprogramming.co,2665350321710211286,0,0
worldprogramming.co,2664713453305863499,1,0
worldprogramming.co,2664711120132056683,0,0
worldprogramming.co,2655507178123687523,1,0
worldprogramming.co,2654523250944406666,0,0
worldprogramming.co,2654520658990215977,1,0
worldprogramming.co,2630785907204899327,0,1
worldprogramming.co,2621357718451890479,1,0
worldprogramming.co,2614284940481463052,1,0
worldprogramming.co,2607482102648532683,0,1
worldprogramming.co,2603794076130978913,1,0
woman.engineer,2759117022125600141,0,1
woman.engineer,2758870213532339600,0,0
woman.engineer,2758406586912244296,0,0
woman.engineer,2757576321256430921,0,1
woman.engineer,2757410772320913824,0,1
woman.engineer,2755889553752501665,0,0
woman.engineer,2755546590436618802,0,0
woman.engineer,2754809453101491587,0,0
woman.engineer,2752346163670679610,0,0
woman.engineer,2751859006462045302,0,0
woman.engineer,2747465183187337601,0,0
woman.engineer,2747234557980948040,0,0
wklconsultancy,2606728039915281879,0,0
wklconsultancy,2606685194370335129,0,0
wklconsultancy,2606652929569216589,0,0
wklconsultancy,2595841801226174650,0,0
wklconsultancy,2595795992028033916,0,0
wklconsultancy,2595751116783494463,0,1
wklconsultancy,2591553790317719140,0,0
wklconsultancy,2591507739972101565,0,0
wklconsultancy,2591463183830453183,0,0
wklconsultancy,2578477574790717629,0,0
wklconsultancy,2578417234264657601,0,0
wklconsultancy,2578371184465950306,0,0
whats_ai,2656014154822194135,0,1
whats_ai,2655390207364543342,0,0
whats_ai,2654616855158835712,0,0
whats_ai,2653344776108396237,0,0
whats_ai,2651326556815751150,0,1
whats_ai,2650964566295380094,0,0
whats_ai,2649750340141221920,0,1
whats_ai,2649558427268883308,0,1
whats_ai,2648797171956246072,0,0
whats_ai,2647363448253491046,0,1
whats_ai,2646022088871140942,0,0
whats_ai,2645199321221500178,0,0
webstories.agency,2398132684318218782,0,0
webstories.agency,2397399989472663144,0,0
webstories.agency,2396679303305212518,0,0
webstories.agency,2395954200217897894,0,0
webstories.agency,2395241590660067743,0,0
webstories.agency,2394506269836290442,0,0
webstories.agency,2393780503175591069,0,0
webstories.agency,2393056023587440350,0,0
webstories.agency,2392330871291732556,0,0
webstories.agency,2391601678513653087,0,0
webstories.agency,2390882650245778457,0,0
webstories.agency,2390157282043773450,0,0
webspider_techi,2642998703218100623,0,0
webspider_techi,2639371817034386829,0,0
webspider_techi,2638665033594185478,0,0
webspider_techi,2615260479345598950,0,1
webspider_techi,2607476126964227171,0,0
webspider_techi,2606054019956941105,0,0
webspider_techi,2605313741650360370,0,0
webspider_techi,2603894346914788713,0,0
webspider_techi,2602202792600948182,0,0
webspider_techi,2600787208868929537,0,1
webspider_techi,2597107115382628542,1,1
webspider_techi,2595719171140676366,0,0
webiqarnhem,2554746859585079467,0,0
webiqarnhem,2533011701790248530,0,0
webiqarnhem,2513123664893639970,0,0
webiqarnhem,2506863935179510862,0,0
webiqarnhem,2390703006227046745,0,0
webiqarnhem,2167655523986201401,0,1
webiqarnhem,2161168136284359278,0,0
webiqarnhem,2132267684170823576,0,0
webiqarnhem,2132235591193642132,0,0
webiqarnhem,2131514774398755548,0,0
webiqarnhem,2130703274578886303,0,0
webiqarnhem,2086540138125016637,0,0
webepower,2656545619402071274,0,0
webepower,2652235808061723361,0,0
webepower,2652193092029959944,0,0
webepower,2649296691501770279,0,0
webepower,2647849679866682982,0,0
webepower,2646421453143365588,0,0
webepower,2645714834598010417,0,0
webepower,2644413924242838403,0,0
webepower,2643510724446910852,0,0
webepower,2640590662542991475,0,0
webepower,2636996695406491737,0,0
webepower,2632620784225761088,0,0
webdatamining,2630669088434122735,0,0
webdatamining,2626911217692558920,0,1
webdatamining,2625478666750988327,0,0
webdatamining,2615304970526708987,0,0
webdatamining,2615303380835131305,0,0
webdatamining,2615301701016271484,0,0
webdatamining,2612689431367072740,0,0
webdatamining,2612688963761002271,0,0
webdatamining,2610579710707442136,0,1
webdatamining,2598108316073504241,0,0
webdatamining,2598105849193617555,0,0
webdatamining,2596525988355689351,0,1
wearepirple,2610336698406565542,0,0
wearepirple,2610215383833366442,0,0
wearepirple,2610095158454345555,0,0
wearepirple,2609974447820691120,0,0
wearepirple,2609852989996051419,0,0
wearepirple,2609732778995420992,0,0
wearepirple,2609612123339260587,0,0
wearepirple,2609493054612851297,0,0
wearepirple,2608765831069098804,0,0
wearepirple,2608645553220838794,0,0
wearepirple,2608524814376635446,0,0
wearepirple,2608403440627462848,0,0
we3academy,2659417961459065438,0,0
we3academy,2618191939615067472,0,0
we3academy,2607241539600842138,0,0
we3academy,2605962974016299479,0,0
we3academy,2603620089975473257,0,0
we3academy,2603077121308736851,0,0
we3academy,2597852047874112962,0,0
we3academy,2596399867228365139,0,0
we3academy,2592292909541816572,0,0
we3academy,2588427296856473784,0,0
we3academy,2586225294965631399,0,0
we3academy,2582598911387336396,0,0
vikingcodeblog,2606138240803102468,0,1
vikingcodeblog,2596815028497727582,0,0
vikingcodeblog,2592513207231519508,0,1
vikingcodeblog,2591040771403465797,0,0
vikingcodeblog,2590258579970429239,0,1
vikingcodeblog,2589590999420446380,0,0
vikingcodeblog,2586690402703459361,0,0
vikingcodeblog,2584524955245513023,0,1
vikingcodeblog,2583794924756296418,0,0
vikingcodeblog,2583123180849857973,0,1
vikingcodeblog,2580899337463572694,0,0
vikingcodeblog,2580172264805623563,0,0
ventje_engel,2723864584670102473,0,0
ventje_engel,2720865427814609653,0,0
ventje_engel,2597140081563599441,0,0
ventje_engel,2596524483448021674,0,0
ventje_engel,2595080046377270105,0,0
ventje_engel,2592666950559981914,0,0
ventje_engel,2581198431435672952,0,0
ventje_engel,2576087930456487616,0,0
ventje_engel,2574592833936009599,0,0
ventje_engel,2571755061693014182,0,0
ventje_engel,2570981754441830316,0,0
ventje_engel,2569477925137384670,0,1
usetech.pro,2608893789443797200,0,0
usetech.pro,2608197073027653694,0,0
usetech.pro,2606832440797087429,0,0
usetech.pro,2606107759829511006,0,0
usetech.pro,2603815946498255754,0,0
usetech.pro,2603058214476417267,0,0
usetech.pro,2602346911008912223,0,0
usetech.pro,2601665349670047259,0,0
usetech.pro,2600948811090568722,0,0
usetech.pro,2598018069222067583,0,0
usetech.pro,2596600899212458015,0,0
usetech.pro,2593738285390352986,0,0
unixtricks,2493931396473556272,0,0
unixtricks,2492351646198320387,0,0
unixtricks,2490816468397134161,0,0
unixtricks,2490182834354942973,1,0
unixtricks,2489759321622140279,0,0
unixtricks,2489464884467785434,0,0
unixtricks,2489081036881804438,0,0
unixtricks,2488723872459890706,0,0
unixtricks,2488033978884358789,0,0
unixtricks,2487666441999084299,0,0
unixtricks,2487252038212163304,0,1
unixtricks,2486911457590032607,1,0
ulrich_tonmoy,2608497194227796996,0,0
ulrich_tonmoy,2600490876862981488,0,0
ulrich_tonmoy,2593271010363072434,0,0
ulrich_tonmoy,2588472831604845935,0,0
ulrich_tonmoy,2558394802370721813,0,0
ulrich_tonmoy,2509965240213571330,0,0
ulrich_tonmoy,2475129109165037601,0,0
ulrich_tonmoy,2467893161771470402,0,0
ulrich_tonmoy,2460289537226807798,0,0
ulrich_tonmoy,2456348902492803271,0,0
ulrich_tonmoy,2432820693914814271,0,0
ulrich_tonmoy,2423843621196276538,0,0
ukkomx,2607621587391186654,0,0
ukkomx,2597570299093263516,0,0
ukkomx,2593250865028556851,0,0
ukkomx,2588118952077750912,0,0
ukkomx,2577262846317385736,0,0
ukkomx,2572209508357088373,0,1
ukkomx,2565740892002938732,0,0
ukkomx,2553405287172417563,0,0
ukkomx,2548308123593315055,0,1
ukkomx,2541850740148544802,0,0
ukkomx,2537281470797860879,0,0
ukkomx,2533168493580204435,0,0
tutoraj,2592883800095926200,0,0
tutoraj,2590697990030398113,0,0
tutoraj,2579738333531264951,1,0
tutoraj,2573206671813124696,0,0
tutoraj,2570576392485305612,0,0
tutoraj,2569141239338610428,0,0
tutoraj,2568312791997173282,0,0
tutoraj,2566719536641719986,0,0
tutoraj,2563899570460742220,0,0
tutoraj,2563300380923876400,0,0
tutoraj,2561640479092806298,0,0
tutoraj,2560300582952180467,0,0
tsucsociety,2270032474220303247,0,0
tsucsociety,2246840217766043222,0,0
tsucsociety,2246022901545437275,0,0
tsucsociety,2235400200187396275,0,0
tsucsociety,2222246782707074759,0,0
tsucsociety,2017973993710379588,0,0
tsucsociety,2010755709663636178,0,0
tsucsociety,2002527086905249672,0,0
tsucsociety,1997823261002849135,0,0
tsucsociety,1997618398738391768,0,0
tsucsociety,1969720475577189088,0,0
tsucsociety,1930917111246755389,0,0
trycatchclasses,2610215982746959500,0,0
trycatchclasses,2609489457462302471,0,0
trycatchclasses,2608766815264353730,0,0
trycatchclasses,2608041705680969232,0,0
trycatchclasses,2607317005338302732,0,0
trycatchclasses,2606592413158215440,0,0
trycatchclasses,2605867314308716869,0,0
trycatchclasses,2605142747915387486,0,0
trycatchclasses,2604417889514369493,0,0
trycatchclasses,2603692969588822062,0,0
trycatchclasses,2602968123217111765,0,0
trycatchclasses,2602447096306955300,0,1
schoolofcoding.in,2590146394593809987,0,1
schoolofcoding.in,2588021776842959189,0,0
schoolofcoding.in,2587087458026314077,0,0
schoolofcoding.in,2585597795461636898,0,0
schoolofcoding.in,2584417691272327861,0,0
schoolofcoding.in,2584204690783016026,0,0
schoolofcoding.in,2582685842674211606,0,0
schoolofcoding.in,2582685482031135634,0,0
schoolofcoding.in,2582104436298420201,0,0
schoolofcoding.in,2581470594906461387,0,0
schoolofcoding.in,2580044557291165526,0,0
schoolofcoding.in,2551747744310267284,0,0
workmailcommunity,2464801263587157324,0,0
workmailcommunity,2460426111935477996,0,0
workmailcommunity,2458260253605368025,0,0
workmailcommunity,2454649512137565677,0,0
workmailcommunity,2450990069937130215,0,0
workmailcommunity,2449586892753617714,0,0
workmailcommunity,2445936427530182509,0,0
workmailcommunity,2444465860137106833,0,0
workmailcommunity,2440148483529984469,0,0
workmailcommunity,2438710294940843719,0,0
workmailcommunity,2437215015305707838,0,0
workmailcommunity,2435790318634345955,0,0
whiteicenetwork,2735059379154192726,0,0
whiteicenetwork,2733330290299812720,0,0
whiteicenetwork,2732885207216824309,0,0
whiteicenetwork,2732881367289720537,0,0
whiteicenetwork,2732876191124341964,0,0
whiteicenetwork,2732872249493504265,0,0
whiteicenetwork,2732866039591598602,0,0
whiteicenetwork,2728476678243549241,0,0
whiteicenetwork,2728473230290771055,0,0
whiteicenetwork,2719002343616509784,0,0
whiteicenetwork,2717792908785192976,0,0
whiteicenetwork,2717751803767035004,0,0
wfborges,2607471038912928058,0,1
wfborges,2606753252690051758,0,0
wfborges,2606104210377112245,0,0
wfborges,2603854389822472380,0,0
wfborges,2602695940309984220,0,0
wfborges,2601767946987404547,0,0
wfborges,2598778387334346117,0,0
wfborges,2598143352881074008,0,0
wfborges,2597419127982204323,0,0
wfborges,2595969663736030787,0,0
wfborges,2592529419703484636,0,1
wfborges,2590793143790968275,0,0
sleeplessyogi,2609717396315814568,0,0
sleeplessyogi,2606985682652978232,0,0
sleeplessyogi,2603052217125440205,0,0
sleeplessyogi,2601521018099679801,0,0
sleeplessyogi,2598702104134873984,0,0
sleeplessyogi,2598125098783449052,0,0
sleeplessyogi,2597250547065660361,0,0
sleeplessyogi,2596468999458463628,0,0
sleeplessyogi,2595744285735943693,0,0
sleeplessyogi,2595078232408306954,0,0
sleeplessyogi,2594721385763378147,0,0
sleeplessyogi,2594304697876533984,0,0
skyberzone,2476847644832950050,0,1
skyberzone,2410209143085792130,0,1
skyberzone,2385864786562030452,0,0
skyberzone,2380424390109360040,0,0
skyberzone,2377876346897897554,0,0
skyberzone,2374908900247335588,0,0
skyberzone,2373922601080037545,0,0
skyberzone,2372819648797555507,0,0
skyberzone,2370616088571801236,0,0
skyberzone,2369838934481259980,0,0
skyberzone,2368483787196891975,0,0
skyberzone,2367608625467518537,1,0
simpleum_media,2094174329844676793,0,0
simpleum_media,2038502162768041231,0,0
simpleum_media,2028264004442399072,0,0
simpleum_media,2005052918490878438,0,0
simpleum_media,1969508657402129090,0,0
simpleum_media,1938474029867794902,0,0
simpleum_media,1931284936406632141,0,0
simpleum_media,1913770977151705095,0,0
simpleum_media,1905798193909864494,0,0
simpleum_media,1896272153965505261,0,0
simpleum_media,1891252416104814476,0,0
simpleum_media,1880437719885469456,0,0
siddhantgour,2731419049312731633,0,0
siddhantgour,2730822673115616439,0,1
siddhantgour,2646585100592184436,0,0
siddhantgour,2645214579598150680,0,0
siddhantgour,2642086780729490396,0,0
siddhantgour,2616265452577848950,1,0
siddhantgour,2611913776655770928,1,0
siddhantgour,2610136440470214002,0,0
siddhantgour,2591831131695753550,0,0
siddhantgour,2530684952757198856,0,0
siddhantgour,2530681180526065688,0,1
siddhantgour,2526319351586637134,0,0
startupnews.fyi,2610207949402808594,0,0
startupnews.fyi,2609715740379209374,0,0
startupnews.fyi,2609560528775578423,0,0
startupnews.fyi,2609502476848485494,0,0
startupnews.fyi,2609480829491751066,0,1
startupnews.fyi,2608977980659872872,0,0
startupnews.fyi,2608939418346570855,0,0
startupnews.fyi,2608935909249206569,0,1
startupnews.fyi,2608867702995924121,0,0
startupnews.fyi,2608833356754585460,0,1
startupnews.fyi,2608798223720994822,0,0
startupnews.fyi,2608721067619893300,0,0
stack.content,2741652596066771627,0,0
stack.content,2740215033929954191,0,0
stack.content,2739492774716719308,0,0
stack.content,2738010440538065273,0,0
stack.content,2737289747785787793,0,0
stack.content,2735866388669649905,0,0
stack.content,2733701825927324408,0,0
stack.content,2733352635000572003,0,0
stack.content,2732961573248013449,0,0
stack.content,2730087216934816712,0,0
stack.content,2729326273560996385,0,0
stack.content,2727895105359972851,0,0
sspaeti_com,2546671209327493420,0,0
sspaeti_com,2546396842963440199,0,0
sspaeti_com,2545691803893283294,0,0
sspaeti_com,2541383333958527938,0,0
sspaeti_com,2540744618063783587,0,0
sspaeti_com,2539933775164121785,0,0
sspaeti_com,2539295070918669349,0,0
sspaeti_com,2537625060549514433,0,0
sspaeti_com,2537306969097625230,0,0
sspaeti_com,2536340101872532056,0,0
sspaeti_com,2535701387621981164,0,0
sspaeti_com,2534890549534598400,0,0
spoud.io,2608180084544959708,0,1
spoud.io,2607498599491248376,0,0
spoud.io,2606834234130506457,0,0
spoud.io,2602395288005478346,0,0
spoud.io,2601004214256515175,0,0
spoud.io,2590788295466245417,0,0
spoud.io,2587869344895435009,0,0
spoud.io,2586525080009205646,0,0
spoud.io,2562501863298514872,0,0
spoud.io,2561686650434448093,0,0
spoud.io,2557519339154831381,0,0
spoud.io,2551722251668900484,0,0
sparkeighteen,2597294494615147304,0,0
sparkeighteen,2596509313180450912,0,0
sparkeighteen,2593708387973584366,0,0
sparkeighteen,2592168431174051319,0,0
sparkeighteen,2591424670244681038,0,0
sparkeighteen,2573240698180266220,0,0
sparkeighteen,2572664116067774447,0,0
sparkeighteen,2571911736783117570,0,0
sparkeighteen,2568912763470235088,0,0
sparkeighteen,2567428923899997795,0,0
sparkeighteen,2566706494806166216,0,0
sparkeighteen,2556703361463073642,0,0
spaghetticodejungle,2482814901819596695,0,0
spaghetticodejungle,2472170021242046252,0,0
spaghetticodejungle,2461636833940054277,0,0
spaghetticodejungle,2451495479566045026,0,0
spaghetticodejungle,2438862323067310898,0,0
spaghetticodejungle,2426984939850434816,0,0
spaghetticodejungle,2412776771255789348,0,0
spaghetticodejungle,2393597175885032489,0,0
spaghetticodejungle,2382726862708329333,0,0
spaghetticodejungle,2382127834727505370,0,0
spaghetticodejungle,2380701534766811342,0,0
spaghetticodejungle,2377841686526167552,0,0
soheilnasiri.ir,2375559194062707447,0,0
soheilnasiri.ir,2274309219941831702,0,0
soheilnasiri.ir,2274299514884296254,0,0
soheilnasiri.ir,2187394059805700651,0,1
softwaredevlife,2304680165551558842,0,0
softwaredevlife,2304025877169652261,0,0
softwaredevlife,2303187828110100928,0,0
softwaredevlife,2302553651568607193,0,0
softwaredevlife,2301718358251098400,0,0
softwaredevlife,2301126757383893503,0,0
softwaredevlife,2300316394917743671,0,0
softwaredevlife,2299707561603428987,0,0
softwaredevlife,2299017844555441647,0,0
softwaredevlife,2298237767446278766,0,0
softwaredevlife,2297437512138036422,0,0
softwaredevlife,2296727824918315196,0,0
smrtdvlpr,2468412213115994792,0,0
smrtdvlpr,2449507152457382597,0,0
smrtdvlpr,2443819685075086225,0,0
smrtdvlpr,2429833551072508239,0,0
smrtdvlpr,2310524738331865704,0,0
smrtdvlpr,2309754492033512158,0,0
smrtdvlpr,2309031648601470812,0,0
smrtdvlpr,2308318807804179418,0,0
smrtdvlpr,2307547712528390792,0,0
smrtdvlpr,2306830201759613066,0,0
smrtdvlpr,2306173272821545652,0,1
smrtdvlpr,2305451320687401767,0,0
smithswriters,2597497383384185107,0,0
smithswriters,2592518784608468512,0,0
smithswriters,2583146576677342728,0,0
smithswriters,2581172655778276022,0,0
smithswriters,2580190069224407283,0,0
smithswriters,2577948017837265004,0,0
smithswriters,2577277320383345844,0,0
smithswriters,2570475874144851964,0,0
smithswriters,2569244767772725489,0,0
smithswriters,2567451514781874775,0,0
smithswriters,2563896100228328650,0,0
smithswriters,2563141321709570066,0,0
smazeestudio,2766231603258062441,0,0
smazeestudio,2765484294307876809,0,0
smazeestudio,2764777003003918226,0,0
smazeestudio,2671992457706724374,0,0
smazeestudio,2624152807982688146,0,0
smazeestudio,2622013371232716370,0,0
smazeestudio,2445872983011973969,0,0
smazeestudio,2443694063936111674,0,0
smazeestudio,2440059874355706844,0,0
smazeestudio,2439254577944854202,0,0
smazeestudio,2425556991555668802,0,0
smazeestudio,2418301474840034619,0,0
suraj_parik_,2608805977137616116,1,0
suraj_parik_,2551621415138723514,1,0
suraj_parik_,2528935919988074440,1,0
suraj_parik_,2452977817417963837,1,0
suraj_parik_,2445788523217675231,1,0
suraj_parik_,2444269567248001747,1,0
suraj_parik_,2427629966379080172,1,0
suraj_parik_,2407979611269694550,1,0
suraj_parik_,2406746316259379378,1,0
suraj_parik_,2345042864995548850,1,0
suraj_parik_,2271247033243191676,1,0
suraj_parik_,2261625344268115465,1,0
stickersdevs,2577094978907259010,0,0
stickersdevs,2571267789532897324,0,0
stickersdevs,2564688646582245544,0,0
stickersdevs,2561296995776117586,0,0
stickersdevs,2547680856286356359,0,0
stickersdevs,2518730118512373936,0,0
stickersdevs,2515764551580937809,0,0
stickersdevs,2513411054919264006,0,0
stickersdevs,2453831717362900135,0,0
stickersdevs,2451637539409255360,0,0
stickersdevs,2430732961826646701,0,0
stickersdevs,2424204765870404437,0,0
stepcomputeracademy,2741070666645411023,0,1
stepcomputeracademy,2720082722857237628,0,0
stepcomputeracademy,2714872310208262404,0,1
stepcomputeracademy,2713540791494960795,0,0
stepcomputeracademy,2712728363348455375,0,1
stepcomputeracademy,2694607216547278709,0,1
stepcomputeracademy,2685282627381132375,0,0
stepcomputeracademy,2684530469311246694,0,1
stepcomputeracademy,2683776115113376146,0,1
stepcomputeracademy,2677961403276567894,0,1
stepcomputeracademy,2674415288316935532,0,1
stepcomputeracademy,2672842850030418284,0,1
stem4kids,2607277018086976225,0,1
stem4kids,2606903617012117593,0,0
stem4kids,2599189152346973988,0,0
stem4kids,2598255291256471257,0,1
stem4kids,2597691646895310251,0,0
stem4kids,2597510425782188386,0,1
stem4kids,2593282314292392077,0,0
stem4kids,2591407464446200084,0,1
stem4kids,2590578486458251122,0,1
stem4kids,2590191345472705004,0,0
stem4kids,2589692680634017510,0,1
stem4kids,2580897268139006859,0,0
theapkguide,2342349007484662753,0,0
theapkguide,2342332663582379547,0,0
theapkguide,2338801991276457748,0,0
theapkguide,2332664085491139769,0,0
theapkguide,2328526664365081451,0,0
theapkguide,2328465412980941104,0,0
theapkguide,2327842770590612867,0,0
theapkguide,2327650003020967294,0,0
theapkguide,2326942254612287992,0,0
theapkguide,2326307212080795157,0,0
theapkguide,2326112330137556430,0,0
theapkguide,2324917922474129145,0,0
thali_intech,2600961615176936154,0,0
thali_intech,2596158390284547702,0,1
thali_intech,2593200564779885651,0,0
thali_intech,2591731896124499445,0,0
thali_intech,2588718873176853275,0,0
thali_intech,2587193229154454518,0,0
thali_intech,2586493903461845447,0,0
thali_intech,2583573209619059775,0,0
thali_intech,2581385097014771456,0,1
thali_intech,2580898217047612970,0,0
thali_intech,2579213578427864571,0,0
thali_intech,2578482441472700459,0,1
thabisomokoena_,2597913405516867575,0,0
thabisomokoena_,2595771313235685620,0,0
thabisomokoena_,2594495283174821893,0,0
thabisomokoena_,2582791459443818249,0,0
thabisomokoena_,2572722068731635713,0,0
thabisomokoena_,2569106742864599242,0,0
thabisomokoena_,2564831522435871070,0,0
thabisomokoena_,2563456948703994736,0,0
thabisomokoena_,2562249713123089082,0,0
thabisomokoena_,2561123810807979549,0,0
thabisomokoena_,2560630143936690716,0,0
thabisomokoena_,2560357149482030320,0,0
tesseractcoding,2375364471512069405,1,0
tesseractcoding,2359734286926378933,0,0
tesseractcoding,2356554089934702488,1,0
tesseractcoding,2356544098901397035,0,1
tesseractcoding,2354014383396812264,0,0
tesseractcoding,2352984839647247432,0,1
tesseractcoding,2352474153020276160,0,0
tesseractcoding,2351571560165093226,1,0
tesseractcoding,2351454058206576547,0,0
tesseractcoding,2350716337167124051,1,0
tesseractcoding,2349271595288022966,0,0
tesseractcoding,2348289823377175842,1,0
terraideas.ru,2583570067810512131,0,0
terraideas.ru,2547268279850221986,0,0
terraideas.ru,2518239010511904080,0,0
terraideas.ru,2508220803478658194,0,0
terraideas.ru,2497243518713762626,0,0
terraideas.ru,2488055447826274784,0,1
terraideas.ru,2485028615527015651,0,1
terraideas.ru,2482185380931354831,0,0
terraideas.ru,2453174791000047744,0,0
terraideas.ru,2421388367710802115,0,1
terraideas.ru,2406892738657737311,0,1
terraideas.ru,2373453697924848032,0,0
termux_hacking,2469417425154842272,0,0
termux_hacking,2454590915956796960,0,0
termux_hacking,2453434280114819926,0,0
termux_hacking,2452589923887439258,0,0
termux_hacking,2451374190654321935,0,0
termux_hacking,2447521466099635292,0,0
termux_hacking,2446774235256026507,0,0
termux_hacking,2446177975826314026,0,0
termux_hacking,2445975301654835543,0,0
termux_hacking,2444790189894346998,0,0
termux_hacking,2440986531457869596,0,0
termux_hacking,2439606200849960589,0,0
teqstories,2486380896161246799,0,0
teqstories,2485538398069195909,0,0
teqstories,2477016634104216047,0,0
teqstories,2471828352281911361,0,0
teqstories,2463775909149250899,0,0
teqstories,2462343248702772273,0,0
teqstories,2461604133115965296,0,0
teqstories,2460890759440874357,0,0
teqstories,2458734561832603062,0,0
teqstories,2456602719683614121,0,0
teqstories,2455810891921398277,0,0
teqstories,2455099339807194996,0,0
techzone0,2521892339471969943,0,1
techzone0,2521295417149275726,0,1
techzone0,2521189774476361043,0,1
techzone0,2520748553635299245,0,1
techzone0,2520494856032281119,0,1
techzone0,2520075240915113049,0,1
techzone0,2377181763593247079,1,0
techzone0,2375595231163472565,1,0
techzone0,2373587600280709192,1,0
techzone0,2372838528288624709,1,0
techzone0,2372038575605756371,1,0
techzone0,2364174454885468676,1,0
techy_knowledge,2617369935714676596,0,0
techy_knowledge,2589317719593633162,0,0
techy_knowledge,2567298642817928970,0,0
techy_knowledge,2566896067119516507,0,0
techy_knowledge,2497862703813750918,0,0
techy_knowledge,2477478454690529712,0,0
techy_knowledge,2443312209649192670,0,0
techy_knowledge,2345993719876026627,1,0
techy_knowledge,2339037464787786011,0,0
techy_knowledge,2331411977181835694,0,0
techy_knowledge,2328994384533536151,0,0
techy_knowledge,2328988318529761508,0,0
techsoftstudies,2365146887616672496,0,0
techsoftstudies,2364419048659431506,1,0
techsoftstudies,2363687574951776118,0,0
techsoftstudies,2361504088490768410,0,0
techsoftstudies,2360790963034399812,1,0
techsoftstudies,2360058923303712239,0,0
techsoftstudies,2359334069256525784,0,0
techsoftstudies,2358610340020832376,0,0
techsoftstudies,2357881491293264694,0,0
techsoftstudies,2357168107618935807,0,0
techsoftstudies,2356434246689842269,0,0
techsoftstudies,2355710648291312908,0,0
techsideofficial,2502204543111026004,0,0
techsideofficial,2489930858136402086,0,0
techsideofficial,2489211077703856697,0,0
techsideofficial,2488779942310063827,0,1
techsideofficial,2479805591527120569,0,0
techsideofficial,2367423744143728848,0,1
techsideofficial,2357864844780303852,0,0
techsideofficial,2349555105491126179,0,0
techsideofficial,2332179380211619490,0,0
techsideofficial,2315121497091460630,1,0
techsideofficial,2311488083515743199,0,0
techsideofficial,2294143639732931683,0,0
tech__repost,2404740581201858777,0,1
tech__repost,2402490460292588446,0,1
tech__repost,2355318908392744203,0,0
tech__repost,2345558257755728190,0,0
tech__repost,2343097634316721694,0,0
tech__repost,2341935187795028844,0,1
tech__repost,2341926351537378048,0,0
tech__repost,2339331177460084342,0,0
tech__repost,2338767666602316077,0,0
tech__repost,2338030956415539913,0,0
tech__repost,2336482970468112259,0,0
tech__repost,2336094531369328609,0,0
techpundit.in,2408199834509910410,1,0
techpundit.in,2391537520184637347,0,0
techpundit.in,2376055453409787334,0,0
techpundit.in,2374110227288011157,0,0
techpundit.in,2368359880896425181,1,0
techpundit.in,2348758156208637218,1,0
techpundit.in,2342367610682579111,1,0
techpundit.in,2340071961366704236,0,0
techpundit.in,2333550375029662864,1,0
techpundit.in,2329201418979547464,0,0
techpundit.in,2323447599192658809,1,0
techpundit.in,2322679891882684072,1,0
technology.hub,2714802166673962191,0,0
technito,2609130381141064871,0,1
technito,2608244268639508668,0,0
technito,2603727371774472086,0,1
technito,2602444255269288729,0,1
technito,2601101579840239032,0,1
technito,2601010955795362070,0,1
technito,2599652227886248016,0,0
technito,2597456596906050235,0,1
technito,2594575882237798508,0,1
technito,2593109083755601286,0,1
technito,2592234132127274709,0,1
technito,2589514976439267666,0,0
technicalaasim,2739998124350849444,0,0
technicalaasim,2737879988390418805,0,0
technicalaasim,2736733900768209342,0,1
technicalaasim,2582645862409617628,0,1
technicalaasim,2581910301036327729,0,0
technicalaasim,2581294335531108029,0,1
technicalaasim,2580734952271204780,0,1
technicalaasim,2580507447000127576,0,0
technicalaasim,2580417721736056280,0,0
technicalaasim,2579669308081835971,0,0
technicalaasim,2579015974786262174,0,0
technicalaasim,2577467450575573712,0,0
techlogic.in,2558236628699179057,0,0
techlogic.in,2558017960572757814,0,0
techlogic.in,2554565992764271246,0,0
techlogic.in,2514506888796740708,0,0
techlogic.in,2509495621015124697,0,0
techlogic.in,2505886500043016374,0,0
techlogic.in,2486435302340576323,0,0
techlogic.in,2469093896307811516,0,0
techlogic.in,2457302097293476520,0,0
techlogic.in,2455845968105490062,0,0
techlogic.in,2454416274860741265,0,0
techlogic.in,2453771662202759370,0,0
_tech.hacker,2593002149244724950,0,0
_tech.hacker,2587922537762331878,0,0
_tech.hacker,2582126387457366494,0,0
_tech.hacker,2532009626670332970,0,0
_tech.hacker,2511919605354978555,0,0
_tech.hacker,2507459478119910657,0,0
_tech.hacker,2502369694846466622,0,0
_tech.hacker,2374210256892164770,0,0
_tech.hacker,2347372176168375183,0,0
_tech.hacker,2342944148864582849,0,0
_tech.hacker,2342167514884453012,0,0
_tech.hacker,2337163695247316498,0,0
techgenizer,2587226124678098859,0,1
techgenizer,2585809498686712954,0,1
techgenizer,2585040289170027543,0,0
techgenizer,2584186255097971760,0,0
techgenizer,2581894671245307660,0,0
techgenizer,2580472505308055947,0,0
techgenizer,2555552675592697862,0,0
techgenizer,2553816423109622465,0,0
techgenizer,2553132022696544804,0,0
techgenizer,2530158629470889042,0,0
techgenizer,2456634331490203622,0,0
techgenizer,2450765419657614635,0,0
techfeeds1,2584898850989738276,0,0
techfeeds1,2582210165215208400,0,0
techfeeds1,2581125183368759650,0,0
techfeeds1,2576783493372454747,0,0
techfeeds1,2575289358521310024,0,0
techfeeds1,2574579352260681041,0,0
techfeeds1,2573850353846035693,0,0
techfeeds1,2572698436764596413,0,0
techfeeds1,2571704033815339107,0,0
techfeeds1,2571316108226007069,0,0
techfeeds1,2570943459196367116,0,0
techfeeds1,2570260407076579378,0,0
techdart,2338710525543892356,0,0
techdart,2336964903706918517,0,0
techdart,2336528836818342213,0,0
techdart,2335768108343596777,0,0
techdart,2334898021545842454,0,0
techdart,2334068646701372811,0,0
techdart,2333432167058674742,1,0
techdart,2332852130039463066,0,0
techdart,2332166499797790239,1,0
techdart,2331477639682046477,0,1
techdart,2329998498537160445,0,0
techdart,2328545204321170738,0,0
techclif,2307335370135896936,0,0
techclif,2307184373413566119,0,0
techclif,2291245153044997132,0,0
techclif,2290731771393125697,0,0
techclif,2290674330491967287,0,0
techclif,2289414700267984355,0,0
techclif,2288531793471901705,0,0
techclif,2287062382592528718,0,0
techclif,2285024455256115862,0,0
techclif,2284927812299321283,0,0
techclif,2284760515439519826,0,0
techclif,2284110297547206908,0,0
tdscorp72,2580008393853656070,0,0
tdscorp72,2569602171639974923,0,0
tdscorp72,2568933131590329854,0,0
tdscorp72,2568458246292376604,0,0
tdscorp72,2567783611257698325,0,1
tdscorp72,2564804775747900356,0,0
tdscorp72,2564186832085305573,0,0
tdscorp72,2563777144558502713,0,0
tdscorp72,2561158131324219187,0,0
tdscorp72,2559426474615389394,0,0
tdscorp72,2558266509544493020,0,0
tdscorp72,2557549726789293152,0,0
syntlex,2599386562681166344,0,0
syntlex,2599385569386071497,0,0
syntlex,2279021724691313364,0,0
syntlex,2278280520257047208,0,0
syntlex,2276821284583082024,0,0
syntlex,2276114333746192196,0,0
syntlex,2274667881161414746,0,0
syntlex,2273240899953457651,0,0
syntlex,2272501966021969551,0,0
syntlex,2271042730674939483,0,0
syntlex,2269604262164869668,0,0
syntlex,2268886033264783039,0,0
sygnificcareers,2609738652253072415,0,0
sygnificcareers,2609664516839306398,0,0
sygnificcareers,2608788445935825166,0,0
sygnificcareers,2608277384061219854,0,0
sygnificcareers,2608168680024305661,0,0
sygnificcareers,2608133510256763895,0,0
sygnificcareers,2607559711123646473,0,0
sygnificcareers,2607443637124376134,0,0
sygnificcareers,2607385522970481158,0,0
sygnificcareers,2606807748199173914,0,0
sygnificcareers,2606680685198932630,0,0
sygnificcareers,2606645370501452903,0,0
swplgeek,2609642506163104511,0,0
swplgeek,2608907476140526707,0,0
swplgeek,2608282631804309129,0,0
swplgeek,2606591740931418998,0,0
swplgeek,2606065162707088496,0,0
swplgeek,2603134254618945390,0,0
swplgeek,2601734313801052674,0,0
swplgeek,2596676129028924602,0,0
swplgeek,2594497540985300305,0,0
swplgeek,2593756278686714020,0,1
swplgeek,2593541930894493250,0,0
swplgeek,2592796146347711457,0,0
the_tech_official,2671012641975988478,0,1
the_tech_official,2668462825464467828,0,0
the_tech_official,2667013018778689316,0,0
the_tech_official,2664103206579584308,0,1
the_tech_official,2661932598164794806,0,0
the_tech_official,2661210456850928024,0,0
the_tech_official,2659765494829544538,0,1
the_tech_official,2657590493443282052,0,0
the_tech_official,2654686097860668984,0,0
the_tech_official,2653959827187203562,0,1
the_tech_official,2653238460208887848,0,0
the_tech_official,2648890411101636471,0,0
the.technomaniac,2554457071294766355,0,0
the.technomaniac,2391691294138254618,0,0
the.technomaniac,2371466952578360952,1,0
the.technomaniac,2371149821034726331,0,0
the.technomaniac,2368850614152312044,0,0
the.technomaniac,2368385466710984620,0,0
the.technomaniac,2368341398668801518,0,0
the.technomaniac,2367314095381924004,0,0
the.technomaniac,2366926389766233270,0,0
the.technomaniac,2366846698837397601,0,0
the.technomaniac,2365666826450420661,0,0
the.technomaniac,2360093993087368530,0,0
the_tech_lancers,2577753960233178427,0,1
the_tech_lancers,2324911414902311741,0,0
the_tech_lancers,2324869685126029303,0,0
the_tech_lancers,2324028381135410961,0,0
the_tech_lancers,2322055002702571182,0,0
the_tech_lancers,2273384082811527842,0,0
the_tech_lancers,2272002565275213391,0,0
the_tech_lancers,2247404660338185957,0,0
the_tech_lancers,2245858206226478729,0,0
the_tech_lancers,2245220571892123786,0,0
the_tech_lancers,2245178618903246190,0,0
the_tech_lancers,2244946167245266792,0,0
thesocialcomment,2778656951864447061,0,1
thesocialcomment,2777214264028270896,0,1
thesocialcomment,2775779738811054991,0,1
thesocialcomment,2775024009720215598,0,1
thesocialcomment,2772882773019605697,0,1
thesocialcomment,2771405803089971733,0,1
thesocialcomment,2770488060752853676,0,1
thesocialcomment,2769217670797945232,0,1
thesocialcomment,2768490854487464158,0,1
thesocialcomment,2767779068145274556,0,1
thesocialcomment,2766297692067302283,0,1
thesocialcomment,2765268930393447288,0,1
therevamp_store,2503818275445385898,0,0
therevamp_store,2455806825000646908,0,0
therevamp_store,2454372298936082455,0,0
therevamp_store,2453636782993384141,0,0
therevamp_store,2452842580776742601,0,0
therevamp_store,2450908451776597250,0,0
therevamp_store,2450783042573492508,0,0
therevamp_store,2450163821888024038,0,0
therevamp_store,2450013246206752241,0,0
therevamp_store,2444386918984038807,0,0
therevamp_store,2442015727625220811,0,0
therevamp_store,2440562243054880115,0,0
therealmisla,2605270052625135723,0,0
therealmisla,2578916293284277339,0,0
therealmisla,2576541517324623726,0,0
therealmisla,2562074936486113340,0,0
therealmisla,2562022744577678792,0,0
therealmisla,2557602153492283907,0,0
therealmisla,2554496555485508398,0,0
therealmisla,2552546980357138408,0,0
therealmisla,2550944481711782261,0,0
therealmisla,2550425823273202528,0,0
therealmisla,2548212448434714076,0,0
therealmisla,2546074836475376475,0,0
theprogrammer_orwell,2397035003889520891,0,0
theprogrammer_orwell,2389095442463034812,0,0
theprogrammer_orwell,2382832601791577262,0,0
theprogrammer_orwell,2382596162013242692,0,0
theprogrammer_orwell,2381144696027161276,0,0
theprogrammer_orwell,2380441629535283349,0,0
theprogrammer_orwell,2380356654328877715,0,0
theprogrammer_orwell,2379867582485270427,0,0
theprogrammer_orwell,2379867317774471587,0,0
theprogrammer_orwell,2379866926580164246,0,0
theprogrammer_orwell,2379131994022911208,0,0
theprogrammer_orwell,2379131265774323358,0,0
the_poemist_official,2577042427764850867,0,0
the_poemist_official,2575683821060712192,0,0
the_poemist_official,2575593164811816430,0,0
the_poemist_official,2575411872187248070,0,0
the_poemist_official,2574958907034697909,0,0
the_poemist_official,2574868180405744858,0,0
the_poemist_official,2574686901731109657,0,0
the_poemist_official,2574233959362242573,0,0
the_poemist_official,2574143330435290861,0,0
the_poemist_official,2573962416287812472,0,0
the_poemist_official,2573509254766410475,0,0
the_poemist_official,2573418616326732264,0,0
thepiggcodes,2582696661353333860,0,0
thepiggcodes,2487986409143766904,0,1
thepiggcodes,2451788586463394256,0,1
thepiggcodes,2451032351355158369,0,0
thepiggcodes,2449517927943331797,0,0
thepiggcodes,2448879954625111010,0,0
thepiggcodes,2385720742844218730,0,0
thepiggcodes,2385068329191787560,0,0
thepiggcodes,2364862636102895436,0,0
thepiggcodes,2351808235025073309,0,0
thepiggcodes,2350054991693171293,0,0
thepiggcodes,2348014253132314602,0,0
thenightcoder,2396436695189979232,0,0
thenightcoder,2392953247410181035,0,0
thenightcoder,2392243903815437105,0,0
thenightcoder,2391548259102611046,0,0
thenightcoder,2389320549307490548,0,0
thenightcoder,2387194885829575297,0,0
thenightcoder,2386141208171900586,0,0
thenightcoder,2382838826256133416,0,0
thenightcoder,2382202271317584318,0,1
thenightcoder,2382089663415528145,0,0
thenightcoder,2379978426984691281,0,0
thenightcoder,2379230688487503719,0,1
_the_meme_scheme_,2437830619713903519,0,0
_the_meme_scheme_,2430441622393848418,0,0
_the_meme_scheme_,2429972443001811324,0,0
_the_meme_scheme_,2428672950465893014,0,0
_the_meme_scheme_,2425684715921958895,0,0
_the_meme_scheme_,2424997258473586780,0,0
_the_meme_scheme_,2424995934608794306,0,0
_the_meme_scheme_,2424265565404112478,0,0
_the_meme_scheme_,2419864445902593487,0,0
_the_meme_scheme_,2418241871204344591,1,1
_the_meme_scheme_,2413399016757655093,0,0
_the_meme_scheme_,2412339615737266099,1,0
thejokerstech,2623160234495929962,0,0
thejokerstech,2603861084994319774,0,0
thejokerstech,2576028391262251669,0,0
thejokerstech,2573436580295376309,0,0
thejokerstech,2572436582531418943,0,0
thejokerstech,2568091454429730284,0,0
thejokerstech,2565971502008712760,0,0
thejokerstech,2536474198785602511,0,0
thejokerstech,2536317576041747575,0,0
thejokerstech,2521709372732824057,0,1
thejokerstech,2510797364055415186,0,0
thejokerstech,2500773679663755312,0,0
theintersquad,2400360805367377648,0,0
theintersquad,2383658490558028641,0,1
theintersquad,2381077707920376699,0,0
theintersquad,2345524009536305896,0,0
theintersquad,2336100239104134620,0,0
theintersquad,2331137728797941891,0,0
theintersquad,2330620567331619616,0,0
theintersquad,2329692575105361406,0,0
theintersquad,2325421883518813738,0,0
theintersquad,2316048922994360607,0,0
theintersquad,2315450527682458048,0,0
theintersquad,2313694625455570405,0,0
theinsaneapp,2610501533469416288,0,0
theinsaneapp,2610219044527935326,0,1
theinsaneapp,2609736365583961477,0,1
theinsaneapp,2609032633959458322,0,1
theinsaneapp,2608781780698700789,0,1
theinsaneapp,2608443019146145746,0,1
theinsaneapp,2607579695932184969,0,1
theinsaneapp,2607289321153896257,0,1
theinsaneapp,2606916403689513141,0,1
theinsaneapp,2606547601743387260,0,1
theinsaneapp,2606171063579562797,0,1
theinsaneapp,2605805840615958228,0,1
thefullstackdevs,2677408519250181222,0,0
thefullstackdevs,2674328231284437978,0,1
thefullstackdevs,2669256577622854690,0,0
thefullstackdevs,2667812174166390992,0,1
thefullstackdevs,2658398007692062340,0,0
thefullstackdevs,2653954547218647586,0,1
thefullstackdevs,2648881900959873106,0,0
thefullstackdevs,2647512281606660256,0,1
thefullstackdevs,2643888912022702242,0,0
thefullstackdevs,2642342699700779320,0,1
thefullstackdevs,2632293157738659719,0,0
thefullstackdevs,2627228604567861219,0,1
theforensictech,2506704017414797268,0,0
theforensictech,2506703749776306999,0,0
theforensictech,2506703575075214587,0,0
theforensictech,2475756530210575871,0,0
theforensictech,2475756327718082031,0,0
theforensictech,2475755661385706111,0,0
theforensictech,2369613585598818703,0,0
theforensictech,2369613468024023387,0,0
theforensictech,2369613343402821687,0,0
theforensictech,2347736035494832883,0,0
theforensictech,2347189131916782598,0,0
theforensictech,2347188272990485064,0,0
the.dev.store,2608036458758350954,0,0
the.dev.store,2592175219528200741,0,0
the.dev.store,2590764358464185852,0,0
the.dev.store,2589919940615037839,0,0
the.dev.store,2588478924066384764,0,0
the.dev.store,2586523962981682652,0,0
the.dev.store,2584862114146225252,0,0
the.dev.store,2584414642089391878,0,0
the.dev.store,2584132475933264882,0,0
the.dev.store,2583516531493987810,0,0
the.dev.store,2582704058176338635,0,0
the.dev.store,2582163791211696316,0,0
thedevelopersrepublic,2518871087367156825,0,0
thedevelopersrepublic,2518347688114980764,0,0
thedevelopersrepublic,2518156659948754594,0,0
thedevelopersrepublic,2517611110451362117,0,0
thedevelopersrepublic,2517402897139291283,0,0
thedevelopersrepublic,2516865956106815440,0,0
thedevelopersrepublic,2516684683807672753,0,0
thedevelopersrepublic,2516141289486360795,0,0
thedevelopersrepublic,2515952955036151442,1,0
thedevelopersrepublic,2515422795538904821,0,0
thedevelopersrepublic,2515216786820198689,0,0
thedevelopersrepublic,2510898511533765553,0,0
thedevdiaries,2411881860756823590,0,0
thedevdiaries,2411081683743845853,0,0
thedevdiaries,2410512021135555046,0,0
thedevdiaries,2349629483336897185,0,0
thedevdiaries,2326373528205847955,0,0
thedevdiaries,2263411220609887376,0,0
thedevdiaries,2262636351140032766,0,0
thedevdiaries,2257562668163677381,0,0
thedevdiaries,2181183934003138913,0,0
thedevdiaries,2176432536002026025,0,0
thedevdiaries,2169127044801620292,0,0
thedevdiaries,2164053700079073662,0,0
thedevbeast,2697830248204927101,0,0
thedevbeast,2697576292810953201,0,0
thedevbeast,2697477763937377669,0,0
thedevbeast,2697463346834983590,0,0
thedevbeast,2697190645038234915,0,0
thedevbeast,2697161209882704394,0,0
thedevbeast,2696862703062262304,0,0
thedevbeast,2696800139758389087,0,0
thedevbeast,2696764141901122218,0,0
thedevbeast,2696555203041601483,0,0
thedevbeast,2696546089070545608,0,0
thedevbeast,2696471481822858153,0,0
thedebriefindia,2586279945850225412,0,0
thedebriefindia,2585621986354842659,0,0
thedebriefindia,2579196032833230640,0,0
thedebriefindia,2579047235721182700,0,0
thedebriefindia,2573944804314227739,0,0
thedebriefindia,2542028331476071640,0,0
thedebriefindia,2520314558458984273,0,0
thedebriefindia,2517722043696471915,0,0
thedebriefindia,2516736836021450970,0,0
thedebriefindia,2516595155620065779,0,0
thedebriefindia,2516258897747845941,0,0
thedebriefindia,2516089900608153223,0,0
thecodingdoula,2608383735544765952,0,0
thecodingdoula,2585871595785416551,0,0
thecodingdoula,2565497880915929758,0,0
thecodingdoula,2333283282889754118,0,0
thecodingdoula,2326555616312606008,0,0
thecodingdoula,2324340398270592921,0,0
thecodingdoula,2324285009558566646,0,0
thecodingdoula,2319830888860354923,0,0
thecodingdoula,2319347240671467894,0,0
thecodingdoula,2308538061362836091,0,0
thecodingdoula,2308537492346860148,0,0
thecodingdoula,2306345101510605545,0,0
the.coding.geek,2620318080799014248,0,0
the.coding.geek,2350944736246559939,0,0
the.coding.geek,2348808373804054583,0,0
the.coding.geek,2346999167971094685,0,0
the.coding.geek,2345147030701979518,0,0
the.coding.geek,2344052424648255908,0,0
the.coding.geek,2343840572550990666,0,0
the.coding.geek,2343709687935895567,0,0
the.coding.geek,2343709183528686471,0,0
the.coding.geek,2343707954446771052,0,0
the.coding.geek,2343706837059083001,0,0
the.coding.geek,2343706039587635542,0,0
thecodersdigest,2455943060270601736,0,0
thecodersdigest,2446574980079684289,0,0
thecodersdigest,2444657302507129113,0,0
thecodersdigest,2441693423296712040,0,0
thecodersdigest,2433378635709871934,0,0
thecodersdigest,2430619922758609833,0,0
thecodersdigest,2429796161025129099,0,0
thecodersdigest,2428591413462684281,0,0
thecodersdigest,2419975737730675539,0,0
thecodersdigest,2419163182691030115,0,0
thecodersdigest,2411685407055136006,0,0
thecodersdigest,2409525805039233548,0,0
thecodepage,2263251753078290816,0,0
thecodepage,2263248471421271253,0,0
thecodepage,2263125591484196449,0,0
thecodepage,2263093622624817309,0,0
thecodepage,2262343034299713855,0,0
thecodepage,2261188607622523547,0,0
thecodepage,2260857967651929590,0,0
thecodepage,2259805050136304646,0,0
thecodepage,2259785921551459893,0,0
thecodepage,2259499821155155834,0,0
thecodepage,2259013383972035497,0,0
thecodepage,2258769057308431521,0,0
thecodergeek,2669568714689915526,0,0
thecodergeek,2669128459444705001,0,0
thecodergeek,2669090637627062057,0,0
thecodergeek,2668331014627303053,0,0
thecodergeek,2668093742657604557,0,0
thecodergeek,2667651956769028917,0,0
thecodergeek,2667621671838933341,0,0
thecodergeek,2667495257069713679,0,0
thecodergeek,2665541286299488255,0,0
thecodergeek,2665301942352681606,0,0
thecodergeek,2664842686439540277,0,0
thecodergeek,2664691933264488897,0,0
thecodanv,2301546755960947493,0,0
thecodanv,2300805729625400014,0,0
thecodanv,2300040500889018237,0,0
thecodanv,2299372381380237767,0,0
thecodanv,2298792694157310256,0,0
thecodanv,2297931320573230809,0,0
thecodanv,2297763911094544198,0,0
thecodanv,2297168850456606715,0,0
thecodanv,2296532908439836770,0,0
thecodanv,2280534864183661211,0,0
thecodanv,2280304327107193471,0,0
thecodanv,2279871308604945447,0,0
thecodealpha,2617554980607813912,0,0
thecodealpha,2600250445451109362,0,0
thecodealpha,2579203848281491287,0,0
thecodealpha,2573479046786802473,0,0
thecodealpha,2567605244194194645,0,0
thecodealpha,2563981381083844824,0,0
thecodealpha,2562577390087878722,0,0
thecodealpha,2561837498027531904,0,0
thecodealpha,2560387692574877114,0,0
thecodealpha,2558968927696719881,0,0
thecodealpha,2558213228479278639,0,0
thecodealpha,2557488470540167022,0,0
thebronzehacker,2598157546305782816,0,0
thebronzehacker,2596710896152416505,0,0
thebronzehacker,2596033229802744680,0,0
thebronzehacker,2582567533438520191,0,1
thebronzehacker,2571278046300696937,0,0
thebronzehacker,2558969466604106889,0,0
thebronzehacker,2555017018923427281,0,0
thebronzehacker,2538647292132200697,0,0
thebronzehacker,2536972713047574377,0,0
thebronzehacker,2532560987451486624,0,0
thebronzehacker,2523137507978283955,0,0
thebronzehacker,2522617589251825569,0,0
theboringstuffs,2475513548611136939,0,0
theboringstuffs,2474845630747515730,0,0
theboringstuffs,2474064161305506550,0,0
theboringstuffs,2473309064640134220,0,0
theboringstuffs,2472614325762817571,0,0
theboringstuffs,2471889819222578496,0,0
theboringstuffs,2471165010632533720,0,0
theboringstuffs,2470440235513852975,0,0
theboringstuffs,2469560125093360954,0,0
theboringstuffs,2467603982825281618,0,0
theboringstuffs,2466846453782521920,0,0
theboringstuffs,2466695291703734722,0,0
the.blur.code,2550444860354052601,0,0
the.blur.code,2544700647173902121,0,0
the.blur.code,2534782504792921298,0,1
the.blur.code,2534146990687520342,0,0
the.blur.code,2524275071970601355,0,0
the.blur.code,2379689678650283226,0,0
the.blur.code,2376192965109778528,0,0
the.blur.code,2348710822347271857,0,0
the.blur.code,2346643832140732964,0,0
the.blur.code,2346085491979064887,0,0
the.blur.code,2344215722535424615,0,0
the.blur.code,2344185699799851985,0,0
tortugacoders,2301652342573083860,0,0
tortugacoders,2261421567462377335,0,0
tortugacoders,2260692800592859781,0,0
tortugacoders,2259968178247373726,0,0
tortugacoders,2259243463232780674,0,0
tortugacoders,2257250226412868064,0,0
tortugacoders,2255649566099466954,0,0
tortugacoders,2252812081684464497,0,0
tortugacoders,2247888672097814411,0,0
tortugacoders,2245623663338627051,0,0
tortugacoders,2244687335136285992,0,0
tortugacoders,2244173930313991721,0,0
three_headed,2801088850990271038,0,0
three_headed,2799095674429782132,0,0
three_headed,2791954159987427029,0,0
three_headed,2791835124843025635,0,0
three_headed,2786804575288734971,0,0
three_headed,2785294666990079437,0,0
three_headed,2785212758029412930,0,0
three_headed,2785160557449903902,0,0
three_headed,2760544217377666580,0,1
three_headed,2758533319619903615,0,1
three_headed,2748316809873121838,0,0
three_headed,2718570843996533432,0,0
we_code_050,2589167407659394809,0,0
we_code_050,2489163387947224917,0,0
we_code_050,2480756369821634240,0,0
we_code_050,2479359740484786004,0,1
we_code_050,2474726491934610420,0,0
we_code_050,2473551044202742889,0,0
we_code_050,2471638805074131487,0,0
we_code_050,2470270966236805083,0,0
we_code_050,2468497035825886165,0,0
we_code_050,2467032673093216939,0,0
we_code_050,2466251767189378887,0,0
we_code_050,2465539973441619566,0,0
websiteacademy.ir,2572611642672415226,0,0
websiteacademy.ir,2566297892127904936,0,0
websiteacademy.ir,2566268618536698987,0,0
websiteacademy.ir,2564129776478919630,0,0
websiteacademy.ir,2564116775092621916,0,0
websiteacademy.ir,2563413422213953041,0,0
websiteacademy.ir,2563403749217712662,0,0
websiteacademy.ir,2563396260153525205,0,0
websiteacademy.ir,2563391108608713846,0,0
websiteacademy.ir,2563381502545390501,0,0
websiteacademy.ir,2563371997732361567,0,0
websiteacademy.ir,2563365833078724829,0,0
webdevelopment.projects,2690078436265111596,0,0
webdevelopment.projects,2689869068899832227,0,0
webdevelopment.projects,2689414164107416088,0,0
webdevelopment.projects,2689137468859903238,0,0
webdevelopment.projects,2688697403473016225,0,0
webdevelopment.projects,2688406023589637200,0,0
webdevelopment.projects,2687647441365635757,0,0
webdevelopment.projects,2687156532970533215,0,0
webdevelopment.projects,2685038772694280714,0,0
webdevelopment.projects,2684900032708222055,0,0
webdevelopment.projects,2684050640968549063,0,0
webdevelopment.projects,2682906438201034116,0,0
web_andro,2378436308064097307,0,0
web_andro,2376275654452511183,0,0
web_andro,2375391564308311141,0,0
web_andro,2374681193947658515,0,0
web_andro,2374205082788867784,0,0
web_andro,2373378756548850147,0,0
web_andro,2372472624473174550,0,0
web_andro,2371825686308329726,0,0
web_andro,2371171190301408109,0,0
web_andro,2370866015854547448,0,0
web_andro,2370296678848625086,0,0
web_andro,2369547416141364985,0,0
wearedrawpi,2419284741783036156,0,0
wearedrawpi,2418467212382707368,0,0
wearedrawpi,2409048459647671632,0,0
wearedrawpi,2407592534109871656,0,0
wearedrawpi,2406212272398775143,0,0
wearedrawpi,2404685701041008832,0,0
wearedrawpi,2403606464838228732,0,0
wearedrawpi,2399688091968244609,0,0
wearedrawpi,2396296923431642912,0,0
wearedrawpi,2395164577970001988,0,0
wearedrawpi,2393299440245989543,0,0
wearedrawpi,2392455194211412735,0,0
vitgravitas,2439834070918975499,0,1
vitgravitas,2439833516851503227,0,1
vitgravitas,2439833114332403199,0,1
vitgravitas,2411688325636491555,0,0
vitgravitas,2411687009791224136,0,0
vitgravitas,2411620906050141395,0,0
vitgravitas,2411602553151519636,0,0
vitgravitas,2411600778398921189,0,0
vitgravitas,2411599355858857620,0,0
vitgravitas,2411244390166439678,0,0
vitgravitas,2411225540007831303,0,0
vitgravitas,2411224203375498223,0,0
villagedotng,2516789407518231392,0,0
villagedotng,2515370993939548281,0,0
villagedotng,2509507674741660602,0,0
villagedotng,2506736928902503445,0,0
villagedotng,2505248261990182238,0,0
villagedotng,2504596424786107297,0,0
villagedotng,2501065762279905984,0,0
villagedotng,2450180269598403301,0,0
villagedotng,2439214920044625902,0,0
villagedotng,2437212075309020916,0,0
villagedotng,2429889306107954468,0,0
villagedotng,2428393860160241256,0,0
vikasuid,2610425064638639744,0,0
vikasuid,2603878181245908661,0,0
vikasuid,2603128694361569521,0,0
vikasuid,2602871282249533232,0,0
vikasuid,2600144706919641897,0,0
vikasuid,2596544584096080038,0,0
vikasuid,2594116204529243941,0,0
vikasuid,2593542306058383740,0,0
vikasuid,2584887073325374286,0,0
vikasuid,2583913887406271465,0,0
vikasuid,2583537601429140531,0,0
vikasuid,2582518134049975621,0,0
veganguywhocodes,2366572239479913546,0,0
veganguywhocodes,2361230079088015963,0,0
veganguywhocodes,2333980881452193366,0,0
veganguywhocodes,2325026882715815680,0,0
veganguywhocodes,2318275681647329208,0,0
veganguywhocodes,2316179871430246377,0,0
veganguywhocodes,2315390390078949310,0,0
veganguywhocodes,2306371979466308331,0,0
veganguywhocodes,2305566032603088979,0,0
veganguywhocodes,2297674306055877395,0,0
veganguywhocodes,2295366567355118113,0,0
veganguywhocodes,2294769723541291687,0,0
uspcodelab,2596988316654289777,0,0
uspcodelab,2582308834823815023,0,1
uspcodelab,2470052747765200316,0,1
uspcodelab,2401148304253967900,0,0
uspcodelab,2398898074157558127,0,0
uspcodelab,2396769222782180874,0,0
uspcodelab,2392637612805674577,0,0
uspcodelab,2385141535391350394,0,0
uspcodelab,2383869872951326970,0,0
uspcodelab,2358998091338062005,0,0
uspcodelab,2357110936948772305,0,0
uspcodelab,2354829522538628245,0,0
unboxingstartups,2610206837837829798,0,0
unboxingstartups,2609457368099944667,0,0
unboxingstartups,2609059988775036732,0,0
unboxingstartups,2608748466861406833,0,0
unboxingstartups,2608254978138944764,0,0
unboxingstartups,2608057216646680461,0,0
unboxingstartups,2607598023003298273,0,0
unboxingstartups,2607328093829670537,0,0
unboxingstartups,2606853239636561087,0,0
unboxingstartups,2606624357130025976,0,0
unboxingstartups,2606179437114041538,0,0
unboxingstartups,2606037569177001319,0,0
twintecs,2483709114891430175,0,0
twintecs,2481568146876736856,0,0
twintecs,2480822009026718584,0,0
twintecs,2479943361663030273,0,0
twintecs,2479151812972703983,0,0
twintecs,2478411509475230208,0,0
twintecs,2477703367858767091,0,0
twintecs,2477071439136629897,0,0
twintecs,2475525514304120291,0,0
twintecs,2473377514454538597,0,0
twintecs,2472628180754754225,0,0
twintecs,2472008681668099440,0,0
turkishaihub,2608909428578504827,0,0
turkishaihub,2608333502607861384,0,0
turkishaihub,2608133612615607328,0,1
turkishaihub,2607445471015488613,0,0
turkishaihub,2606787733918572559,0,0
turkishaihub,2605942976128781165,0,1
turkishaihub,2604512804013943738,0,1
turkishaihub,2603727709267154601,0,0
turkishaihub,2603104864912675146,0,0
turkishaihub,2602643074154012912,0,0
turkishaihub,2601790795381254598,0,0
turkishaihub,2600976087329869817,0,1
wwcodekingston,2322018621636816067,0,1
wwcodekingston,2296784245714290467,0,1
wwcodekingston,2285964581308287351,0,1
wwcodekingston,2283556747790719762,0,0
wwcodekingston,2281550541983137865,0,0
wwcodekingston,2279933115692698704,0,0
wwcodekingston,2272673346413937286,0,0
wwcodekingston,2270723613680273749,0,0
wwcodekingston,2268390103405626264,0,0
wwcodekingston,2267812777391387042,0,0
wwcodekingston,2266969650682199098,0,0
wwcodekingston,2266247698221087531,0,0
women.dev,2548761145418757603,1,1
women.dev,2547307629642797826,0,0
women.dev,2545109049582712198,0,0
women.dev,2544658631069182040,0,1
women.dev,2544633278497826612,0,0
women.dev,2544485294862869301,0,0
women.dev,2544422331464531750,0,0
women.dev,2544401673174987804,0,0
women.dev,2537226324088253235,0,0
women.dev,2537162286604049378,0,0
women.dev,2536690995229012051,0,0
women.dev,2528780797553502051,0,0
adhoc_networks,2282912698821844733,0,0
adhoc_networks,2281442560624907920,0,0
adhoc_networks,2279914891148022768,0,0
adhoc_networks,2278533557909487080,0,0
adhoc_networks,2277744831331736781,0,0
adhoc_networks,2276950314315926235,0,0
adhoc_networks,2276250646929841368,0,0
adhoc_networks,2274913069744435151,0,0
adhoc_networks,2273845960474064183,0,0
adhoc_networks,2273154593498192772,0,0
adhoc_networks,2272662682756750126,0,0
adhoc_networks,2271839008852110384,0,0
abhirules27,2737422190226891041,0,0
abhirules27,2624710462887833883,0,0
abhirules27,2624709874963906964,0,0
abhirules27,2624707881151014498,0,0
abhirules27,2576894649678255910,0,0
abhirules27,2567775669411706101,0,0
abhirules27,2460777368683031106,0,0
abhirules27,2423841802446399143,0,0
abhirules27,2422623952113068486,0,1
abhirules27,2416318558861495455,0,0
abhirules27,2410765991083378689,0,1
abhirules27,2404988743080293623,0,0
3coder,2609698963800915483,0,1
3coder,2609692738816222108,0,0
3coder,2609491947098618888,0,0
3coder,2609436359442457343,0,0
3coder,2609366802120009752,0,0
3coder,2609051815023308578,0,1
3coder,2609044998583033470,0,1
3coder,2609015501334903338,0,0
3coder,2608918885215230031,0,0
3coder,2608769939473720840,0,0
3coder,2608733310038186867,0,1
3coder,2608668218768503412,0,0
ai.tweets,2589443329318146569,0,0
ai.tweets,2579820216678708549,0,0
ai.tweets,2577036415523269462,0,0
ai.tweets,2537696381339822471,0,0
ai.tweets,2535905250524391135,0,0
ai.tweets,2507664425453035414,0,0
ai.tweets,2506145762539393435,0,0
ai.tweets,2502559452583047730,0,0
ai.tweets,2494545485470237757,0,0
ai.tweets,2493792830418371414,0,0
ai.tweets,2492361019536676621,0,0
ai.tweets,2491630050898738439,0,0
aios.official,2557284948161984820,0,0
aios.official,2557189017500590291,0,0
aios.official,2556422091094468045,0,0
aios.official,2550265605347819399,0,0
aios.official,2546504204363863585,0,0
aios.official,2545529982038603847,0,0
aios.official,2544329163517818660,0,0
aios.official,2522417755356248102,0,0
aios.official,2506015292499879654,0,0
aios.official,2506014584811714305,0,0
aios.official,2506013830835307792,0,0
aios.official,2506012866178722957,0,0
ai_machine_learning,2608695221874020259,0,0
ai_machine_learning,2608063951330566062,0,0
ai_machine_learning,2607357657917171680,0,0
ai_machine_learning,2607259331645525287,0,0
ai_machine_learning,2606767998015178079,0,0
ai_machine_learning,2606676190144910139,0,0
ai_machine_learning,2606546719102319522,0,0
ai_machine_learning,2605883694783525713,0,0
ai_machine_learning,2604505095945857286,0,0
ai_machine_learning,2604367439886849835,0,0
ai_machine_learning,2603869244534636868,0,0
ai_machine_learning,2603845840695911287,0,0
ahujasid,2431466338557271283,0,0
ahujasid,2316255828313036921,0,1
ahujasid,2302843001251918116,0,1
ahujasid,2246661582208073939,0,0
ahujasid,2242270390649279166,0,0
ahujasid,2138675111199633132,0,0
ahujasid,2129718008996793548,0,1
ahujasid,2128509617255742611,0,1
ahujasid,2071844955848437441,0,1
ahujasid,2061086228883040823,0,1
ahujasid,2050285116866397474,0,0
ahujasid,1922610197289809349,0,0
ahmadfarajiir,2769596991184817200,0,1
agence_consultoria,2607618110338281768,0,0
agence_consultoria,2606076164808528524,0,0
agence_consultoria,2603834327783874196,0,0
agence_consultoria,2603273714468756512,0,0
agence_consultoria,2602550517758794799,0,0
agence_consultoria,2600971856668744538,0,0
agence_consultoria,2598954753522469934,0,0
agence_consultoria,2597416768633258833,0,0
agence_consultoria,2595951955675568590,0,0
agence_consultoria,2592493121959101863,0,0
agence_consultoria,2570697395562421904,0,0
agence_consultoria,2557765826883609161,0,0
_aellli,2664012185064140536,0,0
_aellli,2662005633636635110,0,0
_aellli,2658445578480768360,0,0
_aellli,2657007243224735618,0,0
_aellli,2656268849049841663,0,0
_aellli,2555496006108719067,0,1
_aellli,2476984697810030936,0,1
_aellli,2473641239690527521,0,0
_aellli,2468851750305132092,0,1
_aellli,2467846434054727513,0,1
_aellli,2463429653684088556,0,0
_aellli,2458273581692425205,0,0
angrycoders,2453195309519932494,0,0
angrycoders,2447456055190453894,0,0
angrycoders,2421455201971100479,0,0
angrycoders,2418798733543088310,0,0
angrycoders,2418251276704056458,0,0
angrycoders,2413411461809484282,0,0
angrycoders,2412342604663585932,0,0
angrycoders,2410459281125040467,0,0
angrycoders,2408723698363327729,0,0
angrycoders,2407235179014909937,0,0
angrycoders,2405141487928017231,0,0
angrycoders,2390249367049540694,0,0
androidbreakdown,2772571493190857400,0,1
androidbreakdown,2762947584643701614,0,0
androidbreakdown,2762222730638276807,0,0
androidbreakdown,2762222718433054452,0,0
androidbreakdown,2762222548119068436,0,0
androidbreakdown,2762222538228865765,0,0
androidbreakdown,2746096509348985665,0,0
androidbreakdown,2745371809475845093,0,0
androidbreakdown,2744646784863463111,0,0
androidbreakdown,2743921971593246294,0,0
androidbreakdown,2743197467007100844,0,0
androidbreakdown,2742472637001578072,0,0
analyticsindiamagazine,2608878492045934811,0,0
analyticsindiamagazine,2607976540877441596,0,0
analyticsindiamagazine,2607508540504398067,0,0
analyticsindiamagazine,2607257037445036941,0,0
analyticsindiamagazine,2606783315604956018,0,0
analyticsindiamagazine,2606530392832843475,0,0
analyticsindiamagazine,2606060435279891903,0,0
analyticsindiamagazine,2605807239978473947,0,0
analyticsindiamagazine,2605356169150040415,0,0
analyticsindiamagazine,2605104042581810095,0,0
analyticsindiamagazine,2604581797678254979,0,0
analyticsindiamagazine,2604456843682827531,0,0
amin.rz3,2774619605701255286,0,1
amin.rz3,2765179757754937431,0,1
amin.rz3,2762288254363683264,0,1
amin.rz3,2754805213602377806,0,0
amin.rz3,2744866533583322022,0,1
amin.rz3,2544709928264408415,0,0
amin.rz3,2393909464921806548,0,1
amin.rz3,2314229703203867779,0,0
amin.rz3,2312017522079494802,0,1
ambkcrypto,2685967621801803436,0,0
ambkcrypto,2684450376009251042,0,0
ambkcrypto,2682428845842600048,0,0
ambkcrypto,2680262886509855673,0,0
ambkcrypto,2679576519203929150,0,0
ambkcrypto,2678559150856070821,0,0
ambkcrypto,2677422187600581662,0,0
ambkcrypto,2675311965074804238,0,0
ambkcrypto,2674346869446097264,0,0
ambkcrypto,2673815166807822605,0,0
ambkcrypto,2673136592400446720,0,0
ambkcrypto,2672340259402686344,0,0
amandasvp,2609147984779000162,0,0
amandasvp,2602755431154913900,0,0
amandasvp,2601792267391187756,0,0
amandasvp,2599860971223977397,0,0
amandasvp,2599026734946287337,0,0
amandasvp,2591228310557338415,0,0
amandasvp,2588871383416472186,0,0
amandasvp,2588657179069520545,0,0
amandasvp,2586815384794877478,0,0
amandasvp,2581689575000078008,0,0
amandasvp,2580705444891994248,0,0
amandasvp,2572240814477847982,0,0
aluraonline,2607600408260455653,0,1
aluraonline,2606186831841319827,0,0
aluraonline,2603193134996755418,0,0
aluraonline,2602634598395801394,0,1
aluraonline,2601939791360830185,0,1
aluraonline,2601116442700530198,0,0
aluraonline,2597580844596374458,0,1
aluraonline,2596051629140925111,0,0
aluraonline,2593912460943896241,0,1
aluraonline,2590877980289235302,0,0
aluraonline,2587443974118007987,0,1
aluraonline,2585954704769214824,0,0
altsense_,2779390150228357757,0,1
altsense_,2773946648984217922,0,1
altsense_,2773587414027077417,0,1
altsense_,2772782621640347631,0,0
altsense_,2758770515901502660,0,1
altsense_,2755421389786534638,0,0
altsense_,2755022092951821838,0,0
altsense_,2753315113789333461,0,1
altsense_,2749682909576121903,0,0
altsense_,2748492811977545430,0,1
altsense_,2747457426157489733,0,1
altsense_,2743906400760403479,0,0
altalabshq,2524910356209698288,0,0
altalabshq,2508918048880497999,0,0
altalabshq,2507397096573037503,0,0
altalabshq,2465328160025472402,0,0
altalabshq,2365290399990590489,0,0
altalabshq,2360351361034674471,0,0
altalabshq,2336580046176113345,0,0
altalabshq,2329130707140926922,0,0
altalabshq,2321855705089671344,0,0
altalabshq,2318980846047248730,0,0
altalabshq,2316851293921450645,0,0
altalabshq,2316041929631362009,0,0
arun_career_mentor,2528361580905080576,0,0
arun_career_mentor,2527635341000836895,0,0
arun_career_mentor,2526873626403416265,0,0
arun_career_mentor,2526184586435968204,0,0
arun_career_mentor,2525468809315582616,0,0
arun_career_mentor,2524768556832702554,0,0
arun_career_mentor,2522603837380297798,0,0
arun_career_mentor,2521842230182263975,0,0
arun_career_mentor,2521145343183652751,0,0
arun_career_mentor,2520425413173752883,0,0
arun_career_mentor,2519699607388455880,0,0
arun_career_mentor,2518245849492098488,0,0
artificiumtech,2503441796009456977,0,0
artificiumtech,2502440885816437971,0,0
artificiumtech,2501826008341254677,0,0
artificiumtech,2500908083744638345,0,0
artificiumtech,2500159092979447543,0,0
artificiumtech,2499534403299044385,0,0
artificiumtech,2498830150054140169,0,0
artificiumtech,2495093927820932791,0,0
artificiumtech,2493761214073572229,0,0
artificiumtech,2492931937736375833,0,0
artificiumtech,2489436841695010287,0,0
artificiumtech,2343088140895407958,0,0
arthlight,2266472025941928003,1,0
arthlight,2262100070191310207,0,0
arthlight,2257713090049282430,0,0
arthlight,2255573629777699998,0,0
arthlight,2252574406675786893,0,0
arthlight,2249744794199411276,1,0
arthlight,2247574076573399859,1,0
arthlight,2246024920375136514,0,1
arthlight,2243258760025914916,0,1
arthlight,2240299442522188966,1,0
arthlight,2238873318814513814,0,1
arthlight,2238148702240318020,1,0
arshadworldwide,2634223958012977634,0,0
arshadworldwide,2631299749762122404,0,0
arshadworldwide,2622574204874399227,0,0
arshadworldwide,2602811947756108864,0,0
arshadworldwide,2601610012734635151,0,1
arshadworldwide,2599764709765183422,0,0
arshadworldwide,2577285627513257716,0,0
arshadworldwide,2575478560649416430,0,1
arshadworldwide,2572391094401056007,0,1
arshadworldwide,2571519801564635807,0,0
arshadworldwide,2570093137060226619,0,0
arshadworldwide,2567160889570896987,0,0
arpitcodes,2319814853223922581,0,0
arpitcodes,2262227533074507494,1,0
arpitcodes,2250171281456757223,0,0
arpitcodes,2225308049361390302,0,0
arpitcodes,2213936495725850632,1,0
arpitcodes,1988616583442300192,1,0
arpitcodes,1983605410728541535,1,0
arpitcodes,1977074802594674917,1,0
arpitcodes,1968298095561637756,1,0
arpitcodes,1960989060097191998,1,0
arpitcodes,1955969762068813306,1,0
arpitcodes,1950227438919630541,1,0
arkinfosoft,2605291306469864911,0,1
arkinfosoft,2601839979567681218,0,0
arkinfosoft,2563035222920732531,0,0
arkinfosoft,2561721851231508336,0,0
arkinfosoft,2560896597693077371,0,0
arkinfosoft,2560144528577385242,0,0
arkinfosoft,2556638888474972545,0,0
arkinfosoft,2555027251976659327,0,0
arkinfosoft,2552355203496156018,0,0
arkinfosoft,2550182822308550330,0,0
arkinfosoft,2546523223265272822,0,0
arkinfosoft,2544908568931499878,0,0
archisacademy,2780046377189771289,0,0
archisacademy,2779995311289945473,0,0
archisacademy,2779254800375626049,0,0
archisacademy,2778530220171445867,0,0
archisacademy,2777130618323087150,0,1
archisacademy,2776355727843278809,0,0
archisacademy,2775645454401109545,0,0
archisacademy,2774963662727824095,0,0
archisacademy,2774227235014168071,0,0
archisacademy,2773516848770179923,0,0
archisacademy,2772731003747580477,0,0
archisacademy,2772041161996772036,0,0
aptech._,2289087359796433729,0,0
aptech._,2288047193820654851,0,0
aptech._,2287614235532065030,0,0
aptech._,2286551296506865445,0,0
aptech._,2286492449618366576,0,0
aptech._,2285711746215486318,0,0
aptech._,2284938994934436573,0,0
aptech._,2284466622351551369,0,0
aptech._,2283743000574082146,0,0
aptech._,2283571703957398477,0,0
aptech._,2283001413049104036,0,0
aptech._,2282811133029046816,0,0
apptec.latam,2446648408081997814,0,0
apptec.latam,2440113473090373646,0,0
apptec.latam,2409721916258901272,0,0
apptec.latam,2409721620711936962,0,0
apptec.latam,2409721208479066111,0,0
apptec.latam,2403921952818591672,0,0
apptec.latam,2403921748262176695,0,0
apptec.latam,2403921513567711512,0,0
apptec.latam,2398220843235932496,0,0
apptec.latam,2398220546363194827,0,0
apptec.latam,2398220271426336942,0,0
apptec.latam,2388719440936335654,0,0
appsoluts,2609108977081077409,0,0
appsoluts,2608769421940578927,0,1
appsoluts,2607323985373776164,0,1
appsoluts,2605871310591086632,0,1
appsoluts,2603750258432800265,0,0
appsoluts,2602398759026863029,0,0
appsoluts,2600796010619204622,0,0
appsoluts,2598620793620772427,0,0
appsoluts,2597220601122233510,0,0
appsoluts,2595795781071260554,0,0
appsoluts,2595795589139925780,0,0
appsoluts,2595795399356138250,0,0
appsmaven,2671993356159513773,0,0
appsmaven,2669623253744763653,0,0
appsmaven,2669118176252784864,0,0
appsmaven,2668222671989633887,0,0
appsmaven,2667443051698828154,0,0
appsmaven,2666699720106510702,0,0
appsmaven,2664746670827640294,0,0
appsmaven,2664031549235016299,0,0
appsmaven,2663100330263518459,0,0
appsmaven,2662575691242190154,0,0
appsmaven,2661672999410194858,0,0
appsmaven,2659458627946204127,0,0
anuj.kumar.sharma,2598658397947031716,0,0
anuj.kumar.sharma,2588843140910978315,1,0
anuj.kumar.sharma,2586699169883604930,1,0
anuj.kumar.sharma,2579461731574523427,1,0
anuj.kumar.sharma,2575758629621098609,0,0
anuj.kumar.sharma,2570696465249480284,0,1
anuj.kumar.sharma,2559723456151522881,0,0
anuj.kumar.sharma,2545037707091225724,0,0
anuj.kumar.sharma,2544245849557695421,0,0
anuj.kumar.sharma,2542951846048636067,0,0
anuj.kumar.sharma,2542254164262899793,0,0
anuj.kumar.sharma,2542013485863427394,0,0
ayush07x,2639512043941885856,0,0
ayush07x,2584228311056923848,0,1
ayush07x,2518381850796250730,0,0
ayush07x,2516965214629497607,0,0
ayush07x,2472788125773124764,0,0
ayush07x,2465308082469683196,0,1
ayush07x,2453860453890315065,0,1
ayush07x,2452553450781902392,0,0
ayush07x,2440906994123710536,0,0
ayush07x,2438746157506133856,0,0
ayush07x,2435664501752974783,0,1
ayush07x,2418969955753099748,0,0
awescode,2564086150937661459,0,0
awescode,2563349115540876087,0,0
awescode,2562477036843227910,0,0
awescode,2561656808148271577,0,0
awescode,2556613033386379693,0,0
awescode,2555916137017777639,0,0
awescode,2555308881514248170,0,1
awescode,2551696327824350197,0,0
awescode,2548614214001239839,0,0
awescode,2544972037670274069,0,0
awescode,2542117557467447008,0,0
awescode,2541423001293844508,0,0
avilagoworld,2431743088861873528,0,1
avilagoworld,2429529733174615419,0,0
avilagoworld,2419913901729492912,0,0
avilagoworld,2414787247654841122,0,0
avilagoworld,2413534753821827146,0,0
avilagoworld,2409711246334354197,0,0
avilagoworld,2408349465910752594,0,0
avilagoworld,2404241000976111435,0,1
avilagoworld,2401027648254739277,0,1
avilagoworld,2399626866934634964,0,0
avilagoworld,2399624163208977837,0,0
avilagoworld,2395550488257668272,0,1
automationminds,2661591920091321640,0,0
automationminds,2656554984763300757,0,0
automationminds,2640639237616926041,0,0
automationminds,2636970255017848897,0,0
automationminds,2636967139933678937,0,0
automationminds,2631169869682073393,0,0
automationminds,2631167589801039192,0,0
automationminds,2631166716379320353,0,0
automationminds,2627757679639094955,0,0
automationminds,2621744691390246984,0,0
automationminds,2618827200393588107,0,0
automationminds,2617394804399770429,0,0
authority.digital,2453185669197833958,0,0
authority.digital,2301696343692787410,0,0
authority.digital,2301536850180888315,0,0
authority.digital,2301413756118449443,0,1
authority.digital,2301197933172530100,0,0
authority.digital,2300094807153639801,0,0
authority.digital,2299765948654902889,0,0
authority.digital,2298127002472789843,0,0
authority.digital,2298046481842491092,0,0
authority.digital,2297976251165570866,0,0
authority.digital,2296676799776929121,0,0
authority.digital,2296508024583288785,0,0
attar.nasrin91,2607298030922084366,0,1
attar.nasrin91,2599318676160554163,0,0
attar.nasrin91,2593161981898158310,0,0
attar.nasrin91,2591356591204026341,0,0
attar.nasrin91,2590586680760526101,0,0
attar.nasrin91,2587754312794230264,0,0
attar.nasrin91,2586418705337826211,0,0
attar.nasrin91,2586225067425083716,0,0
attar.nasrin91,2583656435314791651,0,1
attar.nasrin91,2580620902820782669,0,0
attar.nasrin91,2575399052750756635,0,0
attar.nasrin91,2568212040921955775,0,1
atherosai,2656136558453504139,0,0
atherosai,2651076401839390041,0,0
atherosai,2625675977717879189,0,1
atherosai,2623539359103981276,0,0
atherosai,2622693762008374817,0,0
atherosai,2621347057866426165,0,1
atherosai,2618466651278314967,0,1
atherosai,2606871799029685850,0,0
atherosai,2585115591700835564,0,0
atherosai,2582947477210819515,0,0
atherosai,2552490550240969045,0,0
atherosai,2550321983177358854,0,0
astaqcconsulting,2563391097569823178,0,0
astaqcconsulting,2476937276286962118,0,1
astaqcconsulting,2456132272269712844,0,1
astaqcconsulting,2360589257378050794,0,0
astaqcconsulting,2360562414501677327,0,0
astaqcconsulting,2359748368396600247,0,0
astaqcconsulting,2359138746535634468,0,0
astaqcconsulting,2357669675469748929,0,0
astaqcconsulting,2356806698420466191,0,0
astaqcconsulting,2356304436152282296,0,0
astaqcconsulting,2355295349853357186,0,0
astaqcconsulting,2354415580536305480,0,0
bigdataprincess,2607587165601742678,0,1
bigdataprincess,2602633129668484987,0,0
bigdataprincess,2572776423757247726,0,1
bigdataprincess,2570602325178413536,0,1
bigdataprincess,2563392180782410591,0,1
bigdataprincess,2556818824133458543,0,1
bigdataprincess,2555343773551002815,0,1
bigdataprincess,2553321749328664618,0,0
bigdataprincess,2550360860388343346,0,0
bigdataprincess,2536515936145236416,0,1
bigdataprincess,2535034285565259715,0,1
bigdataprincess,2532161215813103573,0,1
beyondthesketchltd,2664587561827798440,0,0
beyondthesketchltd,2663859232841533913,0,1
beyondthesketchltd,2662720310098850453,0,1
beyondthesketchltd,2638042523929141585,0,0
beyondthesketchltd,2537351985117392047,0,0
beyondthesketchltd,2526475481197430900,0,0
beyondthesketchltd,2522120591138363106,0,0
beyondthesketchltd,2509513444089286774,0,0
beyondthesketchltd,2507335359696755185,0,1
beyondthesketchltd,2501110853496161585,0,0
beyondthesketchltd,2499653139691673717,0,0
beyondthesketchltd,2496768946041094176,0,0
beyondhelloworld,2564531562818135671,0,0
beyondhelloworld,2558262721690892037,0,0
beyondhelloworld,2547787434876395527,0,0
beyondhelloworld,2543680643435438482,0,0
beyondhelloworld,2529341830265499901,0,0
beyondhelloworld,2510874420961137118,0,0
beyondhelloworld,2509017547375039764,0,0
beyondhelloworld,2507547796974935491,0,1
beyondhelloworld,2506109938410005792,0,1
beyondhelloworld,2504693220664893859,0,1
beyondhelloworld,2502494574241617754,0,1
beyondhelloworld,2501048667377716300,0,0
berta.codes,2681331468533349132,0,1
berta.codes,2676347190561801370,0,1
berta.codes,2675755222567769520,0,1
berta.codes,2674774276288254209,0,0
berta.codes,2673958777896513130,0,1
berta.codes,2672968657390505510,0,1
berta.codes,2671809782914177486,0,1
berta.codes,2671420521605828295,0,1
berta.codes,2670643086959131526,0,1
berta.codes,2670455963840017220,0,1
berta.codes,2668641596261558450,0,1
berta.codes,2667750141942970078,0,1
beginnerbugs,2383424536591820952,0,1
beginnerbugs,2382146975727512702,0,0
beginnerbugs,2346672948502532032,0,0
beginnerbugs,2301402645086297044,0,0
beginnerbugs,2294394192228674445,0,0
beginnerbugs,2294390619671423326,0,0
beginnerbugs,2293687908613325808,0,1
beginnerbugs,2290234609230793444,0,0
beginnerbugs,2236205050642865612,0,1
beginnerbugs,2221311638882052537,0,0
beginnerbugs,2206718579997511406,0,0
beginnerbugs,2206167433989917746,0,0
baystastic,2791524411129433189,0,0
baystastic,2790125466696119202,0,0
baystastic,2789462091951679160,0,1
baystastic,2788689036347210935,0,0
baystastic,2786495389798835027,0,0
baystastic,2786462455407113843,0,0
baystastic,2785746917230952018,0,0
baystastic,2785126235091159486,0,0
baystastic,2783633684546306044,0,0
baystastic,2780628923169582927,0,0
baystastic,2779266657468602498,0,0
baystastic,2774830914351592794,0,1
battlesnakeofficial,2604201899871025974,0,0
battlesnakeofficial,2596879281040905822,0,1
battlesnakeofficial,2596181533676329554,0,0
battlesnakeofficial,2588090469669202163,0,0
battlesnakeofficial,2585990156120468040,0,0
battlesnakeofficial,2580910669779268145,0,0
battlesnakeofficial,2580193453396885254,0,1
battlesnakeofficial,2577990537516821373,0,1
battlesnakeofficial,2576583646701210745,0,0
battlesnakeofficial,2572982464746310118,0,1
battlesnakeofficial,2567806396447186785,0,0
battlesnakeofficial,2567114906435790573,0,0
baspixels,2417676147824495430,0,0
baspixels,2386435778528953221,0,1
baspixels,2365594788130152499,0,1
baspixels,2353624902457846369,0,0
baspixels,2349584087997612968,0,1
baspixels,2341235257979844457,0,1
baspixels,2336596406300794124,0,1
baspixels,2293012929975227084,0,1
baspixels,2271658419930982638,0,1
baspixels,2268417785996651825,0,0
baspixels,2267429613796051980,0,0
baspixels,2266271391198307565,0,0
bart.code,2458573370527104532,0,0
bart.code,2455008238526107931,0,0
bart.code,2397992225490478996,0,0
bart.code,2396966971901149231,0,0
bart.code,2396173277807532072,0,0
bart.code,2395452932469301790,0,0
bart.code,2388103499390082209,0,0
bart.code,2385739209769103901,0,0
bart.code,2385067869168799790,0,0
bart.code,2383567113559309658,0,0
bart.code,2382741932716819376,0,0
bart.code,2382410905628619545,0,0
blondiebytes,2770890929060650087,0,0
blondiebytes,2769336941468212220,0,0
blondiebytes,2768471315843099258,0,0
blondiebytes,2761233948367160713,0,0
blondiebytes,2759074263597979157,0,0
blondiebytes,2734434323035637350,0,0
blondiebytes,2731607924099476012,0,0
blondiebytes,2729415776222321800,0,0
blondiebytes,2728027782353595779,0,0
blondiebytes,2719201006369063706,0,1
blondiebytes,2709203479529145830,0,0
blondiebytes,2707960002517220762,0,0
blogkafem,2322042989880713730,0,0
blogkafem,2303458519648890926,0,0
blogkafem,1920738968639493373,0,0
blogkafem,1860537397394482915,0,0
blogkafem,1845707194541518835,0,0
blogkafem,1840134081452786708,0,1
blogkafem,1840129950592001868,0,1
blogkafem,1839036199814528477,0,0
blogkafem,1838769166002532011,0,0
blogkafem,1796273345776718123,0,0
blogkafem,1778461371315558516,0,1
blogkafem,1749226288788385798,0,0
blexinsrl,2607407521475199344,0,0
blexinsrl,2602334044212776802,0,0
blexinsrl,2600884513399657273,0,0
blexinsrl,2598710396022120026,0,0
blexinsrl,2597260720495285731,0,0
blexinsrl,2595811101602215336,0,0
blexinsrl,2593818203250178566,0,0
blexinsrl,2592172055277496597,0,0
blexinsrl,2583655891365223497,0,0
blexinsrl,2582040421597264174,0,0
blexinsrl,2578416545192868114,0,0
blexinsrl,2576966916429390341,0,0
black_coders,2607705313684350813,0,0
black_coders,2606140340948643950,0,0
black_coders,2606097511618648205,0,0
black_coders,2601758058896864949,0,0
black_coders,2601128666705378060,0,1
black_coders,2599654112753577417,0,0
black_coders,2598860737469073381,0,0
black_coders,2595916927214702886,0,0
black_coders,2593789508135625245,0,0
black_coders,2593162108674686665,0,0
black_coders,2591627493060487469,0,0
black_coders,2591622164315592368,0,0
bitsof_jarvis,2437373162325952799,0,1
bitsof_jarvis,2425117145564108612,0,0
bitsof_jarvis,2397070984004953301,0,1
bitsof_jarvis,2391391456087676358,0,0
bitsof_jarvis,2365616103717101737,0,0
bitsof_jarvis,2361602632788832298,0,0
bitsof_jarvis,2360861189732305092,0,0
bitsof_jarvis,2360117308577356265,1,0
bitsof_jarvis,2337410789083722810,0,0
bitsof_jarvis,2337410397092482449,0,0
bitsof_jarvis,2337409830064725417,0,0
bitsof_jarvis,2337020890677616488,0,0
bitmagicgroup,2535941232502195286,0,0
bitmagicgroup,2535224466884981636,0,0
bitmagicgroup,2535061477691099489,0,0
bitmagicgroup,2534453789688991563,0,0
bitmagicgroup,2534014155326716437,0,0
bitmagicgroup,2533994633928610404,0,0
bitmagicgroup,2533491342303962781,0,0
bitmagicgroup,2532871820433725644,0,0
bitmagicgroup,2532791095458092454,0,0
bitmagicgroup,2530947559708190882,0,0
bitmagicgroup,2530907427257164520,0,0
bitmagicgroup,2530885984347532491,0,0
bitexpertuae,2608859980761981430,0,0
bitexpertuae,2601707704121518135,0,0
bitexpertuae,2555497808434273189,0,1
bitexpertuae,2549653451516925297,0,0
bitexpertuae,2548008461694900584,0,0
bitexpertuae,2547390109792116010,0,0
bitexpertuae,2471943539118890971,0,1
bitexpertuae,2470504057274481311,0,0
bitexpertuae,2442737964854438034,0,0
bitexpertuae,2442698970947118946,0,1
bitexpertuae,2398967279426507096,0,0
bitexpertuae,2375801470743232635,0,0
bingebots,2380521794319839980,0,0
bingebots,2380467358503288752,0,1
bingebots,2345306503549836350,0,0
bingebots,2336307475646875995,0,0
bingebots,2332927218885370104,0,0
bingebots,2332873444720430034,0,0
bingebots,2325590434056836741,0,0
bingebots,2322616034693211729,0,0
bingebots,2320301312459269407,0,0
bingebots,2319632069917107018,0,0
bingebots,2318156831287120994,0,0
bingebots,2316950930668574554,0,0
binary.breaker,2598017037979623417,0,0
binary.breaker,2420667189224904414,0,0
binary.breaker,2352193213272464059,0,0
binary.breaker,2351430985611013920,0,0
binary.breaker,2350075368506078181,0,0
binary.breaker,2332783055356695519,0,0
binary.breaker,2332746821712323216,0,0
binary.breaker,2325650621683154618,0,0
binary.breaker,2325545444425355668,0,1
binary.breaker,2323628407777559181,0,0
binary.breaker,2322892107181131682,0,0
binary.breaker,2315301032118277701,0,0
cads_tedu,2609036810548764432,0,0
cads_tedu,2607651716647082133,0,0
cads_tedu,2606182741418539753,0,0
cads_tedu,2604585261501479743,0,0
cads_tedu,2603233720244675248,0,0
cads_tedu,2601811094150414992,0,0
cads_tedu,2599437984159902966,0,0
cads_tedu,2597424151530610483,0,0
cads_tedu,2595993846538226007,0,0
cads_tedu,2589294479483818471,0,0
cads_tedu,2588044327850777341,0,0
cads_tedu,2587239944825236972,0,0
bullesoft,2400164622257615721,0,0
bullesoft,2395743738163259021,0,0
bullesoft,2394297721400127732,0,0
bullesoft,2392999397791997822,0,0
bullesoft,2390682186876206658,0,0
bullesoft,2389903784376514701,0,0
bullesoft,2389208564194323666,0,0
bullesoft,2388495426046083396,0,0
bullesoft,2384210557459577346,0,0
bullesoft,2382672391703597053,0,0
bullesoft,2379148602394807821,0,0
bullesoft,2377629414446719921,0,0
budding_coders,2533728900938151015,0,0
budding_coders,2458353420243963074,0,1
budding_coders,2423517791144400053,0,0
budding_coders,2399361564328313233,0,0
budding_coders,2387150999367280838,0,0
budding_coders,2384189867509717392,0,0
budding_coders,2376979079774616887,0,0
budding_coders,2372622429517465281,0,0
budding_coders,2369142924561567605,0,0
budding_coders,2364735257449454135,0,0
budding_coders,2361084957798943145,0,0
budding_coders,2357424064426804486,0,0
challengers.sahyadri,2558273104071074546,0,0
challengers.sahyadri,2540107355552877606,1,0
challengers.sahyadri,2526866791340569928,0,0
challengers.sahyadri,2522734056770496765,0,0
challengers.sahyadri,2508959472296554788,1,1
challengers.sahyadri,2503811596687914824,1,1
challengers.sahyadri,2490808627004581885,1,0
challengers.sahyadri,2480454730578844977,1,0
challengers.sahyadri,2477748514727611259,0,0
challengers.sahyadri,2451493155981710961,0,0
challengers.sahyadri,2403207688660344373,0,0
challengers.sahyadri,2310189073560908085,1,0
cforcoding,2633341325278584893,0,0
cforcoding,2631892368870551409,0,0
cforcoding,2631160911864739448,0,0
cforcoding,2524597519648967357,0,0
cforcoding,2468877372544486478,0,0
cforcoding,2468129528233330301,0,0
cforcoding,2466672768717077943,0,0
cforcoding,2464509150831566897,0,0
cforcoding,2463786232648499381,0,0
cforcoding,2455086604558227388,0,0
cforcoding,2453628657021874437,0,0
cforcoding,2448623591785274633,0,0
cecropiacolombia,2609770591878949670,0,0
cecropiacolombia,2607630655214848087,0,1
cecropiacolombia,2606995353302904470,0,0
cecropiacolombia,2606284508071697597,0,0
cecropiacolombia,2603856299066147485,0,1
cecropiacolombia,2603282747325046795,0,0
cecropiacolombia,2602649324798223102,0,1
cecropiacolombia,2601208713120594187,0,0
cecropiacolombia,2600381982457621472,0,0
cecropiacolombia,2599119842401569613,0,1
cecropiacolombia,2599005676746775988,0,0
cecropiacolombia,2597553187761441500,0,0
cecropiasolutions,2609099944420469242,0,0
cecropiasolutions,2607749547226923948,0,1
cecropiasolutions,2607052034069569928,0,0
cecropiasolutions,2606747590362739332,0,0
cecropiasolutions,2604636771826107762,0,1
cecropiasolutions,2603374297493811071,0,0
cecropiasolutions,2602655272321220957,0,1
cecropiasolutions,2601682551399559681,0,0
cecropiasolutions,2600511731352602167,0,0
cecropiasolutions,2599838591303731861,0,0
cecropiasolutions,2598938104224185550,0,1
cecropiasolutions,2598083267773105037,0,0
copysolo_,2355246989870422987,1,0
copysolo_,2354732353358363289,1,0
copysolo_,2349493619973049398,1,0
copysolo_,2346742491170718462,1,0
copysolo_,2346061058244525141,0,0
copysolo_,2326338563245573562,0,1
copysolo_,2318527027504466015,0,0
copysolo_,2313419806313511668,0,0
copysolo_,2311899759646554812,0,0
copysolo_,2308894941126485986,0,0
copysolo_,2303817768573147443,0,0
copysolo_,2300214211615307701,0,0
convergence.ai,2554658789965008125,0,0
convergence.ai,2552940172337953695,0,1
convergence.ai,2551671912174809008,0,0
convergence.ai,2550462416240929650,0,0
convergence.ai,2548946146907461754,0,0
convergence.ai,2506169316182242336,0,0
convergence.ai,2504305680404729734,0,1
convergence.ai,2497457565110444258,1,0
convergence.ai,2467716323087938941,0,0
convergence.ai,2467681735212924014,0,0
convergence.ai,2452992519744786029,0,0
convergence.ai,2451512793981322958,0,0
control_shifter,2431472702423304088,0,0
control_shifter,2430750725324916312,0,0
control_shifter,2430600993696905780,0,0
control_shifter,2429997419694531612,0,0
control_shifter,2429277953104848249,0,0
control_shifter,2428578666327045067,0,0
control_shifter,2427863435296571833,0,0
control_shifter,2427112150490288028,0,0
control_shifter,2426400197811813108,0,0
control_shifter,2425702305908198011,0,0
control_shifter,2424939811992299569,0,0
control_shifter,2424211578862852895,0,0
conceptlz.ae,2603675175591741759,0,0
conceptlz.ae,2601703784973668178,0,0
conceptlz.ae,2600286737168047008,0,0
conceptlz.ae,2600036685991519921,0,0
conceptlz.ae,2598109088126675672,0,0
conceptlz.ae,2573279817118338880,0,0
conceptlz.ae,2335924851717882033,0,0
conceptlz.ae,2316025670630974277,0,0
conceptlz.ae,2293684844206780704,0,0
conceptlz.ae,2287977476278015760,0,0
conceptlz.ae,2284992751519391054,0,0
conceptlz.ae,2282823054719768851,0,0
computermems,2606151771181954916,0,0
computermems,2469160162997553888,0,1
computermems,2468459008873288078,0,1
computermems,2467620105668927305,0,1
computermems,2466932473360282014,0,0
computermems,2462650086174317177,0,1
computermems,2458185740610260818,0,0
computermems,2456129819616834913,0,1
computermems,2448885935509690054,0,0
computermems,2448884938406113769,0,1
computermems,2448880960796635895,0,0
computermems,2440058984749706359,0,0
compiler_geek,2608962798111862273,0,0
compiler_geek,2608238356465283815,0,0
compiler_geek,2607513355634338609,0,0
compiler_geek,2606788574626940694,0,0
compiler_geek,2606063868680508901,0,0
compiler_geek,2605339157908519662,0,0
compiler_geek,2541558545697656442,0,0
compiler_geek,2540833964095503738,0,0
compiler_geek,2540109354576242023,0,0
compiler_geek,2539384586327751848,0,0
compiler_geek,2538659519847429368,0,0
compiler_geek,2537934868754037040,0,0
cogni.wonk,2609536453213263367,0,0
cogni.wonk,2608706329539773135,0,0
cogni.wonk,2607996320747476621,0,0
cogni.wonk,2607271563798872122,0,0
cogni.wonk,2606774020087100241,0,0
cogni.wonk,2605822005724266645,0,0
cogni.wonk,2605097243207126691,0,0
cogni.wonk,2604372495098487653,0,0
cogni.wonk,2603647703983719149,0,0
cogni.wonk,2603225471008552069,0,0
cogni.wonk,2602439971905695854,0,0
cogni.wonk,2601700645504667350,0,0
_codoholic,2400729218397811031,0,0
_codoholic,2400258134456298666,0,0
_codoholic,2398074243846838815,0,0
_codoholic,2398058086297383250,0,0
_codoholic,2396354342178456911,0,0
_codoholic,2394845887856854318,0,0
_codoholic,2394303909188527162,0,0
_codoholic,2276879506176375433,0,0
_codoholic,2276848967843254541,0,0
_codoholic,2275264183295718589,0,0
_codoholic,2078965499391239386,0,0
_codoholic,2077784921170044545,1,0
coding.vibes,2666986210144909727,0,0
coding.vibes,2666144245945184925,0,0
coding.vibes,2661125979799362556,0,0
coding.vibes,2655994769395021745,0,0
coding.vibes,2655262204749100687,0,0
coding.vibes,2650152030833108198,0,0
coding.vibes,2649487758398518418,0,0
coding.vibes,2624820083604451082,0,0
coding.vibes,2620443717358333044,0,0
coding.vibes,2606037929584111020,0,0
coding.vibes,2605323508272456571,0,0
coding.vibes,2583593213051621040,0,0
coding_panda,2476080406001239761,0,0
coding_panda,2474611028114022535,0,0
coding_panda,2473884357832498290,0,0
coding_panda,2470253064276225513,0,0
coding_panda,2468871776487322054,0,0
coding_panda,2466644742570643792,0,0
coding_panda,2465924600018667196,0,0
coding_panda,2464464030941823520,0,0
coding_panda,2463752055697849762,0,0
coding_panda,2460143337588409294,0,0
coding_panda,2459390616090481675,0,0
coding_panda,2458680171583163377,0,0
codingmermaid,2684864520937258447,0,1
codingmermaid,2683588529531831582,0,1
codingmermaid,2682210644482841024,0,0
codingmermaid,2679837556081799976,0,0
codingmermaid,2679262475935300821,0,0
codingmermaid,2677006450326952764,0,0
codingmermaid,2664267459011451923,0,0
codingmermaid,2659653554333579231,0,0
codingmermaid,2657439547833103591,0,0
codingmermaid,2654691937286578647,0,0
codingmermaid,2653794269737288895,0,0
codingmermaid,2652494560372536970,0,0
coding._memes,2341503569435514090,0,0
coding._memes,2338706027555364642,0,0
coding._memes,2334043405279275602,0,0
coding._memes,2331146127707089726,0,0
coding._memes,2329746042096141295,0,0
coding._memes,2327797717834777941,0,0
coding._memes,2321737112854146356,0,0
coding._memes,2316923708184343607,0,0
coding._memes,2316222932260501679,0,0
coding._memes,2312488292932660605,0,0
coding._memes,2309602774905662458,0,0
coding._memes,2308994630487736253,0,0
codingget,2538177745805757354,0,1
codingget,2536701527394747915,0,1
codingget,2535254580494407355,0,0
codingget,2531653302753170711,0,0
codingget,2530901851038846167,0,1
codingget,2530200806192319159,0,0
codingget,2529468112370254395,0,0
codingget,2528031412859225442,0,1
codingget,2526546574407063842,0,0
codingget,2525118271548583186,0,1
codingget,2522937291442369866,0,0
codingget,2521508387506663467,0,1
codingerror,2599948537853557171,0,0
codingerror,2599473452780762272,0,0
codingerror,2596354141009876347,0,1
codingerror,2596350520151073336,0,0
codingerror,2594126661642331016,0,0
codingerror,2594121194979388316,0,0
codingerror,2592097353053920984,0,0
codingerror,2592078466707658534,0,0
codingerror,2587653273671247868,0,1
codingerror,2587652802499921731,0,0
codingerror,2587204872911463389,0,0
codingerror,2464690491229315881,0,0
codingcomplete,2300560322727214085,0,0
codingcomplete,2297540396483360366,0,0
codingcomplete,2295084562302326974,0,0
codingcomplete,2292495789590381188,0,0
codingcomplete,2291778361264857653,0,0
codingcomplete,2289737626009162479,0,0
codingcomplete,2288836587755428528,0,0
codingcomplete,2288558228300036772,0,0
codingcommanders,2431554832541313571,0,0
codingcommanders,2416340085193599612,0,1
codingcommanders,2387199733958684405,0,1
codingcommanders,2386563498911090914,0,0
codingcommanders,2372248685196173759,0,0
codingcommanders,2358895905165400686,0,0
codingcommanders,2353792338972849547,0,0
codingcommanders,2301596962610219610,0,0
codingcommanders,2267103984795612585,0,0
codingcommanders,2265742101281098037,0,0
codingcommanders,2255649055827002472,0,0
codingcommanders,2236484052414883875,0,0
coding_boy_,2669860480332319942,0,0
coding_boy_,2669134371466680004,0,0
coding_boy_,2668807948197679794,0,1
coding_boy_,2668369294890593716,0,0
coding_boy_,2667562285861445754,0,0
coding_boy_,2667372206078378561,0,0
coding_boy_,2666914624736362417,0,0
coding_boy_,2666561639878268058,0,0
coding_boy_,2665375712684466233,0,0
coding_boy_,2664562014269185777,0,0
coding_boy_,2664068517404444174,0,0
coding_boy_,2663757357867878055,0,0
coding_bees,2608254531704558942,0,0
coding_bees,2606060663835945287,0,0
coding_bees,2598928308151184720,0,1
coding_bees,2598925763332634413,0,1
coding_bees,2598924082918399501,0,1
coding_bees,2598922342860875796,0,1
coding_bees,2588078728652175725,0,0
coding_bees,2586441063309607523,0,0
coding_bees,2585802021878367702,0,0
coding_bees,2585791761587379085,0,0
coding_bees,2585181922016415496,0,0
coding_bees,2584342516141619468,0,0
codiens_,2688722738922988654,0,0
codiens_,2687270577160771509,0,0
codiens_,2686329688683965694,0,0
codiens_,2685079626188208225,0,0
codiens_,2684322312632047122,0,0
codiens_,2683616171639740952,0,0
codiens_,2674868340670237901,0,0
codiens_,2674306248694239997,0,0
codiens_,2672666272375160147,0,0
codiens_,2603015014731125810,0,0
codiens_,2579059744535713233,0,0
codiens_,2558025403138605047,0,0
codexcodepro,2388166249912998309,0,1
codexcodepro,2388107366035333516,0,0
codexcodepro,2365393090269071676,0,0
codexcodepro,2364668423925149814,0,0
codexcodepro,2363944182154021134,0,0
codexcodepro,2363218745375464098,0,0
codexcodepro,2362493570279310938,0,0
codexcodepro,2361814258748440612,0,1
codexcodepro,2361804020661944954,0,0
codexcodepro,2354702661915536966,0,1
codexcodepro,2350010464838474278,0,0
codexcodepro,2348195257927394681,0,0
codeweb.in,2571075259503623156,0,1
codeweb.in,2569200247617074715,0,0
codeweb.in,2535052424613127667,0,0
codeweb.in,2393779226697527668,0,0
codeweb.in,2385848075991206919,0,0
codeweb.in,2378567751192043284,0,1
codeweb.in,2374943751496935395,0,0
codeweb.in,2372707351179555358,0,1
codeweb.in,2368398938782023091,0,0
codeweb.in,2363351900306280088,0,0
codeweb.in,2361151509607658677,0,0
codeweb.in,2360462609545245522,0,0
code_trojan,2428985948621717060,0,1
code_trojan,2428562077804298046,0,0
code_trojan,2427822426663552541,0,1
code_trojan,2426987286454460029,0,0
code_trojan,2425551484801350214,0,0
code_trojan,2424279719626251499,0,0
code_trojan,2422743525822288162,0,0
code_trojan,2422058816406518165,0,0
code_trojan,2422042997966377200,0,1
code_trojan,2419118660858815040,0,0
code_trojan,2418387618627773931,0,0
code_trojan,2417372538154821301,0,0
codesthaan,2716754377687974136,0,1
codesthaan,2716322804025755465,0,0
codesthaan,2448546899750505721,0,0
codesthaan,2437932797176908466,0,0
codesthaan,2432892580527110658,0,0
codesthaan,2412605672576371394,0,0
codesthaan,2389406819580870773,0,0
codesthaan,2387962604304830769,0,0
codesthaan,2385786869477580903,0,0
codesthaan,2384387483736638796,0,1
codesthaan,2382881535662662249,0,0
codesthaan,2381987062988631059,0,1
code.sloth,2419242141152678514,0,0
code.sloth,2415616448442589945,0,0
code.sloth,2414894541044797493,0,0
code.sloth,2414138649567402604,0,0
code.sloth,2411055020243144669,0,0
code.sloth,2410261669168147827,0,0
code.sloth,2406786618116697963,0,0
code.sloth,2404595331338846235,0,0
code.sloth,2403899021644169480,0,1
code.sloth,2400983142593858060,0,0
code.sloth,2398893079051465702,0,0
code.sloth,2395239004502207286,0,0
codesimplify,2424009518159911903,0,0
codesimplify,2394420253235146796,0,0
codesimplify,2392746202070731093,0,0
codesimplify,2390512300140532874,0,0
codesimplify,2388371429525820803,0,0
codesimplify,2386595150237711302,0,0
codesimplify,2382564934456568562,0,0
codesimplify,2381102180432382608,0,0
codesimplify,2378476017446688706,1,0
codesimplify,2377508793208832871,0,0
codesimplify,2367613598845862417,1,0
codesimplify,2365231072030361173,0,0
coders.corner,2336418824569495130,0,0
coders.corner,2334565913786881549,1,0
coders.corner,2334553471342324652,0,0
coders.corner,2332050981191241063,0,0
coders.corner,2329831951760837872,0,0
coders.corner,2329447615622475123,0,0
coders.corner,2328743491503289213,0,0
coders.corner,2328383987070565227,0,0
coders.corner,2328086307954178910,1,0
coders.corner,2327979469560573494,0,0
coders.corner,2327978074383988761,0,0
coders.corner,2327949733027230278,1,0
coder_hub,2519591540322615884,0,0
coder_hub,2511864844941087867,0,0
coder_hub,2508870813533561861,0,0
coder_hub,2500341820467390171,0,0
coder_hub,2493558116940024171,0,0
coder_hub,2489970554640176075,0,1
coder_hub,2489306473767847154,0,0
coder_hub,2488754005279408407,0,0
coder_hub,2485528962462252056,0,0
coder_hub,2484955628963922085,0,0
coder_hub,2484061445428484805,0,0
coder_hub,2483588369259628488,0,0
coderasha,2603391293015757919,0,0
coderasha,2584525878294595228,0,0
coderasha,2583053964766215098,0,0
coderasha,2580538625280347421,0,0
coderasha,2579441994838144487,0,0
coderasha,2531422722459646745,0,0
coderasha,2522806001908941474,0,0
coderasha,2517891347898332668,0,0
coderasha,2516130781227799874,0,0
coderasha,2514156983523916266,0,0
coderasha,2512029094347213310,0,0
coderasha,2511220941707791093,0,0
codepower.io,2609096709418822189,0,0
codepower.io,2608260831826132442,0,0
codepower.io,2607537490110529648,0,0
codepower.io,2607535509669240866,0,0
codepower.io,2606778581359947677,0,0
codepower.io,2606352107616105416,0,1
codepower.io,2603901052525536604,0,0
codepower.io,2601743919377917888,0,0
codepower.io,2601148917929163966,0,0
codepower.io,2454003860096744225,0,0
codepower.io,2454001624734053616,0,0
codepower.io,2453999990524328191,0,0
codepeople,2608408989633710008,0,0
codepeople,2608311855100556695,0,0
codepeople,2603260575914832865,0,0
codepeople,2601084228501180861,0,0
codepeople,2598153907002516622,0,0
codepeople,2595947389490543052,0,0
codepeople,2593102176501756893,0,0
codepeople,2590891070748429491,0,0
codepeople,2588722773821403550,0,0
codepeople,2585921841057416191,0,0
codepeople,2583745470304559436,0,0
codepeople,2582988987792516356,0,0
code.path,2447770527016853211,0,0
code.path,2326295336789820456,0,0
code.path,2324963700475406364,0,0
code.path,2320483464245394905,0,0
code.path,2319730574866120652,0,0
code.path,2319109877441661200,0,0
code.path,2318315668614831634,0,0
code.path,2317645658951000658,0,0
code.path,2316590357116138061,0,0
code.path,2315787423365233764,0,0
code.path,2314645991608583780,0,0
code.path,2314062996220694311,0,0
codemonzy,2535722853279238218,0,0
codemonzy,2519188537342012309,0,0
codemonzy,2509174121053720784,0,0
codemonzy,2489395561078284172,0,0
codemonzy,2488640960716678749,0,0
codemonzy,2426939652758909043,0,0
codemonzy,2397555872424431488,0,0
codemonzy,2383354474057059926,0,0
codemonzy,2376127266167015132,0,0
codemonzy,2375446276872555541,0,0
codemonzy,2360869441597670176,0,0
codemonzy,2356699151489806657,0,0
code.mania_ig,2510663137024539296,0,0
code.mania_ig,2509698837636120876,0,0
code.mania_ig,2509667203247480305,0,0
code.mania_ig,2509235943056180299,0,0
code.mania_ig,2509235212769270528,0,0
code.mania_ig,2508961794286997278,0,1
code.mania_ig,2508960963781381960,0,0
code.mania_ig,2508290526801859698,0,0
code.mania_ig,2508278371750792604,0,0
code.mania_ig,2382786492692136055,0,1
code.mania_ig,2382785795523274484,0,1
code.mania_ig,2382785157099684159,0,1
codelacey,2741327361361649664,1,0
codelacey,2728858941512971623,1,0
codelacey,2680116864650292424,1,0
codelacey,2677482759236289549,0,0
codelacey,2651132977304917660,1,0
codelacey,2649547345372482492,1,0
codelacey,2634371978353631922,0,0
codelacey,2628653248097867523,0,0
codelacey,2621390819169380922,0,0
codelacey,2602745332669129189,0,0
codelacey,2590908955920322181,0,0
codelacey,2581052383689727911,0,0
code.know,2609744160731678583,0,0
code.know,2608957152409072170,0,0
code.know,2608235028123927078,0,0
code.know,2607546571810534898,0,0
code.know,2606085099943329489,0,0
code.know,2604645680417740324,0,0
code.know,2603192111483175217,0,0
code.know,2602269675375903310,0,0
code.know,2600995032052731257,0,0
code.know,2600175347744798050,0,0
code.know,2598670232844197194,0,0
code.know,2597184441570824417,0,0
codejanu,2580776277204393084,0,0
codejanu,2577741006108375772,0,0
codejanu,2576333347722847495,0,0
codejanu,2575550322328063815,0,0
codejanu,2574118689922148616,0,0
codejanu,2564803087631770956,0,0
codejanu,2564673377557110493,0,0
codejanu,2563979042641291576,0,0
codejanu,2563909468390479467,0,0
codejanu,2563843637564407891,0,0
codejanu,2562628475629121180,0,0
codejanu,2562554149072779364,0,0
code.fun,2778456125836796397,0,0
code.fun,2661848834849851105,0,0
code.fun,2617704217431513711,0,0
code.fun,2574270580249560410,0,0
code.fun,2572160939601081156,0,0
code.fun,2571394616839157539,0,0
code.fun,2570566035606481524,0,0
code.fun,2570240575199462395,0,0
code.fun,2428569515412626739,0,0
code.fun,2422011627592272684,0,0
code.fun,2418339547935994646,0,0
code.fun,2416642169763948677,0,0
_codegears,2509457185758683442,0,0
_codegears,2506688016916028833,0,0
_codegears,2505108397302789356,0,1
_codegears,2502947880248185742,0,1
_codegears,2501037926671146449,0,0
_codegears,2497867021472572526,0,0
_codegears,2378272868856094241,0,0
_codegears,2374649202430503596,0,0
_codegears,2372474410593664643,0,1
_codegears,2371749838477359462,0,0
_codegears,2371020252927751543,0,0
_codegears,2355756264183987294,0,0
codefires,2570499085480228512,0,0
codefires,2569763270349034260,0,0
codefires,2563247407827878043,0,0
codefires,2561128723579427244,0,0
codefires,2552394287706912554,0,0
codefires,2550915494848978385,0,1
codefires,2549478091718260492,0,0
codefires,2542110018816388588,0,0
codefires,2533527119398388376,0,0
codefires,2532167582422585648,0,0
codefires,2528514719858485240,0,0
codefires,2526280926091137011,0,0
codedote,2608251731445176050,0,0
codedote,2608168703578566553,0,0
codedote,2607468049054800394,0,0
codedote,2606828412476851431,0,0
codedote,2606089469645081404,0,0
codedote,2603890146505220783,0,0
codedote,2603164446861252182,0,0
codedote,2603040827501891829,0,0
codedote,2601798436153404195,0,0
codedote,2600962047392157995,0,0
codedote,2598723642046469567,0,0
codedote,2598144314233323625,0,0
codedabusa,2310525005828897565,0,0
codedabusa,2310069520000008413,0,0
codedabusa,2249028501214502100,0,0
codedabusa,2249024670782704580,0,0
codedabusa,2247593467335183958,0,0
codedabusa,2247499870385964061,0,0
codedabusa,2246060173869585509,0,0
codedabusa,2244169148548614458,0,0
codedabusa,2243168550026415015,0,0
codedabusa,2242457300371353373,0,0
codedabusa,2238291577777279525,0,0
codedabusa,2237674924700119617,0,0
codeclique,2541056744534986502,0,0
codeclique,2540959055998239491,0,0
codeclique,2540806074675517604,0,0
codeclique,2540295230408422133,0,0
codeclique,2540139429095324122,0,0
codeclique,2538045429221993096,0,0
codeclique,2537889730661638201,0,0
codeclique,2537348252547461146,0,0
codeclique,2537164912005964904,0,0
codeclique,2536711842473803135,0,0
codeclique,2536540632838441602,0,0
codeclique,2536454995066344435,0,0
code_blogg,2315468105238711006,0,0
code_blogg,2311605204790981616,0,0
code_blogg,2310804008463386925,0,0
code_blogg,2310117846107170858,0,0
code_blogg,2309596668082982065,0,0
code_blogg,2309363666258155718,0,0
code_blogg,2307155875439128115,0,0
code_blogg,2306733726593422032,0,0
code_blogg,2306557812005867284,0,0
code_blogg,2305999524457385104,0,0
code_blogg,2305885535413156425,0,0
code_blogg,2305743630423393641,0,0
_codebes_,2398572445113222519,0,0
_codebes_,2398570672382244341,0,0
_codebes_,2391477545101852146,0,0
_codebes_,2390003480029667922,0,0
_codebes_,2389394486869112876,0,0
_codebes_,2386155647751296665,0,0
_codebes_,2380489446639399608,0,0
_codebes_,2379824532744693522,0,0
_codebes_,2358224034321201112,0,0
_codebes_,2355226301172001537,0,1
_codebes_,2355207646392576380,0,0
_codebes_,2355207105495134849,0,0
code.aryan,2779995908925028623,0,0
code.aryan,2778288571221503704,0,0
code.aryan,2776355894616229254,0,0
code.aryan,2775374663754996089,0,0
code.aryan,2773215222506150434,0,0
code.aryan,2770557809537500265,0,0
code.aryan,2769832751512890433,0,0
code.aryan,2767734188112778064,0,0
code.aryan,2764759367875062008,0,0
code.aryan,2763295078291168337,0,0
code.aryan,2761845249048512936,0,0
code.aryan,2760878783511756468,0,0
closetcoders,2488650958553312766,0,0
closetcoders,2487411917472366786,0,0
closetcoders,2487347803718853103,0,0
closetcoders,2486815435937288293,0,0
closetcoders,2485883673753293264,0,0
closetcoders,2485226263585851808,0,0
closetcoders,2485012318656893351,0,0
closetcoders,2484486231761727073,0,0
closetcoders,2483904849108811996,0,0
closetcoders,2482928212074814007,0,0
closetcoders,2482204223001874690,0,0
closetcoders,2482107542969326924,0,0
cisca_dk,2718516117942976848,0,1
cisca_dk,2718319062024841360,0,0
cisca_dk,2717872075617983202,0,0
cisca_dk,2717506334087631625,0,1
cisca_dk,2717165985334929000,0,0
cisca_dk,2716954985948213561,0,0
cisca_dk,2716303265354104917,0,0
cisca_dk,2715802068968835941,0,0
cisca_dk,2715583025695516069,0,0
cisca_dk,2714574122325140437,0,0
cisca_dk,2714099703450562431,0,0
cisca_dk,2713934131949659757,0,0
hr.murmur,2348408543875512052,0,0
hr.murmur,2345524197174821217,0,0
hr.murmur,2338287151435761247,0,0
hr.murmur,2335401912699069262,0,0
hr.murmur,2331782339538181716,0,0
hr.murmur,2327397000165795306,0,0
hr.murmur,2323102952303329070,0,0
hr.murmur,2320873093489436519,0,0
hr.murmur,2315108823560439163,0,0
hr.murmur,2312966854842079156,0,0
hr.murmur,2310022120834178901,0,0
hr.murmur,2307849356606167523,0,0
danutacybulska,2600967682525351328,0,0
danutacybulska,2598649695209482485,0,0
danutacybulska,2597200153041608709,0,0
danutacybulska,2595750622047327149,0,0
danutacybulska,2593576279435378824,0,0
danutacybulska,2592126727838931491,0,0
danutacybulska,2590677166687658337,0,0
danutacybulska,2588502878845014092,0,0
danutacybulska,2587053285623990749,0,0
danutacybulska,2585603747013030895,0,0
danutacybulska,2583429411355399554,0,0
danutacybulska,2581979873188810553,0,0
danielappsco,2434339381683929505,0,0
danielappsco,2431457905380326441,0,0
danielappsco,2430692097343394788,0,0
danielappsco,2429956637864242676,0,0
danielappsco,2429247039801079336,0,0
danielappsco,2426428941175720535,0,0
danielappsco,2425604190542959345,0,0
danielappsco,2424930145279160399,0,0
danielappsco,2424145013270168157,0,0
danielappsco,2421373988149226013,0,0
danielappsco,2419840740634034085,0,0
danielappsco,2419128066560330698,0,0
cyber_secur1ty,2590131902677635419,0,0
cyber_secur1ty,2541065275798617023,0,0
cyber_secur1ty,2540264883913372008,0,0
cyber_secur1ty,2520643058450635485,0,0
cyber_secur1ty,2520537062600588969,0,0
cyber_secur1ty,2513137289232706851,0,0
cyber_secur1ty,2512899072982040701,0,0
cyber_secur1ty,2510315468909340057,0,0
cyber_secur1ty,2503972553790447903,0,0
cyber_secur1ty,2502978523153728017,0,0
cyber_secur1ty,2499676179104012920,0,0
cyber_secur1ty,2495176973211474854,0,0
cyberpunk_rs,2462728163302691939,0,0
cyberpunk_rs,2457806741824568862,0,0
cyberpunk_rs,2372227106458528399,0,0
cyberpunk_rs,2371505647557583661,0,0
cyberpunk_rs,2364769957562154567,0,0
cyberpunk_rs,2361296450467563256,0,0
cyberpunk_rs,2359762273553202455,0,0
cyberpunk_rs,2356217512825348993,0,0
cyberpunk_rs,2354935826552473113,0,0
cyberpunk_rs,2353460050615420250,0,0
cyberpunk_rs,2348332612357036400,0,0
cyberpunk_rs,2346845400935271537,0,0
cyberhack_lpu,2473973452491472181,0,0
cyberhack_lpu,2470419102578243930,0,0
cyberhack_lpu,2418926653842439644,0,0
cyberhack_lpu,2417469053921773347,0,0
cyberhack_lpu,2411088367904357563,0,0
cyberhack_lpu,2387017862796675641,0,0
cyberhack_lpu,2386492116151859019,0,0
cyberhack_lpu,2383950586409274455,0,0
cyberhack_lpu,2380468421432329049,0,1
cyberhack_lpu,2367588466650255673,0,0
cyberhack_lpu,2322753429992302993,0,0
cyberhack_lpu,2303977129299231393,0,0
cyber_feminist,2784529602431746729,0,0
cyber_feminist,2764992223887024886,0,0
cyber_feminist,2751907931380284607,0,0
cyber_feminist,2750782990720160629,0,0
cyber_feminist,2708427606822374421,0,0
cyber_feminist,2706254739439373928,0,1
cyber_feminist,2705337955367479791,0,0
cyber_feminist,2704799543014243735,0,1
cyber_feminist,2695342975248050908,0,0
cyber_feminist,2692128620213875698,0,1
cyber_feminist,2689527438652484902,0,0
cyber_feminist,2685167297719359786,0,0
cyber.club.tees,2570361865721601819,0,0
cyber.club.tees,2567733541039346269,0,0
cyber.club.tees,2567732682087871709,0,0
cyber.club.tees,2567731796334637602,0,0
cyber.club.tees,2566810522369205883,0,0
cyber.club.tees,2566810141920752071,0,0
cyber.club.tees,2566126576198634886,0,0
cyber.club.tees,2545782438320319480,0,0
cyber.club.tees,2544514242925584567,0,0
cyber.club.tees,2544512763594730187,0,0
cyber.club.tees,2540947091267398686,0,0
cyber.club.tees,2540944182425159486,0,0
cuemby,2775233261066220358,0,0
cuemby,2773605891036232757,0,1
cuemby,2770127501881709158,0,0
cuemby,2769406156352751904,0,0
cuemby,2767100165633517742,0,1
cuemby,2765838206064734560,0,0
cuemby,2765079788539719522,0,1
cuemby,2761286377981239333,0,0
cuemby,2759959652542184675,0,0
cuemby,2756303412898760981,0,1
cuemby,2754908863577077884,0,0
cuemby,2753313299661709497,0,0
csiworldin,2593740330264533309,0,0
csiworldin,2586509830131165626,1,0
csiworldin,2581461390816723928,0,0
csiworldin,2579763524262713644,0,0
csiworldin,2579271734079760099,0,0
csiworldin,2578608097870563251,1,0
csiworldin,2577626409630457351,1,0
csiworldin,2576430473526161880,1,0
csiworldin,2574759005887954785,1,0
csiworldin,2574117568400320384,1,0
csiworldin,2573906218713505814,0,0
csiworldin,2572826364012238431,0,0
diceanalytics,2608978845166875618,0,0
diceanalytics,2608193279106320462,0,0
diceanalytics,2607468546601935195,0,0
diceanalytics,2604629756895889872,0,0
diceanalytics,2602395152654834858,0,0
diceanalytics,2600945474051531158,0,0
diceanalytics,2595660336247880493,0,0
diceanalytics,2593606901526820487,0,0
diceanalytics,2593003420948379074,0,0
diceanalytics,2592309471550982065,0,0
diceanalytics,2592189643079740682,0,0
diceanalytics,2572445545460035070,0,0
diacostudios,2605439683264242739,0,0
diacostudios,2603258034777833422,0,0
diacostudios,2600357627934740032,0,0
diacostudios,2598183024002418434,0,0
diacostudios,2595999650659847002,0,0
diacostudios,2593109704101859279,0,0
diacostudios,2591639804191956739,0,0
diacostudios,2588050006772460259,0,0
diacostudios,2586613936046360634,0,0
diacostudios,2584433839117850300,0,1
diacostudios,2571323873267820801,0,1
diacostudios,2559571045017021534,0,1
devspacemx,2574304527755064049,0,0
devspacemx,2514137908399881274,0,0
devspacemx,2512088172855628544,0,0
devspacemx,2495376065640625602,0,0
devspacemx,2495375662240846239,0,0
devspacemx,2493187672571802380,0,0
devspacemx,2428859553975525131,0,0
devspacemx,2415549485423182490,0,0
devspacemx,2414187183939585632,0,0
devspacemx,2410723512798372013,0,0
devspacemx,2396753350755708263,0,0
devspacemx,2393486302411762589,0,0
dev_programando,2555601265296139644,0,0
dev_programando,2339621501495456495,0,0
dev_programando,2338181573024889079,0,0
dev_programando,2337413463851971120,0,0
dev_programando,2336025794813466024,1,0
dev_programando,2335148587345943108,0,0
dev_programando,2333804945500601072,0,0
dev_programando,2332261258268582499,0,0
dev_programando,2332261198566851003,0,0
dev_programando,2332261117365310797,0,0
dev_programando,2332260856185797732,0,0
dev_programando,2330975130655843458,0,0
devopsing,2411169610129992498,0,0
devopsing,2340662111415769770,0,0
devopsing,2336501202178968899,0,0
devops_bootcamp,2608515075730576661,0,0
devops_bootcamp,2608403491876368455,0,0
devops_bootcamp,2607741216433695775,0,0
devops_bootcamp,2606968687368602526,0,0
devops_bootcamp,2604225723701805835,0,0
devops_bootcamp,2603186437607545989,0,0
devops_bootcamp,2602470112341795584,0,0
devops_bootcamp,2601786009430913891,0,0
devops_bootcamp,2601249715747506100,0,0
devops_bootcamp,2599549563756132864,0,0
devops_bootcamp,2598784265000302960,0,0
devops_bootcamp,2597464099033338213,0,0
devlutful,2558228523317074825,0,1
devlutful,2442665221421210452,0,0
devlutful,2418328235000657550,0,0
devlutful,2412428238912631858,0,1
devlutful,2408014177391171458,0,0
devlutful,2401816470402146639,0,0
devlutful,2391540414260905821,0,0
devlutful,2373384848011374917,1,1
devlutful,2370666079841414562,1,1
devlutful,2354083510676938674,1,0
devlutful,2353913326238687951,0,0
devlutful,2352651362145265849,0,0
devjdelasen,2778826855493526877,0,0
devjdelasen,2675200153829205192,0,1
devjdelasen,2674439002375725077,0,1
devjdelasen,2672325779388333448,0,0
devjdelasen,2484554237401399338,0,0
devjdelasen,2483831681874700520,0,0
devjdelasen,2443981484151934893,0,0
devjdelasen,2443255347906507790,0,1
devjdelasen,2441105746369848691,0,1
devjdelasen,2440407152406549242,0,0
devjdelasen,2439643130371424511,0,0
devjdelasen,2438914527748921175,0,0
developers.india,2774940715644252473,0,0
developers.india,2747440518422523446,0,0
developers.india,2662634149621626482,0,0
developers.india,2660452782709265593,0,0
developers.india,2656113726726781114,0,0
developers.india,2655404792093259912,0,0
developers.india,2645987951230853312,0,0
developers.india,2640174249105893556,0,0
developers.india,2639373560700105180,0,0
developers.india,2635838383721903750,0,0
developers.india,2630775283847181824,0,0
developers.india,2629302725100591048,0,0
developers_community_._,2653663267017049535,0,0
developers_community_._,2642839507980713467,0,0
developers_community_._,2642084188019121724,0,0
developers_community_._,2640839256281226951,0,0
developers_community_._,2638671302533976109,0,0
developers_community_._,2637743438259632332,0,0
developers_community_._,2637020237572866560,0,0
developers_community_._,2636501255694662805,0,0
developers_community_._,2635745854380423095,0,0
developers_community_._,2634829362432529108,0,0
developers_community_._,2634301956185441276,0,0
developers_community_._,2633657158542029275,0,0
developerpaper,2363379230366233059,0,0
developerpaper,2347854078350048925,0,0
developerpaper,2347049152984182668,0,0
developerpaper,2346431834191425475,0,0
developerpaper,2345717474779237976,0,0
developerpaper,2345205058041411205,0,0
developerpaper,2343471407998061959,0,0
developerpaper,2342852021519977387,0,0
developerpaper,2342307279082152392,0,0
developerpaper,2342047973451729986,0,0
developerpaper,2340874107039759928,0,0
developerpaper,2340543351935323240,0,0
developer_ops,2608341082962214045,0,0
developer_ops,2607486457241620709,0,0
developer_ops,2600961805614673221,0,0
developer_ops,2597235604454769721,0,0
developer_ops,2595626759013985634,0,0
developer_ops,2594199487149043355,0,0
developer_ops,2590722018811273884,0,0
developer_ops,2588556937835043689,0,0
developer_ops,2587185498892334604,0,0
developer_ops,2585719626822770143,0,0
developer_ops,2584944168330051371,0,0
developer_ops,2584143134691004428,0,0
developer_bhaiyaji,2410533290592252526,0,1
developer_bhaiyaji,2410532207321142035,0,1
developer_bhaiyaji,2372755643917424713,0,0
developer_bhaiyaji,2372123645091857553,0,0
developer_bhaiyaji,2372107405141060522,0,0
developer_bhaiyaji,2366720639349472018,0,0
developer_bhaiyaji,2364917722237738756,0,0
developer_bhaiyaji,2364916334141302756,0,0
developer_bhaiyaji,2364914795183898738,0,0
developer_bhaiyaji,2360514485854215106,0,0
developer_bhaiyaji,2360204194130068462,0,0
developer_bhaiyaji,2359754353147054296,0,0
dev_diario,2606837370494829707,0,0
dev_diario,2603879860812967546,0,0
dev_diario,2602013696549801212,0,0
dev_diario,2597988404042788665,0,0
dev_diario,2596588765644450366,0,0
dev_diario,2592186204971815029,0,0
dev_diario,2588761196975654236,0,0
dev_diario,2582296742889084088,0,0
dev_diario,2580687928704337164,0,1
dev_diario,2576987549205681452,0,0
dev_diario,2574263011124466578,0,0
dev_diario,2570646717230688841,0,0
_devcommunity,2679332774783857378,0,0
_devcommunity,2679332589085183199,0,0
_devcommunity,2679332355907186762,0,0
_devcommunity,2679217614043975909,0,0
_devcommunity,2679217445088794509,0,0
_devcommunity,2679217315250121437,0,0
_devcommunity,2679062944855303259,0,0
_devcommunity,2679062490695908076,0,0
_devcommunity,2679062367048035471,0,0
_devcommunity,2678831393463371720,0,0
_devcommunity,2678831126311397923,0,0
_devcommunity,2678830952994430751,0,0
derivco,2606652716036128160,0,1
derivco,2603798216665296723,0,0
derivco,2598830927671007742,0,1
derivco,2597170069320666556,0,1
derivco,2593774223849759188,0,1
derivco,2588533035026676438,0,1
derivco,2584170203019698758,0,1
derivco,2573283021367049250,0,1
derivco,2560962491519734161,0,1
derivco,2556692496564851607,0,1
derivco,2552294523931974333,0,1
derivco,2550859869102238910,0,1
data_science_dojo,2779753002053413747,0,0
data_science_dojo,2779401825965466122,0,0
data_science_dojo,2779028222404404922,0,0
data_science_dojo,2778698381533186799,0,0
data_science_dojo,2778303449114614023,0,0
data_science_dojo,2777578693405457723,0,0
data_science_dojo,2776853888928103698,0,0
data_science_dojo,2775979145142954783,0,0
data_science_dojo,2775258379780004394,0,0
data_science_dojo,2775167787701548037,0,0
data_science_dojo,2775080491500453344,0,0
data_science_dojo,2774532600846694217,0,0
darkforcearmy,2554234048350052269,0,0
darkforcearmy,2522811994562862192,0,0
darkforcearmy,2522127555016817114,0,0
darkforcearmy,2449598435259691123,0,0
darkforcearmy,2445766780816391829,0,1
darkforcearmy,2444937632539683151,0,1
darkforcearmy,2393859646898067567,0,0
darkforcearmy,2390957484211714424,0,0
darkforcearmy,2389501202686617317,0,0
darkforcearmy,2377471561755044379,0,0
darkforcearmy,2358432584981224581,0,0
darkforcearmy,2350901824455929464,0,1
dark_codec,2598037738797006268,0,0
dark_codec,2552521776034991866,0,0
dark_codec,2552109565450608397,0,0
dark_codec,2546451146944521847,0,0
dark_codec,2545264749998772107,0,0
dark_codec,2542990832907062839,0,0
dark_codec,2541632500309796409,0,0
dark_codec,2540653354679129254,0,0
dark_codec,2539489515287798337,0,0
dark_codec,2538555562636722952,0,0
dark_codec,2537278342928604927,0,0
dark_codec,2536907385806491639,0,0
darkarmy__,2609696010725657179,0,0
darkarmy__,2608970106902722041,0,0
darkarmy__,2606861748074751052,0,0
darkarmy__,2606526479152824495,0,0
darkarmy__,2605839177707549719,0,0
darkarmy__,2605380269662635087,0,0
darkarmy__,2605067024393435547,0,0
darkarmy__,2604626503053234481,0,0
darkarmy__,2604372866846543902,0,0
darkarmy__,2603877375427848668,0,0
darkarmy__,2603646904982903022,0,0
darkarmy__,2602884599684916716,0,0
droitthemes,2541452797730338324,0,0
droitthemes,2541422639610632239,0,0
droitthemes,2541380026564181809,0,0
droitthemes,2540063951151035361,0,1
droitthemes,2539973215630118670,0,0
droitthemes,2539819540265596307,0,0
droitthemes,2539339287901940317,0,0
droitthemes,2539248781355826511,0,0
droitthemes,2539149932156081876,0,0
droitthemes,2538644629405101351,0,0
droitthemes,2538493495587754202,0,0
droitthemes,2538342301053714816,0,0
drie.co,2477111355421895853,0,0
drie.co,2472030429397369297,0,0
drie.co,2471303159992980092,0,0
drie.co,2465507451168899210,0,0
drie.co,2455363135188643288,0,0
drie.co,2434352372645645439,0,0
drie.co,2428533765557340971,0,0
drie.co,2425622077172066797,0,0
drie.co,2408151958005529344,0,0
drie.co,2364635306950191380,0,0
drie.co,2342922228651157985,0,0
drie.co,2339336251705995685,0,0
dreyand72,2606901930320861089,0,0
dreyand72,2560729664947653329,0,0
dreyand72,2468707392813260504,0,1
dreyand72,2466563162082704568,0,1
dreyand72,2422147788029802232,0,0
dreyand72,2381279626090760671,0,0
dreyand72,2363932923951980027,0,1
dreyand72,2358816552314458915,0,0
dreyand72,2342919389843601126,0,0
dreyand72,2330950258323898114,0,0
dreyand72,2289621776545712896,0,0
dreyand72,2265500605512674530,0,1
drahna.soft,2626169679391974007,0,0
drahna.soft,2573557949671604169,0,0
drahna.soft,2571151183990193530,0,0
drahna.soft,2570437683336610603,0,1
drahna.soft,2569643889854779460,0,0
drahna.soft,2569259854607501953,0,1
drahna.soft,2568437955975562343,0,0
drahna.soft,2567550393174071430,0,1
drahna.soft,2563896057092951310,0,0
drahna.soft,2563352601727816047,0,0
drahna.soft,2559101125505464622,0,1
drahna.soft,2558046713701781421,0,0
dpthegrey,2581496705271527722,0,0
dpthegrey,2550297408512761342,0,0
dpthegrey,2542401726007239761,0,0
dpthegrey,2498093178041854571,0,0
dpthegrey,2465589126028749797,0,0
dpthegrey,2465588082175488402,0,0
dpthegrey,2351731167767690706,0,0
dpthegrey,2348979974717031557,0,0
dpthegrey,2348932417231987289,0,1
dpthegrey,2348871292398196371,0,0
dpthegrey,2348865308687380647,0,0
dpthegrey,2338737422457857693,0,0
dpj_indonesia,2609456559153882001,0,0
dpj_indonesia,2609397182656124860,0,1
dpj_indonesia,2608967646584797907,0,0
dpj_indonesia,2608673713619326179,0,0
dpj_indonesia,2608029387818051247,0,0
dpj_indonesia,2607954760781655622,0,0
dpj_indonesia,2607329775360901882,0,0
dpj_indonesia,2607210774885505434,0,1
dpj_indonesia,2607200689749706243,0,0
dpj_indonesia,2606592228527659798,0,0
dpj_indonesia,2606471218621018781,0,0
dpj_indonesia,2606049289707499850,0,0
dot_nek,2609536774762484938,0,0
dot_nek,2608992934026662694,0,0
dot_nek,2607362255838894351,0,0
dot_nek,2606662818460170530,0,1
dot_nek,2606622629822139866,0,1
dot_nek,2604342240156012023,0,0
dot_nek,2604055527751764390,0,0
dot_nek,2602470681984337415,0,0
dot_nek,2602380101912551684,0,0
dot_nek,2602289350612488028,0,0
dot_nek,2602168798262506591,0,0
dot_nek,2601745572470351222,0,1
doracakeswap,2608867621474630366,0,0
doracakeswap,2605872535258007621,0,0
doracakeswap,2600759975722824340,0,0
doracakeswap,2597105545890745060,0,0
doracakeswap,2595694005333517456,0,0
doracakeswap,2594342649976591796,0,0
doracakeswap,2594135704401451121,0,1
doracakeswap,2591356468586451048,0,0
doracakeswap,2587963945977533049,0,0
doracakeswap,2587037967277301580,0,0
doracakeswap,2586370078916262063,0,0
doracakeswap,2582063546011648854,0,0
divstech,2609383705830067167,0,0
divstech,2608717889293644284,0,0
divstech,2607282136370911755,0,0
divstech,2606492584881567941,0,0
divstech,2605799022263183404,0,0
divstech,2605062256318013265,0,0
divstech,2603641119242474154,0,0
divstech,2602886165823494757,0,0
divstech,2602343553418695877,0,0
divstech,2602195138382745301,0,0
divstech,2601695636697782661,0,0
divstech,2600823724446791595,0,0
divesh.js,2385790885364453581,0,0
divesh.js,2384444436185725762,0,0
divesh.js,2382178196792732674,0,0
divesh.js,2368403487009783673,0,0
divesh.js,2366958641564701259,1,0
divesh.js,2366225066124938541,0,0
divesh.js,2358257199261793647,0,0
divesh.js,2356828552177099507,0,0
divesh.js,2355374229609992035,0,0
divesh.js,2345947410280315735,0,0
divesh.js,2345943176667373396,0,0
divesh.js,2345937062244480980,0,0
diversatechconcepts,2354076719025372688,1,0
diversatechconcepts,2354066644701473770,1,0
diversatechconcepts,2354057743029463629,1,0
diversatechconcepts,2353969046854465669,0,0
diversatechconcepts,2353963146592669318,0,0
diversatechconcepts,2353960572833646370,0,0
diversatechconcepts,2353389678549609726,1,0
diversatechconcepts,2353378163306196955,1,0
diversatechconcepts,2353297139922463559,1,0
diversatechconcepts,2353219314326563746,0,0
diversatechconcepts,2353216517279385239,0,0
diversatechconcepts,2353215193397621315,0,0
diveintotech,2605326401018423524,0,1
diveintotech,2604753777388735299,0,1
diveintotech,2604057247535633043,0,0
diveintotech,2602472836499307761,0,0
diveintotech,2601787505915555602,0,0
diveintotech,2596737941454019175,0,0
diveintotech,2596028768953243708,0,0
diveintotech,2594997576195769268,0,0
diveintotech,2593160722895026014,0,0
diveintotech,2592459782730743287,0,0
diveintotech,2591614710929880247,0,0
diveintotech,2590263046788394096,0,0
dinocodes.kg,2652208692667277027,0,0
dinocodes.kg,2625006514320921554,0,0
dinocodes.kg,2624056919867024587,0,1
dinocodes.kg,2623534733877735516,0,0
dinocodes.kg,2622760407788162295,0,0
dinocodes.kg,2621316126324585308,0,1
dinocodes.kg,2620610139240004822,0,0
dinocodes.kg,2619845689293438986,0,0
dinocodes.kg,2619092890645638355,0,0
dinocodes.kg,2618406424126790472,0,0
dinocodes.kg,2617698227026533229,0,1
dinocodes.kg,2616987158332572787,0,0
digitalyashwant,2368241792028976153,0,0
digitalyashwant,2303091890503001871,0,0
digitalyashwant,2300202627333147597,0,0
digitalyashwant,2299453578779009638,0,0
digitalyashwant,2298763669885689941,0,0
digitalyashwant,2298016306116300332,0,0
digitalyashwant,2297298757196076244,0,0
digitalyashwant,2296586990383938320,0,0
digitalyashwant,2295897187749377221,0,0
digitalyashwant,2295116049714428355,0,0
digitalyashwant,2294391499670182835,0,0
digitalyashwant,2291340398005526580,0,0
digitalstopage,2606634518350415761,0,1
digitalstopage,2601758880745045421,0,0
digitalstopage,2597932822585331381,0,0
digitalstopage,2597336192548604722,0,0
digitalstopage,2584083419229397046,0,0
digitalstopage,2442998707824756839,0,0
digitalstopage,2321888456311806607,0,0
digitalstopage,2321012686634790599,0,0
digitalstopage,2320201646351248923,0,0
digitalstopage,2319475558776270085,0,0
digitalstopage,2318781705088947655,0,0
digitalstopage,2318312725035904008,0,0
digitalogycorp,2607947459278553863,0,0
digitalogycorp,2606609979711232160,0,0
digitalogycorp,2603862889309582080,0,0
digitalogycorp,2602395912057452163,0,0
digitalogycorp,2600940355954076196,0,0
digitalogycorp,2598629730984742244,0,0
digitalogycorp,2597910355914805563,0,0
digitalogycorp,2597208438846946745,0,0
digitalogycorp,2592863023989089517,0,0
digitalogycorp,2592278926489177275,0,0
digitalogycorp,2591441834049733352,0,0
digitalogycorp,2590679595759945369,0,0
digitalentrecruitment,2609883686696660682,0,0
digitalentrecruitment,2609793085117667610,0,0
digitalentrecruitment,2609710044961642958,0,0
digitalentrecruitment,2609098515144631383,0,0
digitalentrecruitment,2609008010895168288,0,0
digitalentrecruitment,2608887115459485766,0,0
digitalentrecruitment,2608835993775059766,0,0
digitalentrecruitment,2608343545114215171,0,0
digitalentrecruitment,2608274826996349901,0,0
digitalentrecruitment,2608253279489029019,0,0
digitalentrecruitment,2608162347993366350,0,0
digitalentrecruitment,2607618758289726951,0,0
digilinkpro,2330211627910477517,0,0
digilinkpro,2328705225954144351,0,0
digilinkpro,2322876504646909754,0,0
digilinkpro,2320660079349984497,0,0
digilinkpro,2317954908601900928,0,0
digilinkpro,2314909634149089468,0,0
digilinkpro,2313595864614193024,0,0
digilinkpro,2309799191353077123,0,0
digilinkpro,2307616592547388637,0,0
digilinkpro,2305659826485968530,0,0
digilinkpro,2303370080594417054,0,0
digilinkpro,2300455961071288697,0,0
edyoda,2609790218408986165,0,0
edyoda,2608282389214720575,0,0
edyoda,2607487930734595569,0,0
edyoda,2606811594667971536,0,0
edyoda,2606023486951215869,0,0
edyoda,2604562492873938265,0,0
edyoda,2602458854886124728,0,0
edyoda,2601743231226929141,0,0
edyoda,2600970696247911150,0,0
edyoda,2598897293613429934,0,0
edyoda,2597373045136868684,0,0
edyoda,2596669125187264233,0,0
ed.tech,2505278951268920477,0,0
ed.tech,2481985133400563309,0,0
ed.tech,2481072673445536851,0,0
ed.tech,2477524458028762148,0,0
ed.tech,2477160431960449155,0,0
ed.tech,2477159587017767246,0,0
ed.tech,2476854112888021786,0,0
ed.tech,2476264999277189709,0,0
ed.tech,2476177513830120262,0,0
ed.tech,2475635025033571397,0,0
ed.tech,2475484296176262884,0,0
ed.tech,2475369596079931085,0,0
ecmascript_hub,2634975501605990208,0,0
ecmascript_hub,2604523423099913603,0,0
ecmascript_hub,2599267026040860165,0,0
ecmascript_hub,2586261650303605503,0,1
ecmascript_hub,2579355286360763031,0,0
ecmascript_hub,2576964207845212214,0,0
ecmascript_hub,2569845676745751525,0,0
ecmascript_hub,2563775339310575986,0,0
ecmascript_hub,2559642669307495179,0,0
ecmascript_hub,2379289301026152338,0,0
ecmascript_hub,2369186745297273627,1,0
ecmascript_hub,2364727707549523167,0,0
echobind,2653957238622833999,0,0
echobind,2653272558213055306,0,0
echobind,2653232219736482030,0,0
echobind,2649560366220292417,0,0
echobind,2648914686307632934,0,0
echobind,2648838701211197384,0,0
echobind,2648308298596801658,0,0
echobind,2646662099265067158,0,0
echobind,2644488822392115595,0,0
echobind,2643798237444364016,0,0
echobind,2642422922274298362,0,0
echobind,2641754606449547132,0,0
eamvey,2589091809644121839,0,0
eamvey,2588367033585600283,0,0
eamvey,2587642254582913902,0,0
eamvey,2587087275375719522,0,0
eamvey,2586359818955767439,0,0
eamvey,2583286313146347773,0,0
eamvey,2567318213183312284,0,0
eamvey,2562290113564413128,0,0
eamvey,2558711510012610220,0,0
eamvey,2557956541058426458,0,1
eamvey,2557171352988391072,0,0
eamvey,2556491902891403261,0,0
duende_llp,2659374846582162105,0,0
duende_llp,2658950164056519887,0,0
duende_llp,2657490188733557458,0,0
duende_llp,2656761980761436234,0,1
duende_llp,2655848944460605467,0,0
duende_llp,2654593429032375714,0,0
duende_llp,2653863910893796417,0,0
duende_llp,2653152065648272261,0,0
duende_llp,2652163760800257026,0,0
duende_llp,2651691988764504218,0,0
duende_llp,2650244066512382531,0,0
duende_llp,2649573762510897892,0,0
evolvemlearners,2332714684953733724,0,0
evolvemlearners,2330442725511601653,0,0
evolvemlearners,2328344325244698672,0,0
evolvemlearners,2326909990197011595,0,0
evolvemlearners,2324713928313115349,0,0
evolvemlearners,2319690224931864865,0,0
evolvemlearners,2318801583128945195,0,0
evolvemlearners,2316164698409652370,0,0
evolvemlearners,2315313731858494434,0,0
evolvemlearners,2313799177711547120,0,0
evolvemlearners,2312969811296075097,0,0
evolvemlearners,2310248771952318668,0,0
evol_technobits_digital,2609647714514481252,0,0
evol_technobits_digital,2608023810834396248,0,0
evol_technobits_digital,2605880219718454746,0,0
evol_technobits_digital,2603915402161906908,0,0
evol_technobits_digital,2600980777315640733,0,0
evol_technobits_digital,2597255600337878237,0,0
evol_technobits_digital,2595874501554388466,0,1
evol_technobits_digital,2595779032860270081,0,0
evol_technobits_digital,2592849257401189860,0,0
evol_technobits_digital,2590767016144426439,0,0
evol_technobits_digital,2588477844587264240,0,0
evol_technobits_digital,2586200619908423086,0,0
etherinfotech,2484861642691933432,0,0
etherinfotech,2481335748732020982,0,0
etherinfotech,2480622325337606935,0,0
etherinfotech,2479741412537908972,0,0
etherinfotech,2479193887422689714,0,0
etherinfotech,2477633276108831538,0,0
etherinfotech,2476189499833819490,0,0
etherinfotech,2475569762217159250,0,0
etherinfotech,2474678989514725955,0,0
etherinfotech,2473944533925589961,0,0
etherinfotech,2472598217161097290,0,0
etherinfotech,2471893527146493194,0,0
essekhyry.elmahdi,2372924809442124676,1,1
essekhyry.elmahdi,2371297221560875378,0,0
essekhyry.elmahdi,2370666825353547436,0,0
essekhyry.elmahdi,2363339656034231547,1,0
essekhyry.elmahdi,2217978973286293604,0,1
essekhyry.elmahdi,2217965704278325799,1,0
eskillsweb,2609742820399823282,0,1
eskillsweb,2603841898830359574,0,1
eskillsweb,2600129195561419109,0,0
eskillsweb,2596489358970435259,0,0
eskillsweb,2595780517954515496,0,0
eskillsweb,2594996574233561085,0,1
eskillsweb,2593846881323754457,0,1
eskillsweb,2592965901465538923,0,1
eskillsweb,2589160574953631393,0,0
eskillsweb,2586535779032366697,0,0
eskillsweb,2585817678074532124,0,0
eskillsweb,2585026266554767485,0,1
ervandracom,2534128579800154842,0,1
ervandracom,2521849561692503654,0,0
ervandracom,2483992969517451878,0,0
ervandracom,2455079647209245270,0,0
ervandracom,2448749801412978703,0,0
ervandracom,2447987358105473110,0,0
ervandracom,2349447755703233786,0,1
ervandracom,2345129324044431300,1,0
ervandracom,2344394408717466729,1,1
ervandracom,2343469005895262675,1,0
ervandracom,2342939854390039828,1,0
ervandracom,2342200243153844882,1,0
erudite_geeks,2474652689858970984,0,0
erudite_geeks,2473415104763393663,0,0
erudite_geeks,2361239108904541527,0,0
erudite_geeks,2329944046992303435,0,0
erudite_geeks,2290060788632723500,0,0
erudite_geeks,2286249034098255327,0,0
erudite_geeks,2283684151016056644,0,0
erudite_geeks,2283640952822353044,0,0
erudite_geeks,2273417661453158280,0,0
erudite_geeks,2273154706266215357,0,0
erudite_geeks,2273145025435192881,0,0
erudite_geeks,2272637704091100748,0,0
encrypted_guy,2503223816587760968,0,0
encrypted_guy,2496337438159514070,0,0
encrypted_guy,2395367139960806144,0,0
encrypted_guy,2382958377476217058,0,0
encrypted_guy,2380176286892082409,0,0
encrypted_guy,2378610867597175871,0,0
encrypted_guy,2373600059829949678,0,0
encrypted_guy,2370574425063081243,0,0
encrypted_guy,2364121417961952214,0,0
encrypted_guy,2363391815962535910,0,0
encrypted_guy,2353281712533829504,0,0
encrypted_guy,2350305259680819164,0,0
firmanfathoni_,2750088467784213232,0,0
firmanfathoni_,2716706299413159645,0,1
firmanfathoni_,2671345335338392289,0,0
firmanfathoni_,2533920461151493535,0,0
firmanfathoni_,2494975955840669468,0,0
firmanfathoni_,2456609999905307409,0,0
firmanfathoni_,2414554920817827366,0,0
firmanfathoni_,2408216164334588144,0,0
firmanfathoni_,2408191551429097636,0,0
firmanfathoni_,2405160411084439784,0,0
firmanfathoni_,2386253481947585887,0,0
firmanfathoni_,2315183700138022876,0,0
fetux.id,2416484079483780399,0,0
fetux.id,2409578581119476543,0,0
fetux.id,2409236338647171427,0,0
fetux.id,2402330813514728504,0,0
fetux.id,2401968420683101979,0,0
fetux.id,2401707751979304900,0,0
fetux.id,2401586923484629581,0,0
fetux.id,2401073590041912109,0,0
fetux.id,2400982943171669654,0,0
fetux.id,2400862148609040462,0,1
fetux.id,2400348765698839564,0,0
fetux.id,2400258189779417789,0,0
fellow.app,2606837704244342157,0,0
fellow.app,2603392305672469304,0,1
fellow.app,2598970255453062031,0,1
fellow.app,2597571696417634919,0,1
fellow.app,2593186119723433796,0,1
fellow.app,2588773964530004770,0,1
fellow.app,2583049136191801617,0,1
fellow.app,2578554552891774385,0,1
fellow.app,2577113840941837080,0,0
fellow.app,2572977769593236214,0,1
fellow.app,2570651692405434212,0,0
fellow.app,2567885428834491367,0,1
favtutor,2608259412776137169,0,0
favtutor,2604608390120250416,0,0
favtutor,2602443366110938370,0,0
favtutor,2601802480922432055,0,0
favtutor,2600990572637725377,0,0
favtutor,2599582341233763217,0,0
favtutor,2595213911776984532,0,0
favtutor,2591568471773188277,0,0
favtutor,2591313534711169887,0,0
favtutor,2589386774406798144,0,0
favtutor,2587978411722824544,0,0
favtutor,2587246489501458494,0,0
gabriellasibarani,2419113722980268982,1,0
gabriellasibarani,2385040681743083047,0,0
gabriellasibarani,2364801504384594558,0,0
gabriellasibarani,2339797110578396148,0,0
gabriellasibarani,2339796018054378295,0,0
gabriellasibarani,2244397748373895119,0,0
gabriellasibarani,2221253916207642218,0,0
gabriellasibarani,2214005616882739345,0,0
gabriellasibarani,2052391210290620211,0,0
gabriellasibarani,2042252648140257108,0,0
gabriellasibarani,2040067290749309306,0,0
gabriellasibarani,2037073479467215710,0,0
fundacjacodeme,2793757449971085655,0,0
fundacjacodeme,2790841903107633177,0,0
fundacjacodeme,2789327050736103853,0,0
fundacjacodeme,2785651716660540322,0,1
fundacjacodeme,2785047451160096510,0,0
fundacjacodeme,2776361630047411830,0,0
fundacjacodeme,2774104479342003844,0,0
fundacjacodeme,2773415955106185536,0,0
fundacjacodeme,2758927606115109508,0,0
fundacjacodeme,2755996676207435138,0,0
fundacjacodeme,2748845300716663266,0,0
fundacjacodeme,2743797184696606008,0,0
funcode8,2681316539210245816,0,0
funcode8,2677094472206913995,0,0
funcode8,2673535210285383395,1,0
funcode8,2670378037441068406,0,0
funcode8,2666949417894348937,0,0
funcode8,2661574441956016918,1,0
funcode8,2659682038118153448,0,0
funcode8,2657545562857237356,0,0
funcode8,2655314443093061306,0,0
funcode8,2652489355675129022,0,0
funcode8,2650252342326507804,0,0
funcode8,2647349402695775143,0,0
fulltureschool,2609770531715970843,0,0
fulltureschool,2609181773736971431,0,1
fulltureschool,2609015637367238554,0,0
fulltureschool,2608368791611284047,0,0
fulltureschool,2607543887022418720,0,0
fulltureschool,2607024084885737123,0,1
fulltureschool,2606836527474524372,0,0
fulltureschool,2606184694556922347,0,0
fulltureschool,2605369075613231947,0,0
fulltureschool,2604546133304191117,0,0
fulltureschool,2604147288612269620,0,1
fulltureschool,2603905412507203961,0,0
freundederinteraktion,2471261361319789694,0,0
freundederinteraktion,2373972176436670014,0,0
freundederinteraktion,2317727376601377927,0,0
freundederinteraktion,2303990029653652466,0,0
freundederinteraktion,2288635783504386613,0,0
freundederinteraktion,2162573465243362484,0,0
freundederinteraktion,2162475350582662524,0,0
freundederinteraktion,2118896623903258622,0,0
freundederinteraktion,2084931962373467784,0,0
freundederinteraktion,2043025975759033559,1,0
freundederinteraktion,2005912516416397921,0,0
freundederinteraktion,1939207919803315085,0,0
free.onlinecourses,2282784398988507132,0,0
free.onlinecourses,2281368605213891970,1,0
free.onlinecourses,2271830807276557221,0,0
free.onlinecourses,2271222306032449171,1,0
free.onlinecourses,2266452709559338651,0,0
free.onlinecourses,2263223222474465689,0,0
free.onlinecourses,2262590928411727653,1,0
free.onlinecourses,2262410313930469640,0,0
free.onlinecourses,2261693532274265778,1,0
free.onlinecourses,2261004792451300677,1,0
free.onlinecourses,2260664431426084797,1,0
free.onlinecourses,2255207530613632323,1,0
fredy_kardian,2607149571884947128,0,1
fredy_kardian,2606835141591786804,0,0
fredy_kardian,2594346260109547576,0,0
fredy_kardian,2583065462753668176,0,1
fredy_kardian,2568979229843090337,0,0
fredy_kardian,2567325685836345578,0,1
fredy_kardian,2552034162609846158,0,0
fredy_kardian,2551269622495913012,0,0
fredy_kardian,2550040952000401448,0,0
fredy_kardian,2549859742464735564,0,0
fredy_kardian,2549539131217495219,0,0
fredy_kardian,2549386528999598567,0,0
frederikdiekmann,2688100820572118810,0,0
frederikdiekmann,2686648589679186468,0,0
frederikdiekmann,2684476818293177191,0,0
frederikdiekmann,2683027410678599559,0,0
frederikdiekmann,2681577936936637749,0,0
frederikdiekmann,2679403782993063797,0,0
frederikdiekmann,2677953877774499030,0,0
frederikdiekmann,2676504410617568893,0,0
frederikdiekmann,2674329985151469307,0,0
frederikdiekmann,2672880588651837056,0,0
frederikdiekmann,2671430942087712734,0,0
frederikdiekmann,2669256496002478600,0,0
frankaemika,2789532802069815994,0,0
frankaemika,2781527270003881446,0,1
frankaemika,2779323221176025106,0,0
frankaemika,2778648142234661034,0,0
frankaemika,2776487483371832764,0,0
frankaemika,2773538226855490193,0,0
frankaemika,2768497301225362064,0,1
frankaemika,2756189814153913101,0,0
frankaemika,2751097355441823669,0,0
frankaemika,2746012632287008553,0,0
frankaemika,2743081501480457248,0,0
frankaemika,2740170729960053132,0,0
forkflow,2420471016733175874,1,0
forkflow,2371855561554909579,0,0
forkflow,2343648083222556559,0,0
forkflow,2317619408740064467,0,0
forkflow,2295810981462373654,0,0
forkflow,2291274181024729923,0,0
forkflow,2287033621997066383,0,0
forkflow,2282849816113325583,0,0
forkflow,2282208883948676777,0,0
forkflow,2280442966554212568,0,0
forkflow,2279818758582620389,0,0
forkflow,2279015103294058226,0,0
forgetsemicolon,2690951663598835611,0,0
forgetsemicolon,2690387255629824609,0,1
forgetsemicolon,2689398678863468521,0,0
forgetsemicolon,2688936285553189839,0,0
forgetsemicolon,2687504425455416220,1,0
forgetsemicolon,2686699272447119450,0,0
forgetsemicolon,2686006653144434753,1,0
forgetsemicolon,2685018913754690324,1,0
forgetsemicolon,2684607483796552614,0,0
forgetsemicolon,2683485655786368398,0,0
forgetsemicolon,2683119148728462491,0,0
forgetsemicolon,2681618855322859201,0,0
flutter_deep_dev,2460185440163105643,0,0
flutter_deep_dev,2457474520164978283,0,0
flutter_deep_dev,2412539405492313724,0,0
flutter_deep_dev,2384291292306790618,0,0
flutter_deep_dev,2374104941062218179,0,0
flutter_deep_dev,2372663174605475775,0,0
flutter_deep_dev,2371219760978547176,0,0
flutter_deep_dev,2369739549950829733,0,0
flutter_deep_dev,2361066549483246613,0,0
flutter_deep_dev,2359634728728056198,0,0
flutter_deep_dev,2358958492108240591,0,0
flutter_deep_dev,2357436564239473857,0,0
flopcoders,2608616923722563834,0,0
flopcoders,2607294146742697304,0,1
flopcoders,2607187396261784841,0,0
flopcoders,2606112008047680927,0,0
flopcoders,2604999909380678023,0,0
flopcoders,2604278867888628552,0,0
flopcoders,2603621062281590624,0,0
flopcoders,2602903453224047287,0,0
flopcoders,2602157880716000678,0,0
flopcoders,2601347208692331536,0,0
flopcoders,2599919125607085791,0,0
flopcoders,2599277188009023993,0,0
gopaisacom,2443745528767702815,0,0
gopaisacom,2413461610495850462,0,1
gopaisacom,2410538226745224194,0,1
gopaisacom,2391494814100593932,0,1
gopaisacom,2381438113145990318,0,0
gopaisacom,2380715876713736367,0,0
gopaisacom,2380691332007444481,0,1
gopaisacom,2366238356341654020,0,0
gopaisacom,2359780282873481661,1,0
gopaisacom,2356897492871991906,0,0
gopaisacom,2356890144417996204,0,0
gopaisacom,2351420797377453765,1,1
goodmodule,2370732315098817036,0,0
goodmodule,2075685821260266080,0,0
goodmodule,2074799296036940106,0,0
goodmodule,2074037289322878773,0,0
goodmodule,1821151977074338948,0,0
goodmodule,1816914778380542565,0,0
goodmodule,1811664829661207362,0,0
goodmodule,1770277407669102495,0,0
goodmodule,1745058215673922180,0,0
goodmodule,1744335599489246401,0,0
goodmodule,1695842993143008994,0,0
goodmodule,1695297994986756196,0,0
gitpay.me,2385330574324815709,0,0
gitpay.me,2377028403397179543,0,0
gitpay.me,2349681523214629560,0,1
gitpay.me,2315507670217467427,0,0
gitpay.me,2310608967715282403,0,1
gitpay.me,2300183681148608487,0,0
gitpay.me,2290776940287850801,0,1
gitpay.me,2287267292670823798,0,0
gitpay.me,2283604380261371618,0,0
gitpay.me,2278482351027908964,0,1
gitpay.me,2278102810597900663,0,0
gitpay.me,2272198291070589883,0,0
girlscriptchennai,2585869960442957754,0,0
girlscriptchennai,2521987287517761378,0,0
girlscriptchennai,2434884299679169644,0,0
girlscriptchennai,2390624597185574561,1,0
girlscriptchennai,2381293627407959841,0,0
girlscriptchennai,2378950111654742571,1,0
girlscriptchennai,2376441640476499233,1,0
girlscriptchennai,2374887435676684395,1,0
girlscriptchennai,2348929191191525682,0,0
girlscriptchennai,2342379422335912018,0,0
girlscriptchennai,2341320456365669875,0,0
girlscriptchennai,2341240427266734253,0,0
get_upleveled,2609786497895338968,0,0
get_upleveled,2608338053091596780,0,0
get_upleveled,2606901686198152735,0,0
get_upleveled,2604702623102346433,0,0
get_upleveled,2603203231346240563,0,0
get_upleveled,2601786210091885278,0,0
get_upleveled,2599633246686424938,0,0
get_upleveled,2598135980270043909,0,0
get_upleveled,2596733764420335672,0,0
get_upleveled,2594511102713471504,0,0
get_upleveled,2593093665249843402,0,0
get_upleveled,2591621541345691210,0,0
getplecto,1931925931309815010,0,0
getplecto,1910971398559653423,0,0
getplecto,1908818796804378500,0,0
getplecto,1908026673451522433,0,1
getplecto,1907935557583768838,0,0
getplecto,1907526631759382613,0,0
getplecto,1289196599989467116,0,0
getplecto,1284008947531031074,0,0
getplecto,1283379810000810547,0,0
getplecto,1274277942389290606,0,0
getplecto,1268171067457451506,0,0
getplecto,1266686274462987294,0,0
getintocourse,2557233588621832097,0,0
getintocourse,2401051429419852215,0,0
getintocourse,2399622662872807759,0,0
getintocourse,2380538063128231791,0,0
getintocourse,2373893806568489050,0,0
getintocourse,2369161709840625020,0,0
getintocourse,2366255659982294861,0,0
getintocourse,2365199429327320967,0,0
getintocourse,2364722636628813238,0,0
getintocourse,2362916973489676202,0,0
getintocourse,2361918989352207071,0,0
getintocourse,2361120962911916502,0,0
genixcyber,2609668370379610686,0,1
genixcyber,2608965269729422419,0,0
genixcyber,2608218309636420023,0,0
genixcyber,2607500446881650728,0,0
genixcyber,2606765279015692174,0,0
genixcyber,2606010474810985906,0,0
genixcyber,2604344162514721254,0,0
genixcyber,2603166083134010467,0,0
genixcyber,2602404878555609257,0,0
genixcyber,2601712559305174049,0,0
genixcyber,2600956838032631558,0,0
genixcyber,2600231000773463153,0,0
gekocloud,2608945016534424466,0,0
gekocloud,2608095198073227016,0,0
gekocloud,2606593697697871893,0,0
gekocloud,2605945456623091433,0,0
gekocloud,2603813770938386088,0,0
gekocloud,2601746556445576201,0,1
gekocloud,2600989062744436187,0,0
gekocloud,2597251175297251008,0,0
gekocloud,2595818268695266913,0,0
gekocloud,2593658878684928964,0,0
gekocloud,2592166710837293489,0,0
gekocloud,2590772611764043254,0,0
geekysplace,2580171443973299272,0,0
geekysplace,2577262449369679605,0,0
geekysplace,2576610119116792831,0,0
geekysplace,2575070955888012159,0,0
geekysplace,2574312617545878839,0,0
geekysplace,2572873235977353708,0,0
geekysplace,2572213230149776109,0,0
geekysplace,2571441940048436075,0,0
geekysplace,2570696536495314048,0,0
geekysplace,2569964276414417793,0,0
geekysplace,2569247791740322253,0,0
geekysplace,2568519347754580257,0,0
geekster.in,2609747843205704817,0,0
geekster.in,2607573725501888798,0,1
geekster.in,2591506610277238380,0,0
geekster.in,2590869162654107610,0,0
geekster.in,2589177158358467700,0,0
geekster.in,2587923299901019473,0,0
geekster.in,2587206779155753801,0,0
geekster.in,2585739643470135838,0,0
geekster.in,2584269931884462492,0,0
geekster.in,2583459688408192508,0,0
geekster.in,2582825348421806630,0,0
geekster.in,2582070431667618600,0,0
geekprints2020,2412697009443100932,0,0
geekprints2020,2410994824095308489,0,0
geekprints2020,2410503330091701085,0,0
geekprints2020,2410228985565949129,0,0
geekprints2020,2409835047046712030,0,0
geekprints2020,2409701683715247619,0,0
geekprints2020,2409450238747091722,0,0
geekprints2020,2409129485631753108,0,0
geekprints2020,2408395974180465699,0,0
geekprints2020,2406939553530219983,0,0
geekprints2020,2406084461016931579,0,0
geekprints2020,2405547027455914521,0,0
geargunny,2583192902680991466,0,0
geargunny,2500387493151362854,0,0
geargunny,2499070357493556826,0,1
geargunny,2498921825906223283,0,1
geargunny,2492064685686188745,0,0
geargunny,2492030046430847039,0,0
geargunny,2491326534680281805,0,0
geargunny,2490501790900892311,0,0
geargunny,2489754612913805011,0,0
geargunny,2488883604157697686,0,0
geargunny,2488043534660068513,0,0
geargunny,2487359682434164485,0,0
gamutgurustechnologies,2608192801699067804,0,0
gamutgurustechnologies,2570987473126810042,0,0
gamutgurustechnologies,2565914060003581566,0,0
gamutgurustechnologies,2536337067771849104,0,0
gamutgurustechnologies,2536289761894820898,0,0
gamutgurustechnologies,2530459340082738479,0,0
gamutgurustechnologies,2529914247596639892,0,0
gamutgurustechnologies,2523861870707737442,0,0
gamutgurustechnologies,2408928056232271230,0,0
gamutgurustechnologies,2408305826200764003,0,0
gamutgurustechnologies,2405962230755608729,0,0
gamutgurustechnologies,2400054970141610536,0,0
haufegroup.careers,2609013946265098965,0,0
haufegroup.careers,2608832096107409058,0,0
haufegroup.careers,2608184559600790028,0,0
haufegroup.careers,2603973956929808905,0,0
haufegroup.careers,2602555919686993242,0,0
haufegroup.careers,2601820856787772428,0,0
haufegroup.careers,2601023767960233981,0,0
haufegroup.careers,2598134750424615689,0,0
haufegroup.careers,2597498791354139519,0,1
haufegroup.careers,2595962227469807158,0,0
haufegroup.careers,2594291919151070526,0,0
haufegroup.careers,2593821574036067268,0,0
hashnode,2609659722767699335,0,0
hashnode,2608934950693767208,0,0
hashnode,2608147331890361047,0,0
hashnode,2607485396538666711,0,0
hashnode,2607442547545765769,0,0
hashnode,2606697745665569219,0,0
hashnode,2605973028134507532,0,0
hashnode,2605248172191584940,0,1
hashnode,2604523396485517059,0,0
hashnode,2603740714243617004,0,0
hashnode,2603015945273563395,0,0
hashnode,2602349151575853243,0,0
happybytes_,2382787808941924522,0,0
happybytes_,2365375144368339993,0,0
happybytes_,2364683184150190860,0,0
happybytes_,2361635526492272181,0,0
happybytes_,2287795398637430872,0,0
happybytes_,2285690031397256784,0,0
happybytes_,2276225169301997295,0,0
happybytes_,2266068548223751425,0,0
happybytes_,2265333479403069582,0,0
happybytes_,2263201139279461757,1,0
happybytes_,2260287155754938323,0,0
happybytes_,2258742613370905077,0,0
hamburgcodingschool,2597845535665366725,0,0
hamburgcodingschool,2592762598410247042,0,0
hamburgcodingschool,2587703515409828126,0,0
hamburgcodingschool,2577565206555905649,0,0
hamburgcodingschool,2567399894641857533,0,0
hamburgcodingschool,2562327297632516435,0,0
hamburgcodingschool,2557266537456942189,0,0
hamburgcodingschool,2552175330299378907,0,0
hamburgcodingschool,2541617588016611535,0,0
hamburgcodingschool,2471141779364105662,0,0
hamburgcodingschool,2435809989418263326,0,0
hamburgcodingschool,2426355125344684915,0,0
_hackweiser_,2437884014888105648,0,0
_hackweiser_,2436530690322565134,0,0
_hackweiser_,2434352672065779458,0,0
_hackweiser_,2430730837747122898,0,0
_hackweiser_,2429279465176754391,0,0
_hackweiser_,2428552484030153213,0,0
_hackweiser_,2426288899287632562,0,0
_hackweiser_,2424204589223031132,0,0
_hackweiser_,2418407714553290622,0,0
_hackweiser_,2415509476795970598,0,0
_hackweiser_,2411890076406674837,0,0
_hackweiser_,2406083594499015654,0,0
hack.of.shadow,2353572302479903187,1,0
hack.of.shadow,2353567195411449570,0,0
hack.of.shadow,2345801210726119998,1,0
hack.of.shadow,2345800319017092216,0,0
hack.of.shadow,2345799543649686387,0,0
hack.of.shadow,2345798771687933929,0,0
hack.of.shadow,2345758540637010794,0,1
hack.of.shadow,2345756663056917146,0,1
hack.of.shadow,2345755721116932906,0,0
hack.of.shadow,2344180563251838734,1,0
hack.of.shadow,2344178130798803507,0,1
hack.of.shadow,2344170218169017827,1,1
hackademymx,2608567086837397779,0,0
hackademymx,2607661569634874384,0,0
hackademymx,2601338870658517161,0,0
hackademymx,2597685201237990957,0,0
hackademymx,2593397460584062059,0,1
hackademymx,2592569682111708785,0,0
hackademymx,2592514163384686608,0,0
hackademymx,2591878798066366335,0,0
hackademymx,2591812350130775824,0,0
hackademymx,2591762484129425817,0,0
hackademymx,2591181291013548257,0,1
hackademymx,2591028144838754755,0,0
hackages,2606732333353526399,0,0
hackages,2601686699449725309,0,0
hackages,2596547719548060414,0,0
hackages,2591483713133061274,0,0
hackages,2586419803733294502,0,0
hackages,2581340027120402251,0,0
hackages,2576320361486381559,0,0
hackages,2571275840432141324,0,0
hackages,2566157147675089733,0,0
hackages,2553127947829767557,0,0
hackages,2545874320740094170,0,0
hackages,2542265840104006434,0,0
gyanibhukkadcs,2585913076990505847,0,0
gyanibhukkadcs,2584876480753048767,0,1
gyanibhukkadcs,2582731376978302123,0,0
gyanibhukkadcs,2582030710349967229,0,0
gyanibhukkadcs,2581279983537100442,0,1
gyanibhukkadcs,2580611467078372426,0,1
gyanibhukkadcs,2580087190227688345,0,0
gyanibhukkadcs,2579056470168412761,0,1
gyanibhukkadcs,2578424169176740404,0,0
gyanibhukkadcs,2577916372643059428,0,1
gyanibhukkadcs,2577049672493374427,0,1
gyanibhukkadcs,2576355093192491508,0,0
guide2settle,2360252099357628615,0,0
guide2settle,2358028143280136251,0,0
guide2settle,2356586876977321091,0,0
guide2settle,2355963904990343464,0,0
guide2settle,2354389373318184182,0,0
guide2settle,2353005469860387248,0,0
guide2settle,2351587507035237158,0,0
guide2settle,2350052176779660518,0,0
guide2settle,2348591059859587102,0,0
guide2settle,2347196594951315983,0,0
guide2settle,2346408911513690201,0,0
guide2settle,2344952923430337245,0,0
greywhalellc,2588869063040382043,0,0
greywhalellc,2588338460020747509,0,0
greywhalellc,2587470099967812295,0,0
greywhalellc,2587198225207612733,0,0
greywhalellc,2586637664287895819,0,0
greywhalellc,2585895923679007237,0,0
greywhalellc,2561153288871693889,0,0
greywhalellc,2560551482047326643,0,0
greywhalellc,2559972067949141140,0,0
greywhalellc,2557462792496292372,0,0
greywhalellc,2557108587424323565,0,1
greywhalellc,2556276067321492124,0,1
hsrwebcreation,2395594774368419835,0,0
hsrwebcreation,2387378163962436928,0,0
hsrwebcreation,2355767058475594791,1,0
hsrwebcreation,2344740748680968980,1,0
hsrwebcreation,2335839583520111363,0,0
hsrwebcreation,2332710233538895788,0,0
hsrwebcreation,2331887949752469983,0,0
hsrwebcreation,2329031397714514023,0,0
hsrwebcreation,2325822809405611331,0,0
hsrwebcreation,2325008534860589519,0,0
hsrwebcreation,2324056337691825064,0,0
hsrwebcreation,2322054732314319814,1,0
hop_training_institute,2489188411408350216,0,0
hop_training_institute,2489187589827858590,0,0
hop_training_institute,2489081496368027008,0,0
hop_training_institute,2488399525136326533,0,0
hop_training_institute,2488399128430759956,0,0
hop_training_institute,2488306290758079718,0,0
hop_training_institute,2487553328389674695,0,0
hop_training_institute,2487552635255757206,0,0
hop_training_institute,2487552128894199077,0,0
hop_training_institute,2486811829381238830,0,0
hop_training_institute,2486808924146253697,0,0
hop_training_institute,2486807943408807704,0,0
hicoderofficial,2592807356279539531,0,0
hicoderofficial,2590714977581129106,0,0
hicoderofficial,2590696538187741122,0,0
hicoderofficial,2588477488297401333,0,0
hicoderofficial,2587834540736057016,0,0
hicoderofficial,2587831171459951816,0,1
hicoderofficial,2585666849736644690,0,0
hicoderofficial,2585130584968630025,0,0
hicoderofficial,2583597951315025586,0,0
hicoderofficial,2582816806100879201,0,0
hicoderofficial,2582814306840979288,0,0
hicoderofficial,2581984797115886294,0,0
heman449,2757531882884363221,0,0
heman449,2750350929451804280,0,0
heman449,2740936179248752412,0,0
heman449,2737037044820820928,0,0
heman449,2736674257934314653,0,0
heman449,2736488179055343498,0,1
heman449,2735848564891647362,0,0
heman449,2731233667562288307,0,0
heman449,2729187441778049805,0,0
heman449,2719840608672909018,0,0
heman449,2654822070350822441,0,0
heman449,2651041802649571081,0,0
helpthehack__,2316949803382238223,0,0
helpthehack__,2316233121130927856,0,0
helpthehack__,2315501270858884987,0,0
helpthehack__,2314774478330006395,0,0
helpthehack__,2276367050802786607,0,0
helpthehack__,2275642259896547478,1,0
helpthehack__,2227064853573403179,1,0
helpthehack__,2217647147015457184,0,0
helpthehack__,2214747480241988575,1,0
helpthehack__,2208224254788753461,1,0
helpthehack__,2204597202797853286,1,0
helpthehack__,2203148310327603238,1,0
haztech.in,2604475650665239401,0,0
haztech.in,2603008353371017332,1,0
haztech.in,2601476657689529040,1,0
haztech.in,2596404966428892404,1,0
haztech.in,2594228469261848587,1,0
haztech.in,2591322967322327538,1,0
haztech.in,2588425258156236769,1,0
haztech.in,2586249954973346124,0,0
haztech.in,2573262135870896454,0,0
haztech.in,2571818923545587331,1,0
haztech.in,2532770732776246341,0,0
haztech.in,2532045869736458056,0,0
mehrzero,2670641211922047705,1,1
mehrzero,2670430661166480016,0,0
mehrzero,2667357567379903114,0,1
mehrzero,2663109604038682046,0,0
mehrzero,2661791715604125762,0,1
mehrzero,2656499729615756618,0,0
mehrzero,2641993686349056044,0,1
mehrzero,2634781474411751033,0,0
mehrzero,2633723012839269223,0,0
mehrzero,2633518209345394839,0,1
mehrzero,2630505801089792194,0,1
mehrzero,2618424744241107717,0,0
mateuslinux_,2583937277043320881,0,1
mateuslinux_,2577389867930746965,0,0
mateuslinux_,2576620980701868098,0,0
mateuslinux_,2575940398357971590,0,0
mateuslinux_,2575215420864096601,0,0
mateuslinux_,2573765841609732350,0,0
mateuslinux_,2573090733011514027,0,0
mateuslinux_,2572316446284552121,0,0
mateuslinux_,2571591695140256170,0,0
mateuslinux_,2570867022756735355,0,0
mateuslinux_,2570167284285597330,0,0
mateuslinux_,2569417519923059796,0,0
mastermndio,2618446155943882730,0,0
mastermndio,2617795948529040374,0,0
mastermndio,2616436879721394848,0,0
mastermndio,2614141883173346818,0,0
mastermndio,2613296657777109718,0,0
mastermndio,2611897409659624348,0,0
mastermndio,2610460006436677516,0,0
mastermndio,2609048223616552950,0,0
mastermndio,2608283326162983033,0,1
mastermndio,2603936799582496346,0,0
mastermndio,2603211325390996492,0,0
mastermndio,2601851168076658285,0,0
ing.jose.berna,2762778398131180627,0,0
ing.jose.berna,2762775597158066459,0,0
ing.jose.berna,2743158759914077096,0,0
ing.jose.berna,2743049670395621237,0,0
ing.jose.berna,2743034709967446460,0,0
ing.jose.berna,2742661936988780734,0,0
ing.jose.berna,2742346038528416901,0,0
ing.jose.berna,2742024711219131263,0,0
ing.jose.berna,2741966375891158535,0,0
ing.jose.berna,2722142882540330185,0,0
ing.jose.berna,2690247704675619309,0,0
ing.jose.berna,2690195540754486244,0,0
ingegneriaparametrica,2462598590140291009,0,0
ingegneriaparametrica,2302951952977263629,0,0
ingegneriaparametrica,2292810355822766070,0,0
ingegneriaparametrica,2292809329434595091,0,0
ingegneriaparametrica,2271081819877585237,0,0
ingegneriaparametrica,2266012405016638217,0,0
ingegneriaparametrica,2206583729108251420,0,0
ingegneriaparametrica,2201539285103170210,0,0
ingegneriaparametrica,2197410345673637181,0,0
ingegneriaparametrica,2196571510341412573,0,0
ingegneriaparametrica,2043538263964490539,0,1
ingegneriaparametrica,2043510619944327281,0,1
infosquad_,2609620670573142084,0,0
infosquad_,2609608625775502685,0,0
infosquad_,2608197706082385257,0,0
infosquad_,2606719339173022525,0,0
infosquad_,2604384544554709872,0,0
infosquad_,2603533497311155758,0,0
infosquad_,2603067688050628803,0,0
infosquad_,2601480617851791524,0,0
infosquad_,2600795173838637416,0,0
infosquad_,2597763195502748905,0,0
infosquad_,2597275316932841070,0,0
infosquad_,2596318609643050544,0,0
information_shaq,2346637763813411755,0,0
information_shaq,2345905547470736683,0,0
information_shaq,2341577733095295969,0,0
information_shaq,2340848538874607564,0,0
information_shaq,2340176015069656050,0,0
information_shaq,2339389198223753534,0,0
information_shaq,2338661235477580015,0,0
information_shaq,2337332138830836571,0,0
information_shaq,2336498748267249599,0,0
information_shaq,2335819180908857071,0,0
information_shaq,2335047032703535045,0,0
information_shaq,2334339886772867795,0,0
inffobugs,2512028385291694005,0,1
inffobugs,2499699268454179750,0,0
inffobugs,2485527964587125223,0,1
inffobugs,2485500716735583716,0,0
inffobugs,2442257734738040403,0,0
inffobugs,2436929009305749076,0,0
inffobugs,2432245899389434889,0,0
inffobugs,2430124175101332866,0,0
inffobugs,2423986751258388224,0,1
inffobugs,2420667184256558783,0,0
inffobugs,2417763405764170074,0,0
inffobugs,2412534749521352772,0,0
inet.weaver,2640551046470551575,0,0
inet.weaver,2601686532247378748,0,0
inet.weaver,2524869501590279776,0,0
inet.weaver,2494988809478022014,0,0
inet.weaver,2485686860249155358,0,0
inet.weaver,2476459682332570226,0,0
inet.weaver,2475484215920311215,0,0
inet.weaver,2474849269691798903,0,0
inet.weaver,2471695072937154474,0,0
inet.weaver,2460893186919332220,0,0
inet.weaver,2456488342146068949,0,1
inet.weaver,2455125556195477194,0,0
inetraining,2779552699825673236,0,0
inetraining,2779468889981195416,0,0
inetraining,2778786688960806437,0,0
inetraining,2778692569049368714,0,1
inetraining,2776720710976059045,0,1
inetraining,2776013373726489044,0,1
inetraining,2774380210726026029,0,1
inetraining,2774266981286827809,0,0
inetraining,2773848636901087400,0,1
inetraining,2773677764729133234,0,0
inetraining,2773600241754268593,0,0
inetraining,2771624959535055714,0,1
indiandevjourney,2618857368243222955,0,0
indiandevjourney,2577269682210006645,0,1
indiandevjourney,2577189442993502501,0,1
indiandevjourney,2397145923382693548,0,1
indiandevjourney,2396760785234769742,0,0
indiandevjourney,2394561722183801306,0,1
indiandevjourney,2393802205921627846,0,1
indiandevjourney,2393782226077718674,0,0
indiandevjourney,2393077631164797126,0,0
indiandevjourney,2371858826593844303,0,0
indiandevjourney,2371062835489968282,0,0
indiandevjourney,2370728678041641092,0,0
indiancybersecuritysolution,2674745318915344208,0,0
indiancybersecuritysolution,2674684415766886070,0,0
indiancybersecuritysolution,2674105799198030050,0,1
indiancybersecuritysolution,2674021191328578642,0,0
indiancybersecuritysolution,2673966082830612037,0,0
indiancybersecuritysolution,2673952021082283972,0,0
indiancybersecuritysolution,2673398681747502554,0,1
indiancybersecuritysolution,2673228025382720009,0,0
indiancybersecuritysolution,2673217924248695096,0,0
indiancybersecuritysolution,2672603806823683146,0,1
indiancybersecuritysolution,2672526230830753940,0,0
indiancybersecuritysolution,2672493839303178131,0,1
_incegna,2590549209510834583,0,0
_incegna,2589410196547933915,0,0
_incegna,2588687656188485979,0,0
_incegna,2588586982423482783,0,0
_incegna,2587937245248647713,0,0
_incegna,2587700264774144652,0,0
_incegna,2578574237682689716,0,0
_incegna,2578538522404129230,0,0
_incegna,2577589365879284679,0,0
_incegna,2576863347282636072,0,0
_incegna,2576351230775469715,0,0
_incegna,2576315624498240853,0,0
ig.fitbabes,2603621403842714204,0,0
ig.fitbabes,2361361002277264242,0,0
ig.fitbabes,2332246503019977793,0,0
ig.fitbabes,2260374237592567493,0,0
ig.fitbabes,2163046065855824831,0,0
ig.fitbabes,2152243772143244194,0,0
ig.fitbabes,2139091979737574252,0,0
ig.fitbabes,2124572222128895620,0,0
ig.fitbabes,2106499616762786391,0,0
ig.fitbabes,2100133950220800808,0,0
ig.fitbabes,2065561768249537922,0,0
ig.fitbabes,2055428375520406959,0,0
ifitech,2608845015509762510,0,1
ifitech,2607451595605284899,0,0
ifitech,2606655738594600667,0,0
ifitech,2602286566593749328,0,0
ifitech,2601579564316737995,0,1
ifitech,2600983190030070335,0,1
ifitech,2597195905534857203,0,1
ifitech,2596521971505476745,0,0
ifitech,2592147621159523447,0,0
ifitech,2591439075530918701,0,0
ifitech,2588472997716646885,0,0
ifitech,2587105447438992872,0,0
ichi.dev,2599506243044210279,0,0
ichi.dev,2595055611948185132,0,0
ichi.dev,2580234240420245403,0,0
ichi.dev,2574442863316333676,0,0
ichi.dev,2572656980146519104,0,0
ichi.dev,2571233895177714499,0,0
ichi.dev,2567046634018838341,0,0
ichi.dev,2540940313926379222,0,0
ichi.dev,2530640352105400672,0,0
ichi.dev,2525541870038272462,0,0
ichi.dev,2518322244283903208,0,0
ichi.dev,2515436148256633089,0,0
ibmdata,2608277507111976516,0,2
ibmdata,2603195599877321139,0,2
ibmdata,2597409004518053148,0,2
ibmdata,2592330544003144841,0,2
ibmdata,2587980874130625309,0,2
ibmdata,2582913487209580032,0,2
ibmdata,2576334106916848710,0,2
ibmdata,2562608197662780415,0,2
ibmdata,2556882490849659323,0,2
ibmdata,2551776254344887643,0,2
ibmdata,2546628893771642189,0,2
ibmdata,2542315644746071852,0,2
janganacode,2591641634408990810,0,0
janganacode,2352976625605365751,0,0
janganacode,2348999830862309423,0,0
janganacode,2348137917605609774,0,0
janganacode,2347375280219680130,0,0
janganacode,2335672945264864472,0,0
janganacode,2335019124381698644,0,0
janganacode,2333817455413238044,0,0
janganacode,2117973788791543601,0,0
janganacode,2037276545781122170,0,0
janganacode,2031780994197304694,0,0
janganacode,1972874597787684308,0,0
jakartalabs,2609415683284885365,0,1
jakartalabs,2608827115579537924,0,1
jakartalabs,2608155844420795259,0,0
jakartalabs,2607981610892793779,0,0
jakartalabs,2606652521041059329,0,0
jakartalabs,2606531699525704094,0,0
jakartalabs,2605825335657190285,0,0
jakartalabs,2602888975316664173,0,0
jakartalabs,2601613392183930058,0,0
jakartalabs,2600725664823161142,0,0
jakartalabs,2598544167332576993,0,0
jakartalabs,2597132872108672346,0,0
itlcenter,2607453818208406284,0,0
itlcenter,2596524982814003621,0,0
itlcenter,2593827434634517598,0,0
itlcenter,2263271928603488900,0,0
itlcenter,2262523613465255413,0,0
itlcenter,2261823748829413039,0,0
itlcenter,2259651816273100568,0,0
itlcenter,2258928945250711631,0,0
itlcenter,2258326323028555429,0,0
itlcenter,2257475483161915669,0,0
itlcenter,2255996099787801044,0,0
itlcenter,2254582875469196414,0,0
itechbadger,2572096853110512314,0,0
itechbadger,2570583695211762353,0,0
itechbadger,2569104077669669525,0,0
itechbadger,2568464443356975850,0,0
itechbadger,2567036158719555205,0,0
itechbadger,2565542855699530938,0,0
itechbadger,2564882612061472710,0,0
itechbadger,2564044318146963708,0,0
itechbadger,2563315412755039223,0,0
itechbadger,2562593398787749008,0,0
itechbadger,2561881422914880606,0,0
itechbadger,2561184893807855075,0,0
irsc.nitp,2473070987204436575,0,0
irsc.nitp,2454728519220400315,0,0
irsc.nitp,2440026776716960539,0,0
irsc.nitp,2391635888592807381,0,0
irsc.nitp,2391503317296866767,0,0
irsc.nitp,2390647271493935046,0,0
irsc.nitp,2389257483779893083,0,0
irsc.nitp,2380558900088224987,0,0
irsc.nitp,2379941107185722263,0,0
irsc.nitp,2379091353794891670,0,0
irsc.nitp,2378569475405862870,0,0
irsc.nitp,2378295860882036691,0,0
institutoluxor,2609848204302547394,0,0
institutoluxor,2584423889273004842,0,1
institutoluxor,2564886576293635752,0,1
institutoluxor,2562690816625957334,0,0
institutoluxor,2562070598820231289,0,1
institutoluxor,2556200500368600196,0,0
institutoluxor,2554722538444290738,0,0
institutoluxor,2524713999080196318,0,0
institutoluxor,2522538770245484551,0,0
institutoluxor,2517815659780866197,0,1
institutoluxor,2516436342802920633,0,0
institutoluxor,2514982991175122356,0,0
inspire_excellence_,2374140033539367746,0,0
inspire_excellence_,2368416585370552578,0,0
inspire_excellence_,2368254374983350509,0,0
inspire_excellence_,2366772591108440978,0,0
inspire_excellence_,2366146889518452191,1,0
inspire_excellence_,2365220272814374474,0,0
inspire_excellence_,2364667100278301973,0,0
inspire_excellence_,2364462358281482816,0,0
inspire_excellence_,2364019299194353031,0,0
inspire_excellence_,2363724287571247222,0,0
inspire_excellence_,2363300152168774701,0,0
inspire_excellence_,2363127173107489018,0,0
inspire_coding,2498066001216719148,0,0
inspire_coding,2495167585704787438,0,0
inspire_coding,2494619513207823525,0,0
inspire_coding,2493668734737221218,0,0
inspire_coding,2492225645573107035,0,0
inspire_coding,2491492660003730734,0,0
inspire_coding,2490080303301801846,0,0
inspire_coding,2489452540916379622,0,0
inspire_coding,2488839612399805645,0,0
inspire_coding,2487978319815982757,0,0
inspire_coding,2485840122843630621,0,0
inspire_coding,2481580139960380554,0,0
insanecodes,2684809376427331323,0,0
insanecodes,2683309242229145793,0,0
insanecodes,2679810131072740567,0,0
insanecodes,2678311051599369718,0,0
insanecodes,2676824000106362720,0,0
insanecodes,2675407893747253747,0,0
insanecodes,2674903654847560512,0,0
insanecodes,2674173066071009969,0,0
insanecodes,2671716490613770964,0,0
insanecodes,2669617017662167889,0,0
insanecodes,2664077187347711019,0,0
insanecodes,2663290604780589259,0,0
innovationhtb,2658342043444646455,0,0
innovationhtb,2577963373853535753,0,0
innovationhtb,2572889952258632431,0,0
innovationhtb,2567816503956502160,0,0
innovationhtb,2562743098748842631,0,0
innovationhtb,2557669668574777580,0,0
innovationhtb,2556952514270745128,0,0
innovationhtb,2556218707152204629,0,1
innovationhtb,2556164791313743082,0,0
innovationhtb,2555413381053988500,0,0
innovationhtb,2552596239470046454,0,0
innovationhtb,2547523134836222624,0,0
innoskrit,2465190836288519201,0,0
innoskrit,2390847487062640496,0,0
innoskrit,2386539412407209899,0,0
innoskrit,2382587614483032823,0,0
innoskrit,2377103728961565538,0,0
innoskrit,2376423660979284129,0,0
innoskrit,2279253917416069891,0,0
innoskrit,2278417003049936007,0,0
innoskrit,2277757374574045647,0,0
innoskrit,2252373720804961381,0,0
innoskrit,2248608036614615345,0,0
innoskrit,2247308347323960606,0,0
joselaica,2609290720648936301,0,1
joselaica,2607713275839943319,0,1
joselaica,2602576013783465813,0,1
joselaica,2601784620282387040,0,1
joselaica,2600346720286196270,0,1
joselaica,2532226166757182481,0,1
joselaica,2530861671160814808,0,0
joselaica,2530840218886643511,0,1
joselaica,2520734104386957712,0,0
joselaica,2520731933482284962,0,0
joselaica,2520729885328112906,0,0
joselaica,2515768831351212092,0,0
jodavidferreira,2649971785209366285,0,0
jodavidferreira,2638191955865404440,0,0
jodavidferreira,2613610553846216892,0,0
jodavidferreira,2590193480147202419,0,0
jodavidferreira,2548848303033236264,0,0
jodavidferreira,2546300969715969581,0,0
jodavidferreira,2517854511476022242,0,0
jodavidferreira,2508659530655965854,0,0
jodavidferreira,2501343439801934617,0,0
jodavidferreira,2458991717339416972,0,0
jodavidferreira,2448800457064597432,0,0
jodavidferreira,2446222177920733077,0,0
jobifan,2325613305730788711,0,0
jobifan,2324069829426062747,0,0
jobifan,2323419022695594230,0,0
jobifan,2322681690725603774,0,0
jobifan,2321270833051348520,0,0
jobifan,2320501480181889640,0,0
jobifan,2317629566404901609,0,0
jobifan,2314809479469898161,0,0
jobifan,2313958951441634140,0,0
jobifan,2310395692482557282,0,0
jobifan,2309707773266463041,0,0
jobifan,2306807413929550972,0,0
j.melaria,2720502645862287889,0,0
j.melaria,2710355829993354434,0,0
j.melaria,2705356534021393585,0,0
j.melaria,2700209150992008258,0,0
j.melaria,2695105281131735410,0,0
j.melaria,2684958454986157446,0,0
j.melaria,2680006078898461978,0,0
j.melaria,2674811674122358325,0,0
jetorbit,2607983054362353658,0,0
jetorbit,2607260448109763776,0,0
jetorbit,2602914726212222700,0,0
jetorbit,2602186616344781330,0,0
jetorbit,2600729902269369209,0,0
jetorbit,2595676676608360895,0,0
jetorbit,2592764134957279878,0,0
jetorbit,2592040958103333493,0,0
jetorbit,2590588261206387723,0,0
jetorbit,2586965587339140260,0,0
jetorbit,2586095836337405586,0,0
jetorbit,2585516245449257112,0,0
jayesh.2112,2766120330762581553,0,0
jayesh.2112,2734181960042057514,0,0
jayesh.2112,2733455613015402645,0,0
jayesh.2112,2726327542198212516,0,0
jayesh.2112,2398654344921648028,0,0
jayesh.2112,2311811332074115361,0,0
jayesh.2112,2308915884107872865,0,0
jayesh.2112,2308218465296818777,0,0
jayesh.2112,2307429317249867468,0,0
jayesh.2112,2306762062203751397,0,0
jayesh.2112,2270480623699387439,0,0
jayesh.2112,2269687230236909131,0,0
javascript.tips,2451390732955567883,0,1
javascript.tips,2442037283034140449,0,1
javascript.tips,2371891624281214729,0,0
javascript.tips,2349514479127030653,0,1
javascript.tips,2349174750963594041,0,1
javascript.tips,2333570598451654622,0,1
javascript.tips,2333356503240694814,0,0
javascript.tips,2325253065172598839,0,0
javascript.tips,2325252244901067297,0,1
javascript.tips,2317524459176624194,0,0
javascript.tips,2315139533093636115,0,0
javascript.tips,2298456001982065193,0,1
javascriptmastery,2609780564043815926,0,0
javascriptmastery,2609040487240035302,0,0
javascriptmastery,2608313434003976490,0,0
javascriptmastery,2607619830916757151,0,0
javascriptmastery,2606868065912940898,0,0
javascriptmastery,2606139177138246137,0,0
javascriptmastery,2603938823843646567,0,0
javascriptmastery,2603253719467124932,0,0
javascriptmastery,2600341028742238896,0,0
javascriptmastery,2599650891142242931,0,0
javascriptmastery,2598929273293971837,0,0
javascriptmastery,2598171743848499153,0,0
karim_rahali,2741113311678175448,0,0
karim_rahali,2722773118391356333,0,0
karim_rahali,2636769482687247257,0,0
karim_rahali,2361380580263150002,0,0
karim_rahali,2255513248417128036,0,0
karim_rahali,2254872532653411834,0,0
karim_rahali,2244637131598606462,0,0
karim_rahali,2239436156789182240,1,0
karim_rahali,2142400737271102296,0,0
karim_rahali,2099623486116215179,0,0
karim_rahali,2038114921350204458,1,0
karim_rahali,1915655530064613357,0,0
_jxdesigns_,2494167097317588652,1,0
_jxdesigns_,2492002618467243515,0,0
_jxdesigns_,2489093385023713332,1,0
_jxdesigns_,2486880667298453311,1,0
_jxdesigns_,2486190207366120449,1,0
_jxdesigns_,2485395597421234459,0,0
jovian.ml,2608772953223914379,0,0
jovian.ml,2606791973747402375,0,1
jovian.ml,2605984293168531223,0,0
jovian.ml,2605351144214396036,0,0
jovian.ml,2603976027974497634,0,0
jovian.ml,2603251393775932649,0,0
jovian.ml,2601036913687986880,0,0
jovian.ml,2597869136684274600,0,0
jovian.ml,2582217935506775362,0,0
jovian.ml,2581439192949530699,0,0
jovian.ml,2546662026768641303,0,0
jovian.ml,2295768757815445750,0,0
kosiner.codes,2778599928740450962,0,1
kosiner.codes,2776471533303051982,0,0
kosiner.codes,2774869263532491877,0,0
kosiner.codes,2774264002866318776,0,0
kosiner.codes,2771262340165905546,1,0
kosiner.codes,2770604862428163811,0,0
kosiner.codes,2769169479870081238,0,0
kosiner.codes,2767891541493094720,0,1
kosiner.codes,2766241513129293658,0,0
kosiner.codes,2765455825953836463,0,0
kosiner.codes,2761155139950798864,1,0
kosiner.codes,2759785387537824656,0,0
kopidev,2371557634949094526,0,0
kopidev,2370912246000834173,0,0
kopidev,2307124908246794123,0,0
kopidev,2307027944050242072,0,0
kopidev,2306778596511018783,0,0
kopidev,2290763248401747946,0,0
kopidev,2290053582860328623,0,0
kopidev,2288685336823592098,0,0
kopidev,2287997057442635900,0,0
kopidev,2285284416202978498,0,0
kopidev,2284811488075998483,0,0
kopidev,2271872592233210212,0,0
konsepkoding,2582690039168004078,0,0
konsepkoding,2577614797605297285,0,0
konsepkoding,2574659467109821830,0,0
konsepkoding,2573926853499512941,0,0
konsepkoding,2491381298321554760,0,0
konsepkoding,2489136807250387445,0,0
konsepkoding,2485808930039726708,0,0
konsepkoding,2483523407510048653,0,0
konsepkoding,2435508812736724882,0,0
konsepkoding,2429717826458675823,0,0
konsepkoding,2427089394226832081,0,0
konsepkoding,2426088344237783703,0,0
komhedos,2400776590469868696,0,0
komhedos,2398525709158275614,0,0
komhedos,2395855807549268425,0,0
komhedos,2394889208188980566,0,0
komhedos,2311686482888175708,0,0
komhedos,2304771607477654990,0,0
komhedos,2304625499392735974,0,0
komhedos,2304624172289826021,0,0
komhedos,2299419922844716159,0,0
komhedos,2298708550666208753,0,0
komhedos,2292806113006872577,0,0
komhedos,2292085701700531493,0,0
kod.manyagi,2632050262881940724,0,1
kod.manyagi,2590034140246228190,0,0
kod.manyagi,2589473030745087085,1,1
kod.manyagi,2589447151855710449,0,1
kod.manyagi,2575584103571275855,0,0
kod.manyagi,2575583241851539372,0,0
kod.manyagi,2538077643414019999,0,1
kod.manyagi,2537951813010482544,0,0
kod.manyagi,2522038454821466227,0,1
kod.manyagi,2514912397664356986,0,1
kod.manyagi,2505902999537196864,0,1
kod.manyagi,2505900524705117222,0,1
kodingyuk,2594474172146190243,0,0
kodingyuk,2588635212358460405,0,0
kodingyuk,2588315615503773092,0,0
kodingyuk,2586846563555987398,0,0
kodingyuk,2586317272179055412,0,0
kodingyuk,2465616271648227184,0,0
kodingyuk,2463637114185785915,0,0
kodingyuk,2411515596228355116,0,0
kodingyuk,2401690516845588395,0,0
kodingyuk,2380274087013467562,0,0
kodingyuk,2361841216846483595,0,0
kodingyuk,2341857477869511582,0,0
knacksack_official,2411873140763306044,0,0
knacksack_official,2408220345459908316,0,0
knacksack_official,2406601919465361032,0,0
knacksack_official,2403158231900908508,0,0
knacksack_official,2401673211726215485,0,0
knacksack_official,2361898775943145797,0,0
knacksack_official,2361010225727115979,0,0
knacksack_official,2360465534795370725,0,0
knacksack_official,2357480893914197691,0,0
knacksack_official,2356820147563680392,0,0
knacksack_official,2348780702965094146,0,0
knacksack_official,2346549131423940562,0,0
kiyozu_webdesign,2611122409027825893,0,0
kiyozu_webdesign,2530581486275361926,0,0
kiyozu_webdesign,2518475734329729370,0,0
kiyozu_webdesign,2515631235142228637,0,0
kiyozu_webdesign,2512703239099968632,0,0
kiyozu_webdesign,2511950276798488759,0,0
kiyozu_webdesign,2511218291394256401,0,0
kiyozu_webdesign,2510539805679925419,0,0
kiyozu_webdesign,2509780155611088958,0,0
kiyozu_webdesign,2509062505499136678,0,1
kiyozu_webdesign,2508303837451685026,0,0
kiyozu_webdesign,2506851754726335284,0,0
keyloggerartwear,2543622504090705601,0,0
keyloggerartwear,2527495149190555980,0,0
keyloggerartwear,2523861081336994039,0,0
keyloggerartwear,2512253324263509203,0,0
keyloggerartwear,2500001796798733097,0,0
keyloggerartwear,2371795995417016745,0,1
keyloggerartwear,2368311490479726268,0,0
keyloggerartwear,2349163997372401935,0,0
keyloggerartwear,2347095454384443977,0,0
keyloggerartwear,2307132087913957222,0,0
keyloggerartwear,2306392488212221854,0,0
keyloggerartwear,2305670171391779848,0,0
kev_the_webdev,2804651788742708640,0,0
kev_the_webdev,2804079473361530551,0,1
kev_the_webdev,2803941967240555310,0,0
kev_the_webdev,2803207190248530467,0,1
kev_the_webdev,2802491325376506061,0,0
kev_the_webdev,2801855202885778144,0,1
kev_the_webdev,2801725435953357660,0,0
kev_the_webdev,2801155323385469672,0,1
kev_the_webdev,2800336207189317975,0,0
kev_the_webdev,2799624291981094860,0,1
kev_the_webdev,2798859800873431818,0,0
kev_the_webdev,2796754165380399671,0,1
keen_io,2387983704491648608,0,0
keen_io,2384300522033425218,0,0
keen_io,2380792007349242668,0,0
keen_io,2380790764627030550,0,0
keen_io,2377839478134263402,0,0
keen_io,2375665444818159013,0,0
keen_io,2372762860822981922,0,0
keen_io,2370589592657039246,0,0
keen_io,2370588445313528005,0,0
keen_io,2367691037434225568,0,0
keen_io,2365636488739326371,0,0
keen_io,2365631818733994963,0,0
larax_ca,2626906958930408597,0,0
larax_ca,2625118052295788916,0,0
larax_ca,2621727608635534367,0,0
larax_ca,2619860579246767599,0,0
larax_ca,2616986935982033760,0,0
larax_ca,2615599519333611196,0,0
larax_ca,2611328853331590390,0,0
larax_ca,2610573141160728525,0,0
larax_ca,2608375437785476259,0,0
larax_ca,2606527069937388097,0,0
larax_ca,2605802250132458240,0,0
larax_ca,2601166199526816245,0,0
lane4solution,2582721447978728904,0,1
lane4solution,2581215317477591406,0,0
lane4solution,2578455221957827316,0,0
lane4solution,2578454780541100751,0,0
lane4solution,2542778107597935546,0,0
lane4solution,2515185855438675369,0,0
lane4solution,2513777329973570160,0,1
lane4solution,2494391387991084513,0,0
lane4solution,2489905358465829756,0,0
lane4solution,2489904557462794438,0,0
lane4solution,2489903110864021240,0,0
lane4solution,2489900325091286535,0,0
lamiss_devlife,2559759660921317324,0,0
lamiss_devlife,2550857763971742216,0,0
lamiss_devlife,2531375341060379837,0,1
lamiss_devlife,2524971004578934704,0,0
lamiss_devlife,2509733737476131421,0,0
lamiss_devlife,2491529075715479072,0,0
lamiss_devlife,2488001161929792213,0,0
lamiss_devlife,2487301687683186026,0,0
lamiss_devlife,2484253562378689015,0,0
lamiss_devlife,2482908554488881354,0,0
lamiss_devlife,2480039587504009763,0,0
lamiss_devlife,2477049875029952067,0,0
lakebrainstechnologies,2609508220243698142,0,0
lakebrainstechnologies,2609366216738271344,0,0
lakebrainstechnologies,2608918996524000054,0,0
lakebrainstechnologies,2608739900758257329,0,0
lakebrainstechnologies,2608227419707400209,0,0
lakebrainstechnologies,2607941737885577377,0,0
lakebrainstechnologies,2607498681189243197,0,0
lakebrainstechnologies,2607250604163429870,0,0
lakebrainstechnologies,2606668850255900701,0,0
lakebrainstechnologies,2606512174487943855,0,0
lakebrainstechnologies,2606116376600132775,0,0
lakebrainstechnologies,2606032587432620254,0,0
labichenumerique,2505335471845242038,0,1
labichenumerique,2502475060636766364,0,0
labichenumerique,2494423056236654281,0,0
labichenumerique,2491453836729218213,0,0
labichenumerique,2490724749396145661,0,0
labichenumerique,2489350066729891873,0,0
labichenumerique,2485061961256367057,0,0
labichenumerique,2484358724274363780,0,0
labichenumerique,2481630411378592223,0,0
labichenumerique,2479251084540136749,0,0
labichenumerique,2474889801221151685,0,0
labichenumerique,2469769829444643717,0,1
kuldeep251019,2379432557748778725,0,0
kuldeep251019,2373324702725521203,0,0
kuldeep251019,2371304634592390784,0,0
kuldeep251019,2369867296966683489,0,0
kuldeep251019,2365888082305032844,0,0
kuldeep251019,2362533577286963169,0,0
kuldeep251019,2361816972621909504,0,0
kuldeep251019,2356487527212193236,0,0
kuldeep251019,2353861203800708905,0,0
kuldeep251019,2353142146986355808,0,0
kuldeep251019,2352089286672586365,0,0
kuldeep251019,2351451688274991643,0,0
liquidmelbourne,2694264011694768323,0,0
liquidmelbourne,2657839148836512582,0,0
liquidmelbourne,2652933215802009373,0,1
liquidmelbourne,2648531048804479765,0,0
liquidmelbourne,2616035734122322150,0,0
liquidmelbourne,2613872004536025894,0,1
liquidmelbourne,2541995444222708001,0,1
liquidmelbourne,2539680896304651300,0,0
liquidmelbourne,2486888358677546723,0,1
liquidmelbourne,2485512482211498630,0,1
liquidmelbourne,2470311005541147298,0,1
liquidmelbourne,2470109433474538135,0,0
linuxnaweb,2537995283357779548,0,0
linuxnaweb,2536545850383966206,0,0
linuxnaweb,2530227723658485793,0,0
linuxnaweb,2528044130207186834,0,0
linuxnaweb,2525151370269646138,0,0
linuxnaweb,2519956846945550452,0,0
linuxnaweb,2517052969225094181,0,0
linuxnaweb,2515002289232679608,0,0
linuxnaweb,2513368317612480507,0,0
linuxnaweb,2512121210305849083,0,0
linuxnaweb,2511375581258620657,0,0
linuxnaweb,2510631714532083958,0,0
linuxtechtips,2610106906599974458,0,0
linuxtechtips,2610037441568872703,0,0
linuxtechtips,2610027471496503368,0,1
linuxtechtips,2609923704397859191,0,0
linuxtechtips,2609835887793572138,0,0
linuxtechtips,2609691986316045754,0,0
linuxtechtips,2609562436537390736,0,0
linuxtechtips,2609473865095043553,0,0
linuxtechtips,2609381961190222824,0,0
linuxtechtips,2609310999286691251,0,0
linuxtechtips,2609199101497527636,0,0
linuxtechtips,2609109605605839370,0,0
lifeworthliving7,2319298699850451356,0,0
lifeworthliving7,2319194056965418801,0,0
lifeworthliving7,2319134614978587838,0,0
lifeworthliving7,2318584017972059248,0,0
lifeworthliving7,2318481536134842128,0,0
lifeworthliving7,2318410929489753178,0,0
lifeworthliving7,2317877727822010182,0,0
lifeworthliving7,2317751816694896173,0,0
lifeworthliving7,2317682095375076142,0,0
lifeworthliving7,2317109218217067152,0,0
lifeworthliving7,2317029969519101518,0,0
lifeworthliving7,2316954163749052778,0,0
lidiacodes,2609672598314207387,0,0
lidiacodes,2608947839286432453,0,0
lidiacodes,2608223215406037660,0,0
lidiacodes,2607498543349753858,0,0
lidiacodes,2606773772337843381,0,0
lidiacodes,2606139864459931471,0,0
lidiacodes,2605142639132349698,0,0
lidiacodes,2604417890261537619,0,0
lidiacodes,2603965302948387389,0,0
lidiacodes,2603210253056570993,0,0
lidiacodes,2602455160679640575,0,0
lidiacodes,2601700003071472764,0,0
lian_gpco,2609783387498761472,0,0
lian_gpco,2608323827202480942,0,1
lian_gpco,2607609535503061217,0,0
lian_gpco,2606876860714619851,0,1
lian_gpco,2606143499713407167,0,0
lian_gpco,2605446880445715507,0,0
lian_gpco,2604720116429771534,0,0
lian_gpco,2604017512637324614,0,0
lian_gpco,2603264489206122956,0,0
lian_gpco,2602520008148290487,0,1
lian_gpco,2601813604384594293,0,0
lian_gpco,2601075672841431693,0,0
lewagonkorea,2539985644427509177,0,0
lewagonkorea,2535620378306300530,0,0
lewagonkorea,2531980376468937693,0,0
lewagonkorea,2531089133785309981,0,0
lewagonkorea,2525424429735965290,0,0
lewagonkorea,2521831054684383919,0,0
lewagonkorea,2519649543210104953,0,0
lewagonkorea,2517529677074199020,0,0
lewagonkorea,2516020303713304856,0,0
lewagonkorea,2513102544683887611,0,0
lewagonkorea,2511520830157069564,0,0
lewagonkorea,2510969071000972050,0,0
letshelloworld,2311788819634065481,0,0
letshelloworld,2307469926476138752,1,0
letshelloworld,2306028802452713605,0,0
letshelloworld,2304257099099570437,0,0
letshelloworld,2302424234422621705,0,0
letshelloworld,2300773266266208512,0,0
letshelloworld,2299306148412713979,0,0
letshelloworld,2297343305081435497,1,0
letshelloworld,2296703595984341913,0,1
letshelloworld,2295687033957535867,0,0
letshelloworld,2294471278496463855,1,0
letshelloworld,2293791595828240891,1,0
letscloud_official,2562758836834475008,0,0
letscloud_official,2560601905231525176,0,0
letscloud_official,2557722529678512217,0,0
letscloud_official,2555507535914298196,0,0
letscloud_official,2552624316860610807,0,0
letscloud_official,2550495382304089815,0,0
letscloud_official,2538134319810839480,0,0
letscloud_official,2535941888852038067,0,0
letscloud_official,2527254681772822591,0,0
letscloud_official,2526532378734676231,0,0
letscloud_official,2524995557244656396,0,0
letscloud_official,2521462073691546505,0,0
lets__code,2644178892769018290,0,0
lets__code,2643644853490290620,0,0
lets__code,2639866511301756677,0,0
lets__code,2637832223160888390,0,0
lets__code,2635010779410382575,0,0
lets__code,2633150694001276005,0,0
lets__code,2629402995137603800,0,0
lets__code,2627654548009775366,0,0
lets__code,2626244467900767533,0,0
lets__code,2625415014546506398,0,0
lets__code,2624023529062729916,0,0
lets__code,2623332961957564431,0,0
lebaston100,2488026151804245977,0,0
lebaston100,2439419797309262172,0,0
lebaston100,2339977650051385090,0,0
lebaston100,2290689415223925631,0,0
lebaston100,2129027461640504251,0,0
lebaston100,1884273659456066014,0,0
lebaston100,1853808919571490750,0,0
lebaston100,1620442257629268204,1,0
lebaston100,1507968630301128316,0,0
lebaston100,1491411192475280015,1,0
lebaston100,1430021960465509545,1,0
lebaston100,1421679588853846251,1,0
learntocode.live,2397316918630808932,0,0
learntocode.live,2396728615560685430,0,1
learntocode.live,2396546161105251554,0,0
learntocode.live,2395824374797161451,0,0
learntocode.live,2395104092608318513,0,0
learntocode.live,2394365895003726541,0,0
learntocode.live,2394239380249372117,0,1
learntocode.live,2393667616276452017,0,0
learntocode.live,2393468159035415466,0,1
learntocode.live,2392894704992701357,0,1
learntocode.live,2392055685773971899,0,1
learntocode.live,2392053318617731246,0,0
lulububu.software,2605940378572944166,0,0
lulububu.software,2600805949433060935,0,0
lulububu.software,2595871990190182271,0,0
lulububu.software,2590770178928057705,0,0
lulububu.software,2585750154941059902,0,0
lulububu.software,2581296956033717336,0,0
lulububu.software,2575495865526152786,0,0
lulububu.software,2570426338518052493,0,0
lulububu.software,2565418801603422923,0,0
lulububu.software,2560281556198358153,0,0
lulububu.software,2555308774469416871,0,0
lulububu.software,2550243570840764869,0,0
luisefreese,2762881458110104701,0,0
luisefreese,2762838125271029439,0,0
luisefreese,2762828646194252358,0,0
luisefreese,2755204182165368148,0,0
luisefreese,2754851504038819098,0,0
luisefreese,2751931683298877744,0,0
luisefreese,2751931397381780652,0,0
luisefreese,2746045431567528272,0,0
luisefreese,2741705407178903082,0,0
luisefreese,2741120169784861567,0,0
luisefreese,2741097113855154723,0,0
luisefreese,2741081270951052100,0,1
lovecoders,2610056861202758094,0,0
lovecoders,2609681693326290860,0,0
lovecoders,2609473954801107934,0,0
lovecoders,2609323495637414414,0,0
lovecoders,2609000158528861626,0,0
lovecoders,2608775676946191182,0,0
lovecoders,2608646572871732065,0,0
lovecoders,2608277095784911490,0,0
lovecoders,2608067537435231564,0,0
lovecoders,2607892642063496449,0,0
lovecoders,2607559241477527050,0,0
lovecoders,2607286435548276633,0,0
lost.programmer,2337156684517413366,0,0
lost.programmer,2336975514500027980,0,0
lost.programmer,2336885081790807018,0,0
lost.programmer,2336703828986262605,0,0
lost.programmer,2336613193843128478,0,0
lost.programmer,2336522699335040069,0,0
lost.programmer,2336431900388679918,0,0
lost.programmer,2336341567075513258,0,0
lost.programmer,2336250937057922389,0,0
lost.programmer,2336160309784311703,0,0
lost.programmer,2335963907138840278,0,0
lost.programmer,2335692145800238782,0,0
lores.in,2330708015734524924,0,0
lores.in,2327805658147084982,0,0
lores.in,2325975663095371170,0,0
lores.in,2325273884707924388,0,0
lores.in,2324137754306472365,0,0
lores.in,2323062454373925519,0,0
lores.in,2321605940509529497,0,0
lores.in,2320923037194684195,0,1
lores.in,2320181047284762533,0,0
lores.in,2319552140089188049,0,0
lores.in,2318784717639423649,0,0
lores.in,2317986501440547537,0,0
lorenzosmusic,2606313645431369753,0,0
lorenzosmusic,2606215451657542442,0,0
lorenzosmusic,2567944518173990831,0,1
lorenzosmusic,2530997745889536886,0,0
lorenzosmusic,2507089649298747633,0,1
lorenzosmusic,2500575928606794603,0,1
lorenzosmusic,2467241880866512166,0,0
lorenzosmusic,2454827376491847727,0,1
lorenzosmusic,2454102222447945724,0,0
lorenzosmusic,2413605669897679037,0,1
lorenzosmusic,2413511607798032357,0,1
lorenzosmusic,2412129902273226370,0,1
logicalswing,2543672814023193163,0,0
logicalswing,2530572213198348295,0,0
logicalswing,2524782497031058721,0,0
logicalswing,2521797326955078042,0,0
logicalswing,2513080959112021425,0,0
logicalswing,2512356199184746984,0,1
logicalswing,2505863706889095159,0,0
logicalswing,2503840445061724414,0,0
logicalswing,2502934262545302766,0,0
logicalswing,2501484558049381902,0,0
logicalswing,2500035083829358725,0,0
logicalswing,2499335580658952146,0,0
marialarcon16,2359798383542515223,0,0
marialarcon16,2354035585168243517,0,0
marialarcon16,2344590132517418546,0,0
marialarcon16,2343880154072613631,0,0
marialarcon16,2342473444757968696,0,0
marialarcon16,2337353905925952549,0,0
marialarcon16,2291723611176983289,0,0
marialarcon16,2243189451248757168,0,0
marialarcon16,2241060780085972833,0,0
marialarcon16,2003299779573264309,0,0
marialarcon16,1981579600803943537,0,0
marialarcon16,1977757818015888995,0,0
marcle.dev,2609180867147201220,0,0
marcle.dev,2608238888905243141,0,0
marcle.dev,2607029423572911884,0,0
marcle.dev,2606303012801249723,0,0
marcle.dev,2604732231181101491,0,0
marcle.dev,2604171839442548657,0,0
marcle.dev,2603828988242308417,0,0
marcle.dev,2603456874331145884,0,0
marcle.dev,2603095672295861709,0,0
marcle.dev,2602733734814616910,0,0
marcle.dev,2602406436303368496,0,1
marcle.dev,2601998228434872633,0,0
mapecodeweb,2312532217733802055,0,0
mapecodeweb,2285782614895918850,0,0
mapecodeweb,2282059839482520096,0,0
mapecodeweb,2279924474554432064,0,0
mapecodeweb,2264717286132698643,0,0
mapecodeweb,2263415432572818570,0,0
mapecodeweb,2262708961698525154,0,0
mapecodeweb,2261159607047162439,0,0
mapecodeweb,2253132233337040120,0,0
mapecodeweb,2252526563399216932,0,0
mapecodeweb,2250791310183867346,0,0
mapecodeweb,2248833710361917703,0,0
malin_root,2609867804292087169,0,0
malin_root,2609805859312617874,0,0
malin_root,2609419203355078079,0,0
malin_root,2609394383703706217,0,0
malin_root,2609155833292824175,0,0
malin_root,2609094643170543822,0,0
malin_root,2609024498528104169,0,0
malin_root,2608972564395951559,0,0
malin_root,2608921758355174669,0,0
malin_root,2608850937893057061,0,1
malin_root,2608785782492431648,0,0
malin_root,2608736772729649562,0,0
majorbugs,2588013408057535845,0,0
majorbugs,2586116712910169045,0,0
majorbugs,2584890988903680356,0,0
majorbugs,2574239299173876801,0,0
majorbugs,2537145064079933442,0,0
majorbugs,2529980593515501743,0,0
majorbugs,2526367265765340644,0,0
majorbugs,2524882008780166364,0,0
majorbugs,2521333095448089815,0,0
majorbugs,2519773740118524885,0,0
majorbugs,2516172254163601598,0,0
majorbugs,2421287780658557683,0,0
mehrdadshirvan,2735042010568667562,0,0
mehrdadshirvan,2733793186833343348,0,1
mehrdadshirvan,2733720960283135552,0,0
mehrdadshirvan,2727280384973190429,0,0
mehrdadshirvan,2725557776223109024,0,1
mehrdadshirvan,2724978790170552554,0,1
mehrdadshirvan,2720425268611395358,0,1
mehrdadshirvan,2715689506783524422,0,1
mehrdadshirvan,2698959928614587185,0,1
mehrdadshirvan,2695389004950846659,0,1
mehrdadshirvan,2691661363192545920,0,0
mehrdadshirvan,2690931292628087429,0,1
megacoders,2609699705035652313,0,0
megacoders,2608246547847339619,0,0
megacoders,2606799895982939128,0,0
megacoders,2605348471865940326,1,0
megacoders,2603171723450751285,0,0
megacoders,2601725080100464670,1,0
megacoders,2599551985939982100,1,0
megacoders,2598100099416334428,0,0
megacoders,2596647105084739765,0,0
megacoders,2595219996880024972,0,0
megacoders,2593770814684218981,1,0
megacoders,2592302183644841000,0,0
meet_kanth,2610130769016746007,0,0
meet_kanth,2608961382758986551,0,1
meet_kanth,2608230771131858365,0,1
meet_kanth,2607477274232999068,0,1
meet_kanth,2606909365773298631,0,0
meet_kanth,2606769744523399940,0,1
meet_kanth,2606051804576707301,0,1
meet_kanth,2605338204140479362,0,0
meet_kanth,2604585974575700814,0,0
meet_kanth,2603895505339713309,0,1
meet_kanth,2603593799062262493,0,1
meet_kanth,2603157072141196298,0,1
mecanicosdelaweb,2377863878496385523,0,0
mecanicosdelaweb,2353095956070861242,0,0
mecanicosdelaweb,2352540246081786763,0,0
mecanicosdelaweb,2350427232591207530,0,0
mecanicosdelaweb,2345370004649791701,0,0
mecanicosdelaweb,2344710430196257754,0,0
mecanicosdelaweb,2343803694375697757,0,0
mecanicosdelaweb,2338682232077683303,0,0
mecanicosdelaweb,2337287765777177180,0,0
mecanicosdelaweb,2333758527086071775,0,0
mecanicosdelaweb,2333112606023247998,0,0
mecanicosdelaweb,2328514227440103073,0,0
mdsaifali111,2661682298776641881,0,0
mdsaifali111,2659437373430239276,0,0
mdsaifali111,2573418300641268414,0,0
mdsaifali111,2564690902866061486,0,0
mdsaifali111,2544374610711909181,0,0
mdsaifali111,2469611891434016510,0,0
mdsaifali111,2433631631043475128,0,0
mdsaifali111,2426203081436898225,0,0
mdsaifali111,2354459638461868762,0,0
mdsaifali111,2323362827133199244,0,0
mdsaifali111,2318185302516229278,0,0
mdsaifali111,2317021742692009313,0,0
passive_pocket,2384969579615818998,0,0
passive_pocket,2374776210377706152,0,0
passive_pocket,2369835725484091716,0,0
passive_pocket,2367825062852948020,0,0
passive_pocket,2352301724823175146,0,0
passive_pocket,2347248658939789392,0,0
passive_pocket,2345789919510528857,0,0
passive_pocket,2329057166463227200,0,0
passive_pocket,2328479631279060400,0,0
passive_pocket,2327595192856406406,0,0
passive_pocket,2306668714621385375,0,0
passive_pocket,2291340407937642673,0,0
pandacode_ve,2362825857778685568,0,0
pandacode_ve,2328761627589099007,0,0
pandacode_ve,2328036885959720606,0,0
pandacode_ve,2327312079886965060,0,0
pandacode_ve,2324352575769605045,0,0
pandacode_ve,2323688192773140446,0,0
pandacode_ve,2322963406413413373,0,0
pandacode_ve,2322282317011369619,0,0
pandacode_ve,2320871762585295569,0,1
pandacode_ve,2318614533554683773,0,0
pandacode_ve,2315715468209634493,0,0
pandacode_ve,2315655068011088590,0,0
panayiotisgeorgiou,2656605353555253568,0,1
panayiotisgeorgiou,2655180733966913921,0,1
panayiotisgeorgiou,2654214228703130099,0,1
panayiotisgeorgiou,2611687675143223142,0,0
panayiotisgeorgiou,2609078657428087667,0,1
panayiotisgeorgiou,2565403743036096639,0,0
panayiotisgeorgiou,2547344765442060180,0,0
panayiotisgeorgiou,2533580931950573848,0,0
panayiotisgeorgiou,2506732817318989671,0,1
panayiotisgeorgiou,2506287570717795635,0,0
panayiotisgeorgiou,2500198992430669560,0,0
panayiotisgeorgiou,2486383753499034627,0,1
outco.io,2504939686719471536,0,0
outco.io,2501866425127016477,0,0
outco.io,2501140148270359121,0,0
outco.io,2498963889909963721,0,0
outco.io,2494776097912005676,0,0
outco.io,2475773314917998440,0,0
outco.io,2449772162829994940,0,0
outco.io,2443885095423476888,0,0
outco.io,2441075119480069329,0,0
outco.io,2438806954363956225,0,0
outco.io,2434442441806369057,0,0
outco.io,2428724318289787413,0,0
oreillyverlag,2600308823877275084,0,0
oreillyverlag,2598055487690186553,0,0
oreillyverlag,2582775222789005448,0,0
oreillyverlag,2580588297206386428,0,0
oreillyverlag,2568327163762068548,0,0
oreillyverlag,2564830696090956381,0,0
oreillyverlag,2562595275621604666,0,0
oreillyverlag,2558113201514759788,0,0
oreillyverlag,2547191531778139863,0,0
oreillyverlag,2542270420955405470,0,0
oreillyverlag,2534958545024372943,0,0
oreillyverlag,2524971859653539666,0,0
oprogramador_,2609738656714222618,0,0
oprogramador_,2606194896034176079,0,0
oprogramador_,2604725863850141770,0,0
oprogramador_,2604107588459830065,0,0
oprogramador_,2601131128249947976,0,1
oprogramador_,2596180724793847790,0,0
oprogramador_,2593100095906690419,0,0
oprogramador_,2592339487564607066,0,0
oprogramador_,2586547865397374187,0,0
oprogramador_,2585828505988934638,0,0
oprogramador_,2582210541972678807,0,0
oprogramador_,2581472819623994113,0,0
plcnext,2610281345596831159,0,0
plcnext,2609556569672869350,0,0
plcnext,2608990396480601847,0,1
plcnext,2608255489743545946,0,0
plcnext,2607545814714700780,0,0
plcnext,2606813487843881293,0,0
plcnext,2606101319527930176,0,0
plcnext,2605207906888621527,0,0
plcnext,2604483133304742150,0,0
plcnext,2603909366913178879,0,0
plcnext,2603194686166289371,0,0
plcnext,2602469894832689858,0,0
pixelcrayons,2609802160802995080,0,0
pixelcrayons,2608820693348151377,0,0
pixelcrayons,2607759202026590705,0,0
pixelcrayons,2406690130183307047,0,1
pixelcrayons,2391469775554605752,0,1
pixelcrayons,2383525957119028876,0,0
pixelcrayons,2382794935314387130,0,1
pixelcrayons,2381338195418728953,0,0
pixelcrayons,2380622504105578400,0,0
pixelcrayons,2379159837557872558,0,0
pixelcrayons,2378446356457984414,0,1
pixelcrayons,2374798835483657136,0,0
pink_pursuits,2569162877754574876,0,0
pink_pursuits,2565526428610093129,0,0
pink_pursuits,2562592175486366347,0,0
pink_pursuits,2560448062599688473,0,0
pink_pursuits,2556806459982437894,0,0
pink_pursuits,2552452805355156890,0,0
pink_pursuits,2550313451810906481,0,0
pink_pursuits,2547500811914038577,0,0
pink_pursuits,2528648422066286761,0,0
pink_pursuits,2525749359013875795,0,0
pink_pursuits,2522850232531127377,0,0
pink_pursuits,2519951131671452135,0,0
phpsrbija,2603203067777418098,0,0
phpsrbija,2294276608533963907,0,0
phpsrbija,2288468656413500598,0,0
phpsrbija,2282677739777697735,0,0
phpsrbija,2279061694370329269,0,0
phpsrbija,2274006793873412518,0,0
phpsrbija,2267523818201561145,0,0
phpsrbija,2261666311327610944,0,1
phpsrbija,2258773064145996245,0,0
phpsrbija,2255924563485748438,0,0
phpsrbija,2252976244924945377,0,0
phpsrbija,2250783990244380357,0,0
phoneleaks.in_,2593504965697138277,0,1
phoneleaks.in_,2476500185857055765,0,0
phoneleaks.in_,2458994171635384898,0,1
phoneleaks.in_,2369177021871850220,0,0
phoneleaks.in_,2356588763082266259,0,0
phoneleaks.in_,2349278578897017215,0,1
phoneleaks.in_,2345172643691620855,0,0
phoneleaks.in_,2334431202533310404,0,0
phoneleaks.in_,2323445964755817549,0,1
phoneleaks.in_,2310154405541055192,0,1
phoneleaks.in_,2308706797224235239,0,1
phoneleaks.in_,2308330915367085810,0,1
peoplesplace_,2556767482298557693,0,0
peoplesplace_,2556673944328273543,0,0
peoplesplace_,2556554128900672416,0,0
peoplesplace_,2513337932103231224,0,0
peoplesplace_,2513205220719139577,0,0
peoplesplace_,2513066089438382291,0,0
peoplesplace_,2512673200982226312,0,0
peoplesplace_,2512552567444534873,0,0
peoplesplace_,2512457396155053293,0,0
peoplesplace_,2512310899418724593,0,0
peoplesplace_,2483477854778456132,0,0
peoplesplace_,2479974452144499353,0,0
peoplesoftwares,2441997180515850162,0,0
peoplesoftwares,2429810653262054025,0,0
peoplesoftwares,2428521927227592286,0,1
peoplesoftwares,2391347398609020166,0,0
peoplesoftwares,2381146653419052726,0,0
peoplesoftwares,2378524341104509920,0,0
peoplesoftwares,2377755358658907120,0,1
peoplesoftwares,2376098246140730485,0,0
peoplesoftwares,2374808896295874674,0,1
peoplesoftwares,2369708083026268322,0,0
peoplesoftwares,2369007514141748857,0,0
peoplesoftwares,2367347073912967911,0,1
quickblox_official_,2604012051215935546,0,0
quickblox_official_,2597356503917498255,0,0
quickblox_official_,2592400231875127487,0,0
quickblox_official_,2588687181435249384,0,0
quickblox_official_,2582900722312895773,0,0
quickblox_official_,2577090739074962776,0,0
quickblox_official_,2572807366723256547,0,0
quickblox_official_,2567711546033671904,0,0
quickblox_official_,2563399115669838517,0,0
quickblox_official_,2552497912475181594,0,0
quickblox_official_,2546802107487475135,0,0
quickblox_official_,2525615764472519937,0,0
quera.ir,2610504649426122456,0,0
quera.ir,2607513496326237421,0,0
quera.ir,2601837645546088352,0,0
quera.ir,2597488096975185789,0,0
quera.ir,2595979331788501710,0,0
quera.ir,2592831813458091817,0,0
quera.ir,2590645151286396364,0,1
quera.ir,2587366550051513189,0,0
quera.ir,2582126149144657095,0,0
quera.ir,2574179483187756720,0,0
quera.ir,2552382365834130076,0,0
quera.ir,2549521785896837498,0,0
quadbusinesshouse,2572257490040412075,0,0
quadbusinesshouse,2568710240387252307,0,0
quadbusinesshouse,2561465458690788006,0,0
quadbusinesshouse,2553745225674858595,0,0
quadbusinesshouse,2550323296901032974,0,0
quadbusinesshouse,2540005672522700246,0,0
quadbusinesshouse,2486548824528545798,0,0
quadbusinesshouse,2485002763656613352,0,1
quadbusinesshouse,2482866026554888048,0,0
quadbusinesshouse,2458212029049943939,0,1
quadbusinesshouse,2436667819394252483,0,1
quadbusinesshouse,2433575110703314366,0,1
pytroops,2463329417024284747,0,1
pytroops,2445353212325368092,0,0
pytroops,2438801355888980743,0,0
pytroops,2424399785168731620,0,0
pytroops,2420752778214373018,0,0
pytroops,2404220589444295104,0,0
pytroops,2394651605942321448,0,0
pytroops,2384417980588006490,0,1
pytroops,2383566244222732195,0,0
pytroops,2375699455832968800,0,1
pytroops,2349646533357705808,0,1
pytroops,2348077067230274290,0,1
pythonthera.py,2611193238413898669,0,0
pythonthera.py,2609734198772993802,0,0
pythonthera.py,2606833319266864847,0,0
pythonthera.py,2602486688396370451,0,0
pythonthera.py,2601048094041507208,0,0
pythonthera.py,2598860545697052885,0,0
pythonthera.py,2597410087459831922,0,0
pythonthera.py,2594505724911285697,0,0
pythonthera.py,2590898788046649411,0,0
pythonthera.py,2589470304732499388,0,0
pythonthera.py,2587997201717216086,0,0
pythonthera.py,2587281259634775244,0,0
python.instructions,2779003057979350787,0,1
python.instructions,2778999289783029434,0,0
python.instructions,2774089012344001524,0,0
python.instructions,2759871756002515978,0,1
python.instructions,2757532802753163085,0,0
python.instructions,2748870611880857277,0,1
python.instructions,2747448040933193089,0,1
python.instructions,2746432244885594950,0,0
python.instructions,2743472881816382056,0,0
python.instructions,2743445932171769547,0,0
python.instructions,2742171455816612548,0,1
python.instructions,2739899178428067114,0,0
python__programming,2591483530454466822,0,0
python__programming,2573911568303769396,0,1
python__programming,2571755085004783322,0,1
python__programming,2569050415853428705,0,1
python__programming,2558266797564564651,0,1
python__programming,2544238068072841876,0,1
python__programming,2542718742106960632,0,1
python__programming,2532036097585491923,0,0
python__programming,2515393551349705229,0,1
python__programming,2493080877278553982,0,0
python__programming,2468833072246904686,0,0
python__programming,2466737489822431303,0,0
py_learners,2315904577255629123,0,0
py_learners,2313948736810060951,0,0
py_learners,2313222589398697234,0,0
py_learners,2312507401469086054,0,0
py_learners,2312342819345742840,0,0
py_learners,2312227651492172670,1,0
py_learners,2311865296098827854,1,0
py_learners,2311103417017564693,0,0
py_learners,2310327436887688777,0,0
py_learners,2310278604418176046,0,0
py_learners,2309686325575759345,0,0
py_learners,2308895467242929625,0,0
pyexperts,2610403307340772455,0,0
pyexperts,2609748542512606240,0,0
pyexperts,2601128697298593399,0,0
pyexperts,2600476004498335158,0,0
pyexperts,2599639988216589548,0,0
pyexperts,2598281550827992808,0,0
pyexperts,2597600920121168567,0,0
pyexperts,2596738195014113230,0,0
pyexperts,2593918199507295988,0,0
pyexperts,2592510324503232260,0,0
pyexperts,2586680137169575593,0,0
pyexperts,2585955610697514768,0,0
pycoders,2774814843697747776,0,0
pycoders,2772800992364463608,0,0
pycoders,2772085321947169898,0,0
pycoders,2771316698181847195,0,0
pycoders,2770627966277719238,0,0
pycoders,2769914918516574679,0,0
pycoders,2769228761076185437,0,0
pycoders,2767699276204015921,0,0
pycoders,2766982326482099199,0,0
pycoders,2766264924873965311,0,0
pycoders,2765416756415926397,0,0
pycoders,2764849207586901800,0,0
pure_coders,2609791126307885911,0,1
pure_coders,2605453038194707440,0,1
pure_coders,2561672211324816205,0,1
pure_coders,2559432768702527863,0,1
pure_coders,2554342512613471224,0,0
pure_coders,2553321524639641731,0,0
pure_coders,2553068580073697241,0,0
pure_coders,2552600809565234450,0,1
pure_coders,2552443387747933256,0,1
pure_coders,2552260557893809995,0,0
pure_coders,2551888754579097436,0,1
pure_coders,2551730159430518767,0,0
psdwizard,2563232596842615314,0,0
psdwizard,2558211240971286660,0,0
psdwizard,2556749255461300203,0,0
psdwizard,2552356076892892943,0,0
psdwizard,2540765254289140895,0,0
psdwizard,2537139963075448670,0,0
psdwizard,2531369668716787865,0,0
psdwizard,2528950643967502078,0,0
psdwizard,2526263264556594926,0,0
psdwizard,2522402974651656742,0,1
psdwizard,2519483070833160973,0,0
psdwizard,2517568288427531181,0,0
proud_programmers,2449945604822974528,0,0
proud_programmers,2390150152859071856,0,0
proud_programmers,2388690427281930858,0,0
proud_programmers,2388279333027327843,0,0
proud_programmers,2387957051096728299,0,0
proud_programmers,2387236907219214101,0,0
proud_programmers,2385793412449189833,0,0
proud_programmers,2385066179124372247,0,0
proud_programmers,2384367446111851756,0,0
proud_programmers,2383088868003141770,0,0
proud_programmers,2382866359915803063,0,0
proud_programmers,2381443513083677147,0,0
projetocodare,2607615195676641905,0,0
projetocodare,2603169771614543993,0,0
projetocodare,2601867690078641971,0,0
projetocodare,2598790876590577404,0,0
projetocodare,2597473601782570510,0,0
projetocodare,2592999901494562063,0,0
projetocodare,2592224737131704286,0,0
projetocodare,2583042978401935510,0,0
projetocodare,2581544233801705897,0,0
projetocodare,2577954619161666385,0,0
projetocodare,2576472324100210364,0,0
projetocodare,2572737135773146972,0,0
program.n_wth_jay,2442839061212208016,0,0
program.n_wth_jay,2420764823366284674,0,0
program.n_wth_jay,2318531028056138128,0,0
program.n_wth_jay,2306917926919432083,0,0
program.n_wth_jay,2295033388194743555,0,0
program.n_wth_jay,2290965944098520652,1,0
program.n_wth_jay,2290208825738768987,1,0
program.n_wth_jay,2278427800314412427,0,0
program.n_wth_jay,2276071609567343786,0,0
program.n_wth_jay,2275417510895234965,1,0
program.n_wth_jay,2271344937140189893,0,0
program.n_wth_jay,2271296039944142719,0,1
programmingworld_indore,2347118773642574609,0,0
programmingworld_indore,2344964653968119498,0,0
programmingworld_indore,2316697067753133116,0,0
programmingworld_indore,2301430923949520373,0,0
programmingworld_indore,2296324946929808091,0,0
programmingworld_indore,2293652420189569121,0,0
programmingworld_indore,2292078241543795118,0,0
programmingworld_indore,2290971260917533005,0,0
programmingworld_indore,2288733033266459537,0,0
programmingworld_indore,2287650348692465529,0,0
programmingworld_indore,2287649547697897687,0,1
programmingworld_indore,2287336245151395115,0,0
programmingjokess,2311849326923646849,0,0
programmingjokess,2310353258801029076,0,0
programmingjokess,2301791922013866525,0,0
programmingjokess,2102299523121398522,0,0
programmingjokess,2101936942828407341,0,0
programmingjokess,2101696161182028101,0,0
programmingjokess,2101575086430582184,0,0
programmingjokess,2101212395184368043,0,1
programmingjokess,2100971152397658905,0,0
programmingjokess,2100850005999918599,0,0
programmingjokess,2100487440539218280,0,0
programmingjokess,2100246446048581905,0,0
programming_mechanic,2584217029880797286,0,0
programming_mechanic,2568330116744639705,0,0
programming_mechanic,2540252589703625908,0,0
programming_mechanic,2519943815754750461,0,1
programming_mechanic,2498068126504196533,0,0
programming_mechanic,2497507389666916110,0,0
programming_mechanic,2495247374201493979,0,0
programming_mechanic,2492379275018133836,0,0
programming_mechanic,2488493702620644505,0,0
programming_mechanic,2485082045295077885,0,0
programming_mechanic,2484388989038158109,0,0
programming_mechanic,2468494606853999968,0,0
programming.lovers,2598015493743116208,0,0
programming.lovers,2593202650036213336,0,0
programming.lovers,2592442494621795579,0,0
programming.lovers,2591835921926940557,0,0
programming.lovers,2591721768758773004,0,0
programming.lovers,2591002477592465404,0,0
programming.lovers,2590965630731648440,0,0
programming.lovers,2537944256510480920,0,0
programming.lovers,2533662098660976894,0,0
programming.lovers,2533659567675404096,0,0
programming.lovers,2528883199338320397,0,0
programming.lovers,2525065784825355877,0,0
programmer_tshirt,2609907277692365623,0,0
programmer_tshirt,2609573998430561924,0,0
programmer_tshirt,2609141514870173841,0,0
programmer_tshirt,2608452278256781992,0,1
programmer_tshirt,2604092163823169819,0,1
programmer_tshirt,2603725284411594547,0,0
programmer_tshirt,2603458840268510488,0,0
programmer_tshirt,2603457056246388715,0,0
programmer_tshirt,2601421387970034351,0,0
programmer_tshirt,2600558514762757104,0,0
programmer_tshirt,2598971751451688010,0,0
programmer_tshirt,2598633165799954391,0,0
programming_bits,2694493048826248212,0,0
programming_bits,2693028617784484270,0,0
programming_bits,2597252788703298167,0,0
programming_bits,2595063496467921196,0,0
programming_bits,2594351571891180382,0,0
programming_bits,2593602143970414771,0,0
programming_bits,2592959241958509193,0,0
programming_bits,2579075746501717448,0,0
programming_bits,2554499617886570037,0,0
programming_bits,2552253242381868326,0,0
programming_bits,2548786669419676230,0,0
programming_bits,2546618432699246686,0,0
_programmertees,2464138561541332202,0,0
_programmertees,2461968075877082702,0,0
_programmertees,2459588107771734172,0,0
_programmertees,2457579068602892667,0,0
_programmertees,2456047873452892803,0,0
_programmertees,2454612896215249101,0,0
_programmertees,2453866192520299041,0,0
_programmertees,2453080934916827575,0,0
_programmertees,2452242887165903217,0,0
_programmertees,2450305442316967549,0,0
_programmertees,2449594057429647511,0,0
_programmertees,2448847892467707944,0,0
_programmer_jokes_,2658982380874737709,0,0
_programmer_jokes_,2641566484841551204,0,0
_programmer_jokes_,2577001846206572414,0,0
_programmer_jokes_,2573455963661777374,0,0
_programmer_jokes_,2565453004986125440,0,0
_programmer_jokes_,2556781152256603404,0,0
_programmer_jokes_,2551641366940339408,0,0
_programmer_jokes_,2545830135592925278,0,0
_programmer_jokes_,2535035720547581958,0,0
_programmer_jokes_,2532140198165897743,0,0
_programmer_jokes_,2530643702232875425,0,0
_programmer_jokes_,2529199840360629264,0,0
programmersbay,2640838083118248981,0,1
programmersbay,2640067344475643518,0,0
programmersbay,2639580258441147805,0,0
programmersbay,2637072458403198510,0,0
programmersbay,2634547805314052943,0,1
programmersbay,2629887029681615138,0,0
programmersbay,2627876172919040506,0,0
programmersbay,2627000780754681423,0,1
programmersbay,2626152174187404944,0,0
programmersbay,2625753316370271026,0,0
programmersbay,2624935632762219740,0,0
programmersbay,2624347528409984932,0,0
programmerfect,2610405093275345159,0,0
programmerfect,2610303027446061576,0,0
programmerfect,2610250154670737805,0,0
programmerfect,2610139608613103960,0,0
programmerfect,2609646076286523370,0,0
programmerfect,2609581814163787211,0,0
programmerfect,2609514388009192554,0,0
programmerfect,2609454033090174831,0,0
programmerfect,2609404210479848796,0,0
programmerfect,2608918780693117712,0,0
programmerfect,2608839061075270520,0,0
programmerfect,2608792137483838235,0,0
programmer.cloud,2673551895067350726,0,0
programmer.cloud,2672892308726698394,0,0
programmer.cloud,2671384718633542079,0,0
programmer.cloud,2665658061686875550,0,0
programmer.cloud,2661309050934830081,0,0
programmer.cloud,2659854139747565448,0,0
programmer.cloud,2658265547477457070,0,0
programmer.cloud,2654620772765435434,0,0
programmer.cloud,2652562268306665189,0,1
programmer.cloud,2649627776260675476,0,0
programmer.cloud,2648046368715678275,0,1
programmer.cloud,2645296558417901851,0,0
programmableweb,2647489998134308373,0,0
programmableweb,2646817240569234286,0,0
programmableweb,2645457603897811205,0,0
programmableweb,2644692559305351366,0,0
programmableweb,2644643016759232929,0,0
programmableweb,2644278830452648224,0,0
programmableweb,2644065424491383847,0,0
programmableweb,2643193187465023842,0,0
programmableweb,2642416564432263412,0,0
programmableweb,2641743847788607225,0,0
programmableweb,2639569494774862798,0,0
programmableweb,2639205403586878167,0,0
programer.js,2606864282231296124,0,0
programer.js,2606773554346018568,0,0
programer.js,2606652655186314460,0,0
programer.js,2606139585287969789,0,0
programer.js,2606048929065074526,0,0
programer.js,2605930188687914787,0,0
programer.js,2605414814897451800,0,0
programer.js,2605323968591476431,0,0
programer.js,2605203099496007302,0,0
programer.js,2604690145116269505,0,0
programer.js,2604599310149977738,0,0
programer.js,2604478333965422789,0,0
programagato,2595449052930626011,0,0
programagato,2587471298666777047,0,0
programagato,2580752983793007531,0,1
programagato,2556834809640970612,0,0
programagato,2556394709232892537,0,0
programagato,2552886619472592337,0,0
programagato,2538962864997032129,0,0
programagato,2537998995692479908,0,0
programagato,2536897559214930009,0,0
programagato,2536182630736273229,0,0
programagato,2511487901825509907,0,0
programagato,2489612452270987600,0,0
proggeekmeme,2604367122503384250,0,0
proggeekmeme,2603037681193921933,0,0
proggeekmeme,2601464482412930253,0,0
proggeekmeme,2601462850098840529,0,0
proggeekmeme,2600178412834667031,0,0
proggeekmeme,2599403744076771130,0,0
proggeekmeme,2599402850732207405,0,0
proggeekmeme,2599402557013331441,0,0
proggeekmeme,2599401571561543382,0,0
proggeekmeme,2339104851491098111,0,0
proggeekmeme,2338477274183250972,0,0
proggeekmeme,2337836657614868597,0,0
proghumors,2342268141947604965,0,0
proghumors,2342267980970412145,0,0
proghumors,2339340608813930497,0,0
proghumors,2339340549238202130,0,0
proghumors,2333689197161938568,0,1
proghumors,2333688908879068605,0,1
proghumors,2333687022667158957,0,0
proghumors,2332066894489825111,0,0
proghumors,2332066621037798101,0,0
proghumors,2330287378792508065,0,1
proghumors,2330287191290355337,0,1
proghumors,2327054890473466629,0,0
profadolfoguimaraes,2602095822187753558,0,0
profadolfoguimaraes,2599543672970579188,0,0
profadolfoguimaraes,2586760394236672164,0,0
profadolfoguimaraes,2586541291026702213,0,0
profadolfoguimaraes,2546921104665256033,0,0
profadolfoguimaraes,2537568793312885711,0,0
profadolfoguimaraes,2517946111457980039,0,0
profadolfoguimaraes,2512643011419484536,0,0
profadolfoguimaraes,2510590399211691144,0,0
profadolfoguimaraes,2508348228354069631,0,0
profadolfoguimaraes,2507798903169293279,1,0
profadolfoguimaraes,2506058986978487479,0,0
printinglab.in,2692350583168137689,0,0
printinglab.in,2691638099255799970,0,1
printinglab.in,2690827016399277975,0,0
printinglab.in,2690130014536272512,0,1
printinglab.in,2689422338554718080,0,0
printinglab.in,2688681381392226063,0,1
printinglab.in,2687934701520103614,0,1
printinglab.in,2687277438564374014,0,0
printinglab.in,2686587564106459958,0,1
printinglab.in,2685841477578003771,0,0
printinglab.in,2685054648117546343,0,1
printinglab.in,2684370906805738282,0,0
premium_kpi,2610593583924208448,0,0
premium_kpi,2609868801252360585,0,1
premium_kpi,2609144150663058374,0,0
premium_kpi,2608419524542698770,0,0
premium_kpi,2607745043652588888,0,0
premium_kpi,2606963984033940359,0,0
premium_kpi,2606476067705375705,0,0
premium_kpi,2604125172804871888,0,0
premium_kpi,2601792211622397487,0,0
premium_kpi,2601180312530462905,0,0
premium_kpi,2597598119937909607,0,0
premium_kpi,2596776408294478331,0,0
prashant_ashtekar,2603611427672856702,0,0
prashant_ashtekar,2602911796668181526,0,0
prashant_ashtekar,2584360825252089198,0,0
prashant_ashtekar,2579782190247624438,0,0
prashant_ashtekar,2574305400590706858,0,0
prashant_ashtekar,2547475902210502328,0,1
prashant_ashtekar,2524212036579602352,0,0
prashant_ashtekar,2521002322634795688,0,0
prashant_ashtekar,2513307070046263483,0,0
prashant_ashtekar,2513306437142510600,0,0
prashant_ashtekar,2506065439025553820,0,0
prashant_ashtekar,2505735188564552730,0,0
resethacker,2595464938789904268,0,0
resethacker,2590652600379288127,0,0
resethacker,2580402040950697562,0,0
resethacker,2575340885730404621,0,0
resethacker,2565196603354791106,0,0
resethacker,2560076751292148733,0,0
resethacker,2555098917884694184,0,0
resethacker,2554597937909001826,0,0
resethacker,2549693620643081323,0,0
resethacker,2539487951131155978,0,0
resethacker,2534384347542032742,0,0
resethacker,2529134852293284145,0,0
research.etal,2430024420939345375,0,0
research.etal,2428564390260149702,0,0
research.etal,2424932786627318479,0,0
research.etal,2424207560117461199,0,0
research.etal,2423488176113631302,0,0
research.etal,2421304038216506750,0,0
research.etal,2420581309625227364,0,0
research.etal,2411963639995931890,0,0
research.etal,2408992452311507799,0,0
research.etal,2406812783898192216,0,0
research.etal,2405311074344459281,0,0
research.etal,2388705692528415357,0,0
republic.of.coding,2329304021820644933,0,0
republic.of.coding,2329134859878112528,1,0
republic.of.coding,2212703786533681998,0,0
republic.of.coding,2186423040764752520,1,0
republic.of.coding,2171058484840475059,1,0
republic.of.coding,2170571117503440728,1,0
republic.of.coding,2138574345059165187,1,0
republic.of.coding,2137941456613152554,1,0
republic.of.coding,2135036452638150802,1,0
republic.of.coding,2130637048674115823,1,0
republic.of.coding,2129670517815466940,1,0
republic.of.coding,2129162587508823425,1,0
rehansqa,2470294969956054842,0,1
rehansqa,2468865198637819059,0,1
rehansqa,2467443782801629607,0,1
rehansqa,2466680141827966872,0,1
rehansqa,2465404939218721954,0,0
rehansqa,2461591977823713493,0,1
rehansqa,2460147156672234031,0,1
rehansqa,2454404266419349605,0,0
rehansqa,2453619117155137737,0,1
rehansqa,2451564417079544911,0,1
rehansqa,2447156497229137191,0,0
rehansqa,2445287986823389166,0,0
redhotcyber,2610625005636362645,0,0
redhotcyber,2610609101523248376,0,0
redhotcyber,2610608661029151291,0,0
redhotcyber,2610608023301944619,0,0
redhotcyber,2610607638491219927,0,0
redhotcyber,2610487715412886152,0,0
redhotcyber,2610407049112075119,0,0
redhotcyber,2610306555904321960,0,0
redhotcyber,2610300146202058538,0,0
redhotcyber,2610237021180305889,0,0
redhotcyber,2610236504190285822,0,0
redhotcyber,2610236001964351466,0,0
redcoders,2419028170058586451,0,1
redcoders,2381299214043903738,0,0
redcoders,2377607779050493755,0,0
redcoders,2371820671195024321,0,0
redcoders,2368324600431095304,0,0
redcoders,2368293307307766878,0,0
redcoders,2343673179219928398,0,0
redcoders,2337888403506471541,0,0
redcoders,2335786486332425979,0,0
redcoders,2332755138713980816,0,0
redcoders,2332025126998011169,0,0
redcoders,2331392492810889312,0,0
recodedrecruitment,2298593248687182481,0,0
recodedrecruitment,2294244612702989020,0,0
recodedrecruitment,2291345371518973369,0,0
recodedrecruitment,2286996608514177389,0,0
recodedrecruitment,2281923208586437109,0,0
recodedrecruitment,2278299287383277862,0,0
recodedrecruitment,2274154114898440633,0,0
recodedrecruitment,2271776244037149458,0,0
recodedrecruitment,2268937702911240903,0,0
recodedrecruitment,2268303747149898074,0,0
recodedrecruitment,2266400802667248103,0,0
recodedrecruitment,2263169924012628787,0,0
reactjs1,2676897339792351079,0,0
reactjs1,2676893722490344021,0,0
reactjs1,2676813870651292787,0,0
reactjs1,2675650932850661031,0,0
reactjs1,2675363632036918782,0,0
reactjs1,2674955746961886950,0,0
reactjs1,2674593847874453162,0,0
reactjs1,2674590256241655127,0,0
reactjs1,2674161631684027900,0,0
reactjs1,2673532001407831782,0,0
reactjs1,2673194179227789763,0,0
reactjs1,2672561075994281250,0,0
_razroo,2603142065033161931,0,0
_razroo,2587253951964749893,0,1
_razroo,2556754137591924994,0,0
_razroo,2549520360079742365,0,0
_razroo,2549028876174352869,0,1
_razroo,2526263701445404134,0,0
_razroo,2525508732276885118,0,0
_razroo,2522090636410435961,0,1
_razroo,2521198830786771939,0,0
_razroo,2520723954604366211,0,0
_razroo,2517688359786045606,0,0
_razroo,2517090372636949729,0,1
_rajjani,2608039754339814637,0,1
_rajjani,2607537380093470566,0,0
_rajjani,2602210897565784035,0,1
_rajjani,2592839496258025561,0,0
_rajjani,2546536681176064727,0,1
_rajjani,2531183943098537013,0,1
_rajjani,2497878695696444214,0,1
_rajjani,2468126876653235033,0,0
_rajjani,2466114701847944129,0,0
_rajjani,2465460844465552829,0,1
_rajjani,2455926743372874189,0,0
_rajjani,2443030460215640941,0,1
rajeshkmalhotra,2763836461971494490,0,1
rajeshkmalhotra,2743585751014123345,0,0
rajeshkmalhotra,2743151735334180979,0,1
rajeshkmalhotra,2743052496314698534,0,1
rajeshkmalhotra,2720640726359810896,0,0
rajeshkmalhotra,2720599991329746552,0,1
rajeshkmalhotra,2709419458879164706,0,1
rajeshkmalhotra,2683403592720822090,0,0
rajeshkmalhotra,2681291302521475015,0,1
rajeshkmalhotra,2681186919624293748,0,1
rajeshkmalhotra,2670645322858211591,0,0
rajeshkmalhotra,2670581295717162095,0,1
rzkrsnt,2573267020357230210,0,0
rzkrsnt,2471940195018958413,0,0
rzkrsnt,2438353170525953568,0,0
rzkrsnt,2368247049413412986,0,0
rzkrsnt,2365999250948872181,0,0
rzkrsnt,2344447244559986569,0,0
rzkrsnt,2073414814838876319,0,0
rzkrsnt,2057384036648753790,0,0
rzkrsnt,2053527499060686201,0,1
rzkrsnt,2052656974612576482,0,0
rzkrsnt,2030494069273640059,0,0
rzkrsnt,1945023577087928528,0,0
rudraalabs,2350892053055465336,0,0
rudraalabs,2350000236499843328,0,0
rudraalabs,2343162450627061586,0,0
rudraalabs,2343026649742407546,0,0
rudraalabs,2341684812234409919,0,0
rudraalabs,2335228812227067686,0,0
rudraalabs,2333720355506386715,0,0
rudraalabs,2333719229855896593,0,0
rudraalabs,2333718504174059042,0,0
rudraalabs,2333718111880766723,0,0
rudraalabs,2333716302709773196,0,0
rudraalabs,2333715182436286804,0,0
rtech.engg,2609464699154988264,0,0
rtech.engg,2595774429653699216,0,0
rtech.engg,2587754584710469895,0,0
rtech.engg,2587277621923328785,0,0
rtech.engg,2583149869112662253,0,0
rtech.engg,2567669824561909078,0,0
rtech.engg,2562513386290261958,0,0
rtech.engg,2560321774638317827,0,0
rtech.engg,2558714895805878712,0,0
rtech.engg,2552906244302114044,0,0
rtech.engg,2551617834962875992,0,1
rtech.engg,2548672780711300642,0,1
rodezweb,2476836596196841043,0,0
rodezweb,2408230373017514944,0,0
rodezweb,2404543209519951247,0,0
rodezweb,2403148418772988801,0,0
rodezweb,2402314943149045562,0,0
rodezweb,2401715151813254276,0,0
rodezweb,2400312802595261337,0,0
rodezweb,2399568022626036445,0,0
rodezweb,2398101566566641659,0,0
rodezweb,2395799980733470522,0,0
rodezweb,2395709146151342158,0,0
rodezweb,2394973332404475532,0,0
robofied,2610510513289778755,0,0
robofied,2609789487895451959,0,0
robofied,2607625568858777894,0,0
robofied,2605446336720233142,0,0
robofied,2604714695316203649,0,1
robofied,2603280585284625311,0,0
robofied,2601816342836040579,0,0
robofied,2601089745317279261,0,0
robofied,2600854103195033241,0,0
robofied,2599647547904257806,0,0
robofied,2598913446115064840,0,0
robofied,2597469310713580658,0,0
rizalspid,2407286756103680273,0,0
rizalspid,2277141132507737680,0,0
rizalspid,2277136976506067895,0,0
rizalspid,2276394807768013979,0,0
rizalspid,2276391064485950805,0,0
rizalspid,2275619781154413958,0,0
rizalspid,2275530452394385849,0,0
rizalspid,2274889193040507102,1,0
rizalspid,2274881495922142353,1,0
rizalspid,1877588936413263296,0,0
rizalspid,1820998383047720039,0,0
mkcoding,2595957180142450003,0,0
mkcoding,2559145343417829552,0,0
mkcoding,2548112950456041090,0,0
mkcoding,2537246367937429521,0,0
mkcoding,2507657474937491641,0,0
mkcoding,2488106904006637980,0,0
mkcoding,2463876025944234942,1,0
mkcoding,2460937026950668220,0,0
mkcoding,2458888130359465102,0,0
mkcoding,2457574651681883200,0,1
mkcoding,2457458759841222619,0,0
mkcoding,2456994211556444584,0,0
minerva.igdtuw,2608334511178731818,1,0
minerva.igdtuw,2608242925488942886,1,0
minerva.igdtuw,2606732098793606657,0,0
minerva.igdtuw,2603098193083497838,1,0
minerva.igdtuw,2601546655475112340,1,0
minerva.igdtuw,2596404362980091283,1,0
minerva.igdtuw,2595091030809250718,1,0
minerva.igdtuw,2592854268917811741,0,0
minerva.igdtuw,2587677609939762503,0,0
minerva.igdtuw,2586307713142259201,0,0
minerva.igdtuw,2585541801346755671,0,0
minerva.igdtuw,2585010873595744621,0,0
mi.motivational,2397806851355000594,0,0
mi.motivational,2395016734701735174,0,0
mi.motivational,2391282331699468857,0,0
mi.motivational,2388355996844892277,0,0
mi.motivational,2387763379142933440,0,0
mi.motivational,2385559860585201070,0,0
mi.motivational,2384766509879643817,0,0
mi.motivational,2384153479491790557,0,0
mi.motivational,2382633847500968393,0,0
mi.motivational,2381153502372994979,0,0
mi.motivational,2380390847530021968,0,0
mi.motivational,2378255971875997922,0,0
midu.dev,2608259532826383308,0,0
midu.dev,2607520287826891288,0,0
midu.dev,2607016759559764678,0,0
midu.dev,2606818778939991895,0,0
midu.dev,2602464563333566452,0,0
midu.dev,2599645420787906429,0,1
midu.dev,2598845793180453170,0,0
midu.dev,2596852858259341831,0,0
midu.dev,2596676665782487150,0,0
midu.dev,2596013477877967668,0,0
midu.dev,2590886147186492261,0,0
midu.dev,2589494855512817151,0,0
msfcode,2609047128089929117,0,0
msfcode,2607057612600860837,0,1
msfcode,2606860983302325586,0,0
msfcode,2605316186778726128,0,0
msfcode,2605236991801264243,0,1
msfcode,2604961590285784111,0,0
msfcode,2604148933567854068,0,1
msfcode,2603340425402453950,0,0
msfcode,2603244786916193608,0,1
msfcode,2602405320206988794,0,1
msfcode,2601895250830484879,0,1
msfcode,2601715399293008038,0,0
movementvault,2604183726461909373,0,0
movementvault,2590268798554564404,0,1
movementvault,2588986739869553854,0,1
movementvault,2583176298966628018,0,1
movementvault,2578091051866407509,0,1
movementvault,2574917616545888833,0,0
movementvault,2568679212820891126,0,0
movementvault,2564884452876386593,0,0
movementvault,2562886719906949078,0,0
movementvault,2561487072483242299,0,0
movementvault,2559811993303224055,0,0
movementvault,2557827346444779956,0,1
motivated.coder,2644699610561230273,0,1
motivated.coder,2643838639185840646,0,1
motivated.coder,2642497169996556756,0,1
motivated.coder,2479138716568894222,1,0
motivated.coder,2477744460193146458,0,0
motivated.coder,2477013013706604744,0,0
motivated.coder,2474868339034374362,0,0
motivated.coder,2474202853296606329,0,0
motivated.coder,2432070959021373863,1,0
motivated.coder,2430937232098716813,1,0
motivated.coder,2346720926240641368,0,0
motivated.coder,2329864123329831578,0,0
monthcode,2538178586646224692,0,0
monthcode,2536703176049697281,0,1
monthcode,2535256927090018253,0,0
monthcode,2531654563317897010,0,1
monthcode,2530903761829580001,0,1
monthcode,2530203221625023671,0,0
monthcode,2529466857333970352,0,1
monthcode,2528008249907636682,0,1
monthcode,2526558757677268442,0,0
monthcode,2525103653661003498,0,1
monthcode,2522958549642918764,0,0
monthcode,2521484290911571532,0,1
mondjojobs,2521458313557527557,0,0
mondjojobs,2520813010049323801,0,0
mondjojobs,2520024409641843259,0,0
mondjojobs,2507540747409877361,0,0
mondjojobs,2506875467107975170,0,0
mondjojobs,2506769407161887777,0,0
mondjojobs,2506090205873527881,0,0
mondjojobs,2505365426777617904,0,0
mondjojobs,2504701372830612155,0,0
mondjojobs,2504580267254947484,0,0
mondjojobs,2504069571273344573,0,0
mondjojobs,2499798450835317075,0,0
mnlabs,2409710471755857556,0,0
mnlabs,2409287671249227168,0,0
mnlabs,2409015878890486077,0,0
mnlabs,2408955483983059295,0,0
mnlabs,2408230721212204807,0,0
mnlabs,2407868331400450897,0,0
mnlabs,2407596535174623224,0,0
mnlabs,2407203951012896298,0,0
mnlabs,2406841562123918585,0,0
mnlabs,2406479173075341263,0,0
mnlabs,2406116773876986037,0,0
mnlabs,2405724199395690738,0,0
mluniverse,2586571909019068500,0,0
mluniverse,2576833178779414820,0,0
mluniverse,2532105489233660447,0,0
mluniverse,2520356450133770842,0,0
mluniverse,2519835562917344135,0,0
mluniverse,2516917003144878203,0,0
mluniverse,2516161959814296272,0,0
mluniverse,2515407283611482172,0,0
mluniverse,2514759152058209531,0,0
mluniverse,2514019943852559161,0,0
mluniverse,2513263363519437538,0,0
mluniverse,2512523296228332194,0,0
nearsure_,2609193171951618356,0,1
nearsure_,2608476699105358372,0,0
nearsure_,2606318057182479998,0,0
nearsure_,2604141655427482859,0,1
nearsure_,2602603351393460405,0,0
nearsure_,2601230954245577529,0,1
nearsure_,2599055997344161633,0,0
nearsure_,2598415434982999306,0,0
nearsure_,2596146418105176394,0,0
nearsure_,2593983980605604840,0,0
nearsure_,2593254663097526300,0,0
nearsure_,2593253891093854541,0,0
naufdotal,1980597247846870325,0,0
naufdotal,1950789778475891661,0,0
naufdotal,1844374762392800976,0,0
naufdotal,1685295545448678076,0,0
naufdotal,1641698729567453275,0,0
naufdotal,1586164094405516865,0,0
naufdotal,1478005084981214939,0,0
naufdotal,1455647197294434607,0,0
naufdotal,1429446062677958597,0,0
nareshitech,2779819684304055717,0,0
nareshitech,2779783201031710825,0,0
nareshitech,2779157272303374493,0,0
nareshitech,2779145771000428655,0,0
nareshitech,2779142244632207314,0,0
nareshitech,2779070983088518769,0,0
nareshitech,2778468378918502713,0,0
nareshitech,2778446523733992741,0,0
nareshitech,2778360541131198241,0,0
nareshitech,2778352353237506306,0,0
nareshitech,2776934262915907142,0,0
nareshitech,2776285598172208213,0,0
naqashzaib5,2604408691120013771,0,0
naqashzaib5,2587762481286121501,0,0
naqashzaib5,2586408395638907530,0,1
naqashzaib5,2582382286047850900,0,0
naqashzaib5,2572381293889502457,0,0
naqashzaib5,2551028394718834689,0,0
naqashzaib5,2549743710500042256,0,1
naqashzaib5,2495120201212202961,0,0
naqashzaib5,2491812571014185603,0,1
naqashzaib5,2487436669220060795,0,0
naqashzaib5,2482235850203886057,0,0
naqashzaib5,2476498675495783892,0,1
naminics,2465603113932687691,0,1
naminics,2464017993018810152,0,1
naminics,2463347659630356949,0,1
naminics,2462612036137062528,0,1
naminics,2439281182321306710,0,1
naminics,2430680258795382147,0,0
naminics,2419942391144097733,0,0
naminics,2418260329429238355,0,0
naminics,2417410756024500024,0,0
naminics,2416984355354040098,0,0
naminics,2414062933782804383,0,0
naminics,2413321204850790582,0,0
mycodinghabits,2667745050334604166,0,1
mycodinghabits,2667022014509809995,0,0
mycodinghabits,2663397204961718766,0,0
mycodinghabits,2662671206641055476,0,1
mycodinghabits,2661947717371002099,0,0
mycodinghabits,2656874472858887112,0,0
mycodinghabits,2654698248992693295,0,1
mycodinghabits,2653975677519211332,0,0
mycodinghabits,2652523975813286583,0,1
mycodinghabits,2648180336932098846,0,0
mycodinghabits,2627882873059579493,0,1
mycodinghabits,2626432783325158189,0,1
mycodecave,2540643509984943699,0,0
mycodecave,2533066589793589139,0,0
mycodecave,2531512463662188851,0,0
mycodecave,2529301175463903870,0,0
mycodecave,2528629331991891770,0,0
mycodecave,2527979748337118764,0,0
mycodecave,2527760745253567148,0,0
mycodecave,2527223796008666217,0,0
mycodecave,2527051511582722184,0,0
mycodecave,2526494165915918484,0,0
mycodecave,2525816713870676831,0,0
mycodecave,2523440192652777873,0,0
muxou_org,2598031267229170932,0,0
muxou_org,2596674203423868094,0,0
muxou_org,2596001681044964869,0,0
muxou_org,2594475879410042566,0,0
muxou_org,2594474380181215048,0,0
muxou_org,2594472697980009215,0,0
muxou_org,2592329830506692989,0,0
muxou_org,2592327911042305812,0,0
muxou_org,2592325670075915046,0,0
muxou_org,2591624174343349362,0,0
muxou_org,2591606112738557695,0,0
muxou_org,2591604907321453469,0,0
notyouraverage.agency,2288689701165447315,0,0
notyouraverage.agency,2288687290900238725,0,0
notyouraverage.agency,2288683708167680169,0,0
notyouraverage.agency,2287942231951012076,0,0
notyouraverage.agency,2287939045596880323,0,0
notyouraverage.agency,2287936518830693469,0,0
notyouraverage.agency,2272690270825661323,0,0
notyouraverage.agency,2272685921038876061,0,0
notyouraverage.agency,2272681084410751704,0,0
notyouraverage.agency,2271373970010592202,0,0
notyouraverage.agency,2271371254316254893,0,0
notyouraverage.agency,2271368861188904312,0,0
nosites,2606736746676118894,0,0
nosites,2604650433536812556,0,1
nosites,2594508999748906190,0,0
nosites,2587730474659329199,0,1
nosites,2587144427027955143,0,0
nosites,2585018420296841502,0,0
nosites,2580078375368762548,0,1
nosites,2577767539068031937,0,0
nosites,2576460878111541232,0,1
nopainprogrammer,2360546185743303932,1,0
nopainprogrammer,2359083815372198273,1,0
nopainprogrammer,2357662238264851004,1,0
nopainprogrammer,2355472448752771825,1,0
nopainprogrammer,2354053246930166004,1,0
nopainprogrammer,2353336584911019969,1,0
nopainprogrammer,2352613256180519895,1,0
nopainprogrammer,2351900936777015229,1,0
nopainprogrammer,2351172472156298758,1,0
nopainprogrammer,2350394976582383305,1,0
nopainprogrammer,2349699499020791864,1,0
nopainprogrammer,2348946284918663663,0,0
node_js_dev,2609788106174329841,0,1
node_js_dev,2609563037942624491,0,1
node_js_dev,2608848396673311092,0,0
node_js_dev,2605112018151932890,0,0
node_js_dev,2600781865896813444,0,0
node_js_dev,2597049107621896305,0,0
node_js_dev,2596457065706755323,0,0
node_js_dev,2590923514433345621,0,0
node_js_dev,2588743892627138707,0,0
node_js_dev,2587303408118474085,0,1
node_js_dev,2586597606697063910,0,1
node_js_dev,2586391480496027625,0,1
ngfelixl,2365398892516342497,0,0
ngfelixl,2278746285335087314,0,0
ngfelixl,2193565557169783130,0,0
ngfelixl,2074373611443478696,1,0
ngfelixl,2058740627285765536,1,0
ngfelixl,2034716945443755379,0,0
ngfelixl,2029772878708605989,1,0
ngfelixl,1948581044527446477,1,0
ngfelixl,1940760520542270832,1,0
ngfelixl,1936675133599275433,1,0
ngfelixl,1929032098250142307,0,0
ngfelixl,1922009445140229480,1,1
nestwizards,2383220151815312644,0,0
nestwizards,2382534742286359285,0,0
nestwizards,2381815505947295495,0,0
nestwizards,2378175726072620620,0,0
nestwizards,2376756766294821860,0,0
nestwizards,2375974605589399226,0,0
nestwizards,2375605522104782094,0,0
nestwizards,2373185875170392265,0,0
nestwizards,2372664394887769519,0,0
nestwizards,2372478870193674820,0,0
nestwizards,2369762081802281612,0,0
nestwizards,2369064450037736691,0,0
nepalcloudprofessionals,2604613166063499278,0,0
nepalcloudprofessionals,2553989498648484922,0,0
nepalcloudprofessionals,2553989013510151045,0,0
nepalcloudprofessionals,2553988831309473090,0,0
nepalcloudprofessionals,2553988662732012758,0,0
nepalcloudprofessionals,2553988421123434449,0,0
nepalcloudprofessionals,2553607993522823349,0,0
nepalcloudprofessionals,2553200564318411901,0,0
nepalcloudprofessionals,2553199612144297548,0,0
nepalcloudprofessionals,2552420750921629465,0,0
nepalcloudprofessionals,2552420102046218528,0,0
nepalcloudprofessionals,2512491936867593662,0,0
online_saidemy,2597810997633497763,0,0
online_saidemy,2590709259243997704,0,0
online_saidemy,2587651820470809001,0,0
online_saidemy,2576236776163935332,0,0
online_saidemy,2571594043747203125,0,0
online_saidemy,2567333324679764702,0,0
online_saidemy,2557268736839833678,0,0
online_saidemy,2551587308064130157,0,0
online_saidemy,2546400019570542150,0,0
online_saidemy,2534697964091027809,0,0
online_saidemy,2526102742008502847,0,0
online_saidemy,2519556682008143538,0,0
onebitcode,2609197136440811527,0,1
onebitcode,2608477387292639512,0,0
onebitcode,2607777511860720484,0,0
onebitcode,2607139786996403164,0,0
onebitcode,2606894986787478712,0,0
onebitcode,2606353713106026297,0,0
onebitcode,2606164023610513095,0,0
onebitcode,2606057244731039914,0,1
onebitcode,2604032690202422561,0,1
onebitcode,2604015824523385937,0,0
onebitcode,2603462467605804456,0,0
onebitcode,2602687101538711911,0,0
oncliickweb,2610567064176118371,0,0
oncliickweb,2606275397503701497,0,0
oncliickweb,2606084380502707117,0,0
oncliickweb,2605728897719688728,0,0
oncliickweb,2605489968194226018,0,0
oncliickweb,2605336951176125662,0,0
oncliickweb,2605020566914931186,0,0
oncliickweb,2604774526643184313,0,0
oncliickweb,2604682553374770166,0,0
oncliickweb,2604323170778269044,0,0
oncliickweb,2604044327299364545,0,0
oncliickweb,2603895298082345910,0,0
okayest.dvlp,2322646555846350231,0,0
okayest.dvlp,2322209344709494795,0,0
okayest.dvlp,2320746172412691578,0,0
okayest.dvlp,2319636636742311000,0,0
okayest.dvlp,2318651790977109289,0,0
okayest.dvlp,2318229063006836922,0,0
okayest.dvlp,2317552686716820550,0,0
okayest.dvlp,2316891740180828546,0,0
okayest.dvlp,2316454483753957599,0,0
okayest.dvlp,2315028554754248617,0,0
okayest.dvlp,2314505751017607525,0,0
okayest.dvlp,2313553664628872823,0,0
officialogene,2298894676572733821,0,0
officialogene,2265996254345780520,0,0
officialogene,2265205431018455884,1,0
officialogene,2264804981370806862,0,0
officialogene,2264727152209706095,0,0
officialogene,2264709317828014736,0,0
officialogene,2263098621985838986,0,0
officialogene,2263053269169722700,0,0
officialogene,2262319276069695182,0,0
odishaoug,2608966973187367171,0,0
odishaoug,2607517731373599879,0,0
odishaoug,2603922845767707940,0,0
odishaoug,2602459515689520347,0,0
odishaoug,2598847113471319409,0,0
odishaoug,2597378580593798220,0,0
odishaoug,2596673590745172476,0,0
odishaoug,2593757964066309125,0,0
odishaoug,2592302076025387338,0,0
odishaoug,2589430221631633897,0,0
odishaoug,2585069249882164317,0,0
odishaoug,2582119218954770573,0,0
nuwe.io,2672183066216351146,0,0
nuwe.io,2661932820487870798,0,0
nuwe.io,2648999221034449649,0,0
nuwe.io,2646794703190483221,0,0
nuwe.io,2639237455156935826,0,0
nuwe.io,2639228856959503460,0,0
nuwe.io,2638773803404741744,0,0
nuwe.io,2634467183132474740,0,0
nuwe.io,2634273047104401197,0,0
nuwe.io,2632972812856033420,0,0
nuwe.io,2632773151008482861,0,0
nuwe.io,2629448152566028740,0,0
freedatascientist,2558847800149460897,0,0
freedatascientist,2558125142169516297,0,0
freedatascientist,2557398180811650035,0,0
freedatascientist,2556670572148705119,0,0
freedatascientist,2555908055187555815,0,0
freedatascientist,2555226073965091248,0,0
freedatascientist,2554804787284967949,0,0
freedatascientist,2414193536902421337,0,0
freedatascientist,2414003008521715125,0,1
freedatascientist,2413170032797331008,0,0
freedatascientist,2413074383355518506,0,0
freedatascientist,2412680139393117694,0,1
girlknowstech,2766258453657583498,0,0
girlknowstech,2761312453078855955,0,1
girlknowstech,2759377767134839419,0,0
girlknowstech,2757695236739183399,0,1
girlknowstech,2756966899793052806,0,0
girlknowstech,2754725455396366596,0,1
girlknowstech,2753919697202153920,0,0
girlknowstech,2749665090502323290,0,0
girlknowstech,2749010924192908842,0,0
girlknowstech,2747016728883208845,0,1
girlknowstech,2745594405098292511,0,0
girlknowstech,2730220298223659019,0,0
inzynier.domu,2774125692252839014,0,1
inzynier.domu,2766363488551420753,0,0
inzynier.domu,2758310868158062158,0,1
inzynier.domu,2752454365526484099,0,0
inzynier.domu,2739588858091789334,0,0
inzynier.domu,2723527155743340403,0,0
inzynier.domu,2696631413674110528,0,0
inzynier.domu,2685199788567343823,0,1
inzynier.domu,2675519805924995494,0,0
inzynier.domu,2652355088297684988,0,0
inzynier.domu,2645924555592109273,0,0
inzynier.domu,2632905998306581244,0,0
jagtapshubham14,2595361688869277579,1,0
jagtapshubham14,2574795973594637360,0,0
jagtapshubham14,2569950131620440765,1,0
jagtapshubham14,2564910699278799819,0,0
jagtapshubham14,2498734414513469072,1,0
jagtapshubham14,2332118759602302792,1,0
jagtapshubham14,2330058756116572289,1,0
jagtapshubham14,2272825236214736818,1,0
jagtapshubham14,1997229998856785700,0,1
jagtapshubham14,1996624972962605417,0,1
jagtapshubham14,1995927924407948728,0,1
jagtapshubham14,1948731150570990122,0,0
master23.java,2531453611369337618,0,0
master23.java,2530769221835596773,0,0
master23.java,2529984122793886151,0,0
master23.java,2529311169072837756,0,0
master23.java,2528548569242391140,0,0
master23.java,2527829910182123804,0,0
master23.java,2527117228676040046,0,0
master23.java,2526442976440437817,0,0
master23.java,2525656125278387869,0,0
master23.java,2524940778552315908,0,0
master23.java,2524215584774766926,0,0
master23.java,2523454046715712077,0,0
___s010___,2602075628678133498,0,1
___s010___,2553061550790089222,0,1
___s010___,2550128669451578130,0,0
___s010___,2494216749152241802,0,1
___s010___,2358111471753515082,0,0
___s010___,2217517484563928313,0,0
divyanshgandhi,2688025796184285466,0,0
divyanshgandhi,2685850756286221964,0,0
divyanshgandhi,2684835549546927120,0,0
divyanshgandhi,2683428446580202444,0,0
divyanshgandhi,2666377467249753996,0,0
divyanshgandhi,2626899483523087831,0,0
divyanshgandhi,2625704913691202671,0,0
divyanshgandhi,2624953187576875473,0,0
divyanshgandhi,2616983905807160087,0,1
divyanshgandhi,2615570755677485002,0,1
divyanshgandhi,2609000781357868100,0,1
divyanshgandhi,2606815189387962805,0,0
test_golh30,1651623991108852928,1,0
test_golh30,1529515341800891377,1,0
test_golh30,1484016917916003888,0,0
test_golh30,1472604793776070212,1,0
test_golh30,1439258605581196903,1,0
test_golh30,1426276122916923786,1,0
test_golh30,1422579543139736297,1,0
test_golh30,1412487405407209518,1,0
test_golh30,1390626876082746865,0,1
test_golh30,1368937515096348064,1,0
test_golh30,1361806930154527880,0,0
test_golh30,1326845838550882194,0,0
fessy1der,2516024532955962069,0,0
fessy1der,2514766826861388625,0,0
fessy1der,2513315009594067378,0,0
fessy1der,2512425068362198866,0,0
fessy1der,2511642331082458904,0,0
fessy1der,2508859637575519204,0,0
fessy1der,2507549464982711546,0,0
fessy1der,2507329425293596172,0,0
fessy1der,2506574980238672734,0,0
fessy1der,2506073178128913564,0,0
fessy1der,2505480040251341911,0,0
fessy1der,2505187202762336176,0,0
swagstore.dev,2674228706315452246,0,0
swagstore.dev,2466230347172465717,1,0
swagstore.dev,2463521074042894727,1,0
swagstore.dev,2462722804324402784,1,0
swagstore.dev,2458454957490418740,0,1
swagstore.dev,2452695511732357429,1,0
swagstore.dev,2451830331691541275,0,0
swagstore.dev,2437984568285051995,0,0
swagstore.dev,2422911363555851743,1,0
swagstore.dev,2421951256617621388,0,0
swagstore.dev,2416917247462381227,1,0
swagstore.dev,2408951629433927197,1,0
yaswanthpalaghat,2612417265118955659,0,1
yaswanthpalaghat,2611695080737712481,0,1
yaswanthpalaghat,2610928326147282390,0,1
yaswanthpalaghat,2610237594910493889,0,1
yaswanthpalaghat,2609453794559359711,0,1
yaswanthpalaghat,2608753190216299551,0,1
yaswanthpalaghat,2608735367939164383,0,0
yaswanthpalaghat,2608049344221389033,0,1
yaswanthpalaghat,2607481748027607937,0,0
yaswanthpalaghat,2607348203485590682,0,1
yaswanthpalaghat,2606132062649942449,0,0
yaswanthpalaghat,2606131429519760605,0,0
gndx,2621544531435053536,0,0
gndx,2597660014005850088,0,0
gndx,2577393588720516455,0,0
gndx,2575015777216398678,0,0
gndx,2570733936851114563,0,0
gndx,2567246288617806436,0,0
gndx,2559309326669883760,0,0
gndx,2555763011264694330,0,0
gndx,2555572121845706222,0,0
gndx,2552845026254236976,0,1
gndx,2552138008394801002,0,1
gndx,2543436251558655739,0,0
leeprobert,2641084320766790035,0,0
leeprobert,2640714030505471264,0,0
leeprobert,2640170212324402443,0,0
leeprobert,2637945707455593770,0,0
leeprobert,2636774043699244727,0,1
leeprobert,2636769740871914639,0,1
leeprobert,2634369450197519769,0,1
leeprobert,2631655343467985613,0,0
leeprobert,2629804141316574615,0,0
leeprobert,2629803334265284115,0,0
leeprobert,2629349471769067683,0,0
leeprobert,2615020459032796661,0,0
ramonpage,2389414361335929887,0,0
ramonpage,2296181222954898502,0,0
ramonpage,2261201411652301041,0,0
ramonpage,2183192152885224777,0,0
ramonpage,2153391356148730868,0,0
ramonpage,2123467161243858801,0,0
ramonpage,2108055094264865151,0,1
ramonpage,2056435683847163922,0,0
ramonpage,2055755380799486706,0,0
ramonpage,2055037035858930397,0,0
ramonpage,2016223833226630936,0,0
ramonpage,1993836151988277463,0,0
sapra5298,2587768305579056912,0,0
sapra5298,2460469025906522709,0,0
sapra5298,2449922074525890371,0,0
sapra5298,2449482443762274891,0,0
sapra5298,2420554949798126460,0,0
sapra5298,2418255053707287529,0,0
sapra5298,2406526624553394434,0,0
sapra5298,2390861367524723213,0,0
sapra5298,2388709577584870368,0,0
sapra5298,2385816705474976518,0,0
sapra5298,2385056863885935986,0,0
sapra5298,2384311376983457606,0,0
zoccaratodavide,2694546819915070062,0,0
zoccaratodavide,2677852178310600365,0,0
zoccaratodavide,2677851910999217467,0,0
zoccaratodavide,2637753492016701634,0,0
zoccaratodavide,2615503258968518991,0,0
zoccaratodavide,2586480243295578492,1,0
zoccaratodavide,2586477546341186280,1,0
zoccaratodavide,2520352967093315111,0,0
zoccaratodavide,2474065276915926421,0,0
zoccaratodavide,2471207499134438670,0,0
zoccaratodavide,2451198847107656963,0,0
zoccaratodavide,2447283444835688566,0,1
zoharsf,2612525756597498765,0,1
zoharsf,2498164953245233441,0,1
zoharsf,2480520435431843254,0,0
zoharsf,2329814076760314581,0,0
zoharsf,2229440828063875734,0,1
zoharsf,2143772307368361965,1,1
zoharsf,2133059708396029315,0,1
zoharsf,2122685796195581064,0,0
zoharsf,2116141192063362132,0,0
zoharsf,2115635424247416287,0,0
zoharsf,2092438697822747388,0,1
zoharsf,2076789047514323973,0,1
codigofontetv,2622144476251362171,0,1
codigofontetv,2622023838153012259,0,1
codigofontetv,2621480300847673516,0,0
codigofontetv,2621299159050187917,0,0
codigofontetv,2620574133917186636,0,1
codigofontetv,2620544370590802076,0,1
codigofontetv,2619883650614153679,0,0
codigofontetv,2619275624115010310,0,1
codigofontetv,2619246959872307929,0,1
codigofontetv,2619094832810141450,0,1
codigofontetv,2618611240313184443,0,0
codigofontetv,2618402345267432216,0,0
filipedeschamps,2622053447486589706,0,0
filipedeschamps,2621314912852787515,0,0
filipedeschamps,2619152896025207378,0,0
filipedeschamps,2618423408429698940,0,0
filipedeschamps,2617692603537454867,0,0
filipedeschamps,2616979295419388899,0,0
filipedeschamps,2616244263549625718,0,0
filipedeschamps,2614074892689521091,0,0
filipedeschamps,2613344111159636064,0,0
filipedeschamps,2612619656493907110,0,0
filipedeschamps,2611903531892260562,0,0
filipedeschamps,2611177419159551101,0,0
thetechnologyhub,2788042694612558061,0,0
thetechnologyhub,2787235805431852107,0,0
thetechnologyhub,2786533197997954354,0,0
thetechnologyhub,2785822939029839501,0,1
thetechnologyhub,2784952881449769162,0,0
thetechnologyhub,2784324934774628589,0,0
thetechnologyhub,2782977198741647645,0,1
thetechnologyhub,2782727901508950422,0,0
thetechnologyhub,2782093227975695083,0,1
thetechnologyhub,2781447006240080998,0,0
thetechnologyhub,2780724325513204368,0,1
thetechnologyhub,2779304542091706639,0,0
geekydev.in,2622498935671816247,0,0
geekydev.in,2621849758210113419,0,0
geekydev.in,2621026970435880865,0,0
geekydev.in,2620327436403324923,0,0
geekydev.in,2619883979427677925,0,0
geekydev.in,2618858455918487897,0,0
geekydev.in,2618324601231355037,0,0
geekydev.in,2617486156648844990,0,0
geekydev.in,2616975374257279837,0,0
geekydev.in,2616881636252198513,0,0
geekydev.in,2616209278776569550,0,0
geekydev.in,2616014009178873558,0,0
codebaseventures,2601825995656935333,0,0
codebaseventures,2546230654715059004,0,0
codebaseventures,2511314243362614896,0,0
codebaseventures,2506912919086920853,0,0
codebaseventures,2457743942742125663,0,0
codebaseventures,2384456047009002110,0,0
codebaseventures,2330132886839254897,0,0
codebaseventures,2328555463228023103,0,0
codebaseventures,2322102963285414595,0,0
codebaseventures,2319893220160611381,0,0
codebaseventures,2314098467028555942,0,0
codebaseventures,2308992458425576115,0,0
riccardopalombo,2636611340213425523,0,0
riccardopalombo,2627003558634214088,0,0
riccardopalombo,2623409626025319483,0,0
riccardopalombo,2619202971108684749,0,0
riccardopalombo,2616140127244960040,0,0
riccardopalombo,2612633970296037367,0,0
riccardopalombo,2607449350327485241,0,0
riccardopalombo,2606697975754540735,0,0
riccardopalombo,2605982741486306099,0,0
riccardopalombo,2604013739011671218,0,0
riccardopalombo,2602528367916167876,0,0
riccardopalombo,2593659991912381877,0,0
cryptoland_en,2575385062281192517,1,0
cryptoland_en,2575009734811596118,1,0
cryptoland_en,2574904449979900127,1,0
cryptoland_en,2574669018143036024,1,0
cryptoland_en,2574276447830808064,1,0
cryptoland_en,2574196976851456776,1,0
cryptoland_en,2573961531047673299,1,0
cryptoland_en,2573555939502138915,1,0
cryptoland_en,2573440263575755180,1,0
cryptoland_en,2573215248427167711,1,0
cryptoland_en,2572831904694712590,1,0
cryptoland_en,2572724599810437417,1,0
artificialintelligencefacts,2673518849412073202,0,0
artificialintelligencefacts,2673430025747001409,0,0
artificialintelligencefacts,2671361864533108038,0,0
artificialintelligencefacts,2671002983927893490,0,0
artificialintelligencefacts,2669810220904357812,0,0
artificialintelligencefacts,2668924158016169824,0,0
artificialintelligencefacts,2668124795119692368,0,0
artificialintelligencefacts,2667412845254454961,0,0
artificialintelligencefacts,2665963757016242144,0,0
artificialintelligencefacts,2665265325197936356,0,0
artificialintelligencefacts,2664736903979629498,0,0
artificialintelligencefacts,2664018647909815055,0,0
programm.r,2779970733957336867,0,1
programm.r,2779630500129829000,0,0
programm.r,2777415557150382281,0,0
programm.r,2767484600396561503,0,0
programm.r,2764449202397448218,0,1
programm.r,2763592029141560208,0,0
programm.r,2761370875730252227,0,1
programm.r,2760827923303762924,0,1
programm.r,2757938993445260749,0,1
programm.r,2757107858838433922,0,1
programm.r,2756311516755039376,0,1
programm.r,2754934490655724729,0,1
python_teacher,2475488844703814464,0,0
python_teacher,2475000985987101579,0,0
python_teacher,2340685618776560295,0,0
python_teacher,2339457577249173300,0,0
python_teacher,2339358000470965020,0,0
python_teacher,2338583415517563974,0,1
python_teacher,2304486320565373783,0,1
python_teacher,2271348514720684208,0,0
python_teacher,2270741164158657559,0,0
python_teacher,2270032610795255090,0,0
python_teacher,2269310322219908559,0,0
python_teacher,2269121785763579196,0,1
kellynvd,2596007371147041919,0,1
kellynvd,2593065875150074062,0,0
kellynvd,2573518178214999162,0,1
kellynvd,2571317553199335306,0,0
kellynvd,2568438040674492638,0,0
kellynvd,2561903704108964581,0,0
kellynvd,2557551576021649801,0,0
kellynvd,2556826949031587569,0,0
kellynvd,2556357914365484382,0,0
kellynvd,2551753377598627230,0,0
kellynvd,2550302867877755125,0,1
kellynvd,2549755049826229707,0,1
svn.mlke,2620057541206798119,0,0
svn.mlke,2613549800510352573,0,0
svn.mlke,2606225297199405776,0,0
svn.mlke,2603760511769502701,0,0
svn.mlke,2601883216377262890,0,0
svn.mlke,2601802129919484724,0,0
svn.mlke,2600358160220235105,0,0
svn.mlke,2598278030920465794,0,0
svn.mlke,2595444435130466814,0,0
svn.mlke,2593865487627954990,0,0
svn.mlke,2593819023119791614,0,0
svn.mlke,2593168993979582019,0,0
the_frontend_developer,2604592943059625227,0,0
the_frontend_developer,2603178636862096932,0,0
the_frontend_developer,2593689279033797212,0,0
the_frontend_developer,2585796518003741416,0,0
the_frontend_developer,2584369821396123565,0,0
the_frontend_developer,2578512170472950123,0,0
the_frontend_developer,2576333469038867327,0,0
the_frontend_developer,2573458642946921629,0,0
the_frontend_developer,2571258868927598289,0,0
the_frontend_developer,2552497916929435058,0,0
the_frontend_developer,2551729140323612212,0,0
the_frontend_developer,2546632999500348642,0,0
code_romeo,2781226121568921262,0,1
code_romeo,2780823894350283342,0,0
code_romeo,2776395077569793128,0,0
code_romeo,2775675205517295327,0,0
code_romeo,2774951470909499817,0,1
code_romeo,2772037233461869707,0,1
code_romeo,2771113093267648235,0,1
code_romeo,2770602735077230323,0,0
code_romeo,2769877980385399986,0,0
code_romeo,2769153205252473219,0,0
code_romeo,2767703624158198808,0,0
code_romeo,2766208781746389371,0,0
shubham_iosdev,2769932410304065181,0,1
shubham_iosdev,2754687107126586996,0,1
shubham_iosdev,2740123744535088916,0,1
shubham_iosdev,2708986974799085338,0,1
shubham_iosdev,2685097644002786718,0,0
shubham_iosdev,2682879312177017650,0,1
shubham_iosdev,2669945912633408767,0,1
shubham_iosdev,2668249110976566988,0,0
shubham_iosdev,2665503188908847284,0,0
shubham_iosdev,2662391550859970113,0,1
shubham_iosdev,2661226893109644545,0,0
shubham_iosdev,2658294628381670682,0,1
coder.crew,2622556575114224608,0,0
coder.crew,2622500857837416166,0,0
coder.crew,2622442048821426232,0,0
coder.crew,2621987260883402528,0,0
coder.crew,2621921535695251570,0,0
coder.crew,2620668761967809339,0,0
coder.crew,2620629730043197627,0,0
coder.crew,2620594714609392346,0,0
coder.crew,2620542128447525417,0,0
coder.crew,2620515862264547846,0,0
coder.crew,2620484025676967885,0,0
coder.crew,2620422223135988062,0,0
python_genius,2622444250470455072,0,0
python_genius,2622063542027424003,0,0
python_genius,2621740943728722628,0,0
python_genius,2619940239256254643,0,0
python_genius,2619219193560341895,0,0
python_genius,2618928417957999179,0,0
python_genius,2618376358658326857,0,0
python_genius,2618123649324894780,0,0
python_genius,2617877096292022807,0,0
python_genius,2617629816167294822,0,0
python_genius,2617521492661777086,0,0
python_genius,2617098417798500164,0,0
projecto.in,2544492174603489282,0,0
projecto.in,2544127443682252006,0,0
projecto.in,2541255697778926805,0,0
projecto.in,2540769835660201329,0,0
projecto.in,2493647597533764797,0,0
projecto.in,2493411586555958211,0,0
projecto.in,2487609054894170681,0,0
projecto.in,2484021343394451329,0,0
projecto.in,2476766512279557782,0,0
projecto.in,2475000306342067775,0,0
projecto.in,2473112959602208981,0,0
projecto.in,2441942285370384684,0,0
rasul.coder,2546739017709169232,0,0
rasul.coder,2506875674660035998,0,0
rasul.coder,2506150279899843956,0,0
rasul.coder,2504701594945189654,0,0
rasul.coder,2501078204457788155,0,0
rasul.coder,2500352819696764046,0,0
rasul.coder,2496728515704925286,0,0
rasul.coder,2491654872287746768,0,0
rasul.coder,2490209878188350997,0,0
rasul.coder,2489480544154622357,0,0
rasul.coder,2488032301222931865,0,0
rasul.coder,2486581881666862399,0,0
ozencode,2613529726579444661,0,0
ozencode,2613458697526084675,0,0
ozencode,2613376798522735746,0,0
ozencode,2610552186545975584,0,0
ozencode,2604598257899284084,0,0
ozencode,2575784900266435511,0,0
ozencode,2560523272344058608,0,0
ozencode,2546654689809717959,0,0
ozencode,2543510134839055861,0,0
ozencode,2534376042593334948,0,1
ozencode,2528629208263010838,0,0
ozencode,2526446375708740823,0,0
polarcoding,2359984618607792720,0,0
polarcoding,2327475165859906147,1,0
polarcoding,2325928180656786541,1,0
soalindia,2622485612658066792,0,0
soalindia,2621839958185117010,0,0
soalindia,2621246872082134256,0,1
soalindia,2619087873014372557,0,0
soalindia,2618257587292649472,0,0
soalindia,2617605146503200844,0,1
soalindia,2616685641534997736,0,1
soalindia,2616196203369326408,0,0
soalindia,2613973248958663627,0,1
soalindia,2606033555212089413,0,0
soalindia,2604584150247638469,0,0
soalindia,2603134438597863558,0,0
egg_tech,2622326738646567691,0,1
egg_tech,2621571453346816765,0,0
egg_tech,2620876803774349908,0,0
egg_tech,2620122026597693429,0,1
egg_tech,2619457414189682731,0,0
egg_tech,2617887259794077407,0,0
egg_tech,2617283097045596708,0,0
egg_tech,2617138895743484492,0,0
egg_tech,2616558407968796999,0,0
egg_tech,2616437589179870369,0,0
egg_tech,2614233047335913754,0,0
egg_tech,2613538503610879905,0,0
artmanweb,2602249459795419004,0,0
artmanweb,2601466250513936211,0,0
artmanweb,2600809107926401231,0,0
artmanweb,2494568316770570280,0,0
artmanweb,2494563844124082731,0,0
artmanweb,2493171327822711122,0,0
artmanweb,2492401963351552597,0,0
artmanweb,2491638554297273381,0,0
artmanweb,2490942804600935224,0,0
artmanweb,2490152936518176424,0,0
artmanweb,2276346270636073868,0,1
artmanweb,2270414055549119473,0,0
datasciencewhoopees,2476945878688849777,0,0
datasciencewhoopees,2476385321585874974,0,0
datasciencewhoopees,2476186563224971512,0,0
datasciencewhoopees,2471712282747333520,0,0
datasciencewhoopees,2442058194644608486,0,0
datasciencewhoopees,2422754104840242298,0,0
datasciencewhoopees,2420974808127580099,0,0
datasciencewhoopees,2420476519603114097,0,0
datasciencewhoopees,2412299446300558826,0,0
datasciencewhoopees,2411567815885354174,0,0
datasciencewhoopees,2410873170415161178,0,0
datasciencewhoopees,2410280971667274722,0,0
tech__pirates,2619895870474552733,0,0
tech__pirates,2619170117277703310,0,0
tech__pirates,2618792232012432835,0,0
tech__pirates,2617722140373751698,0,0
tech__pirates,2616668112818654702,0,0
tech__pirates,2614823259956750808,0,0
tech__pirates,2614100490487068126,0,0
tech__pirates,2613374606713015396,0,0
tech__pirates,2611935709764112435,0,0
tech__pirates,2606756944062805432,0,0
tech__pirates,2604689294327977052,0,0
tech__pirates,2601776051288099999,0,0
thedevilhackers,2621336427283965222,0,1
thedevilhackers,2621276444704499372,0,0
thedevilhackers,2602582823902047176,0,0
thedevilhackers,2600125076614800325,0,0
thedevilhackers,2600125004959207175,0,0
thedevilhackers,2593919501066896600,0,1
thedevilhackers,2591993116918982494,0,0
thedevilhackers,2591793933658318672,0,0
thedevilhackers,2588954131346760080,0,0
thedevilhackers,2588176299666453004,0,0
thedevilhackers,2576862602167903044,0,0
thedevilhackers,2570399319547789500,0,1
coding_nisha,2740995351498818498,0,1
coding_nisha,2740185736817376268,0,1
coding_nisha,2740163037210442896,0,1
coding_nisha,2739450450789349008,0,1
coding_nisha,2738020769280190190,0,0
coding_nisha,2736629391843676535,0,0
coding_nisha,2733599465504277845,0,0
coding_nisha,2730701028978996558,0,1
coding_nisha,2729251200222784917,0,1
coding_nisha,2728651425700541820,0,0
coding_nisha,2727835257231209121,0,1
coding_nisha,2727743939264610688,0,0
sandhikagalih,2641476090259162757,0,0
sandhikagalih,2640509083112100123,0,1
sandhikagalih,2639784712785571042,0,1
sandhikagalih,2639063779749663413,0,1
sandhikagalih,2638331883533240466,0,1
sandhikagalih,2637592638921175722,0,1
sandhikagalih,2628333088845816296,0,0
sandhikagalih,2618790005565192555,0,0
sandhikagalih,2609640734412566458,0,0
sandhikagalih,2603683238627871731,0,0
sandhikagalih,2600824499604305848,0,0
sandhikagalih,2598609434469778406,0,0
lewagonmontreal,2621259149019977963,0,0
lewagonmontreal,2619080280828462593,0,0
lewagonmontreal,2617628726094020044,0,0
lewagonmontreal,2616167087494770217,0,0
lewagonmontreal,2612794201735061047,0,0
lewagonmontreal,2611208426618717288,0,0
lewagonmontreal,2608921435690154223,0,0
lewagonmontreal,2606858585679818369,0,0
lewagonmontreal,2603875223819617184,0,0
lewagonmontreal,2601043119421909213,0,0
lewagonmontreal,2598818674482963356,0,0
lewagonmontreal,2597326235126331733,0,0
edcdadstuff,2620125019747960143,0,0
edcdadstuff,2615655948704915145,0,0
edcdadstuff,2614896806650301656,0,0
edcdadstuff,2614762263226317655,0,0
edcdadstuff,2614285240905156321,0,0
edcdadstuff,2614097546874803930,0,0
edcdadstuff,2606966510458229689,0,0
edcdadstuff,2603384965522261916,0,0
edcdadstuff,2600523528244553110,0,0
edcdadstuff,2600280685668000662,0,0
edcdadstuff,2592905539760194073,0,0
edcdadstuff,2592584413880336011,0,0
kos_dev_lab,2622592137837702585,0,0
kos_dev_lab,2621260640128148173,0,0
kos_dev_lab,2620548086028479474,0,0
kos_dev_lab,2616811765405579683,0,0
kos_dev_lab,2616262103224610766,0,0
kos_dev_lab,2612484937798630716,0,1
kos_dev_lab,2611033595972547164,0,0
kos_dev_lab,2606733600108600262,0,0
kos_dev_lab,2603771185263825066,0,0
kos_dev_lab,2598832081992603948,0,0
kos_dev_lab,2597416695980086015,0,0
kos_dev_lab,2596031924476588651,0,0
sian.codes,2614785456936441151,0,1
sian.codes,2611086481591014253,0,0
sian.codes,2601913769060583250,0,0
sian.codes,2600564432430786631,0,0
sian.codes,2599111235480644190,0,0
sian.codes,2594571790668499297,0,0
sian.codes,2590150696406055772,0,0
sian.codes,2587854411175705277,0,0
sian.codes,2545101619163516529,0,0
sian.codes,2540620465413513764,0,0
sian.codes,2530444888848373833,0,0
sian.codes,2528641772087750174,0,0
futuristmindset,2621332990447339089,0,1
futuristmindset,2597383869034970798,0,0
futuristmindset,2595777879015752689,0,0
futuristmindset,2592318058883474949,0,0
futuristmindset,2582391912603185201,0,0
futuristmindset,2582024838005587972,0,0
futuristmindset,2577019726832915382,0,0
futuristmindset,2572662171906250945,0,0
futuristmindset,2571785307247463933,0,0
futuristmindset,2560392298144663187,0,0
futuristmindset,2558875294329953472,0,0
futuristmindset,2555112991771970127,0,0
cti_tech,2622175026504765444,0,0
cti_tech,2621450028682900920,0,0
cti_tech,2619215809948358235,0,0
cti_tech,2618490988785376596,0,0
cti_tech,2617766149687699787,0,0
cti_tech,2617041302769743234,0,0
cti_tech,2616316185749310838,0,0
cti_tech,2614112264333355958,0,0
cti_tech,2613387423197807662,0,0
cti_tech,2612662530755932547,0,0
cti_tech,2611967673564067497,0,0
cti_tech,2611213093353324590,0,0
flo.ri.nas,2727236181035322802,0,0
flo.ri.nas,2725646768616085727,0,0
flo.ri.nas,2724959978330580074,0,0
flo.ri.nas,2721922527479500085,0,0
flo.ri.nas,1874248331300865342,0,0
flo.ri.nas,1542305434013882102,0,0
flo.ri.nas,1514642152843239141,0,0
flo.ri.nas,1508711616752850216,0,0
flo.ri.nas,1451688413555923680,0,0
flo.ri.nas,1446660490126117359,0,0
flo.ri.nas,1443562054279335939,0,0
flo.ri.nas,1317546912593582890,0,0
asma.malik_47,2616981804418513209,0,0
asma.malik_47,2613866388460432663,0,0
asma.malik_47,2608319495643034898,0,0
asma.malik_47,2601609688051408306,0,0
asma.malik_47,2601470965842250615,0,0
asma.malik_47,2600155155836385340,0,0
asma.malik_47,2598431310976743822,0,0
asma.malik_47,2597470293933226799,0,0
asma.malik_47,2594880894280330719,0,0
asma.malik_47,2589917471209456246,0,0
asma.malik_47,2588533180575555155,0,0
asma.malik_47,2583298831781650153,0,0
fertorresmx,2579546971279120769,0,0
fertorresmx,2578699980349156181,0,0
fertorresmx,2441883657322335536,0,0
fertorresmx,2296690193902073105,0,0
fertorresmx,2259784587788336465,1,0
fertorresmx,2259148863355368840,0,0
fertorresmx,2258552682006871195,0,0
fertorresmx,2257261315498482229,0,0
fertorresmx,2256205003448706202,0,0
fertorresmx,2158686906395896665,0,0
fertorresmx,2024549274050453402,0,0
fertorresmx,1989327805431435829,0,0
barockok,2524930278122527525,0,0
barockok,2397721278579276649,0,0
barockok,2380264749018189808,0,0
barockok,2315834903282596212,0,0
barockok,2309600118931654181,0,0
barockok,2239962167432373427,0,0
barockok,2081361865230736810,0,0
barockok,2078014184529739959,0,0
barockok,2060261605951624549,0,0
barockok,2058933660817400952,0,0
barockok,2039865108881955562,0,0
barockok,1967438697286530255,0,0
sarahhopedrummer,1769301879912443072,0,0
sarahhopedrummer,1767977798026058155,0,0
sarahhopedrummer,1751275289524315622,0,0
sarahhopedrummer,1743657086711455994,0,0
sarahhopedrummer,1735636267465331670,0,0
sarahhopedrummer,1721167984183219108,0,1
sarahhopedrummer,1717288001786370480,0,0
sarahhopedrummer,1712689965760255517,0,1
sarahhopedrummer,1709640429710194694,0,0
sarahhopedrummer,1708816290900514211,0,1
sarahhopedrummer,1705216095348483381,0,1
sarahhopedrummer,1698076064724839621,0,1
_katelyn__campbell_,2191101516580322965,0,0
_katelyn__campbell_,2190417764816360251,0,0
_katelyn__campbell_,2173616668989929914,0,0
_katelyn__campbell_,2062853919496118273,1,1
_katelyn__campbell_,2037186236510122853,0,0
_katelyn__campbell_,2035314998129186520,0,0
_katelyn__campbell_,2034155924532435896,0,0
_katelyn__campbell_,2022949352461675242,1,0
_katelyn__campbell_,2008268414686093801,0,0
_katelyn__campbell_,2000553900704486855,0,0
_katelyn__campbell_,1998685556946521670,0,0
_katelyn__campbell_,1997614110891577420,0,0
withmadico,2662875062634766730,0,0
withmadico,2662874692361570534,0,0
withmadico,2662874205822347638,0,0
withmadico,2489756332485524483,0,0
withmadico,2477327029068155181,0,0
withmadico,2462966309157390974,0,0
withmadico,2457928915727178846,0,0
withmadico,2449147251874265818,0,0
withmadico,2396228544273737427,1,0
withmadico,2386097215821388715,1,0
withmadico,2350538513962179881,1,0
withmadico,2158253300801367586,0,0
cameronfoxly,2621624141726138885,0,0
cameronfoxly,2561179751087943695,0,0
cameronfoxly,2531837554291225409,0,1
cameronfoxly,2459813444892056052,0,1
cameronfoxly,2282456047304333889,0,0
cameronfoxly,2270220763833632860,0,1
cameronfoxly,2186576677600384480,0,0
cameronfoxly,2149707869636113151,0,1
cameronfoxly,2124212561296952444,0,1
cameronfoxly,2055455599772527754,0,0
cameronfoxly,1907061428440016707,0,0
cameronfoxly,1904497312890523622,0,0
zvadaadam,2570653700698416467,0,0
zvadaadam,2473552094149192979,0,0
zvadaadam,2403985760758659514,0,0
zvadaadam,2395732534959751770,0,0
zvadaadam,2389484516648249458,0,0
zvadaadam,2274227320495422423,0,0
zvadaadam,2146644684834456332,0,0
zvadaadam,2144456360166341031,0,0
zvadaadam,2082962168944950591,0,0
zvadaadam,1994291341623235962,0,0
zvadaadam,1807523488303690700,0,0
zvadaadam,1770255876184552049,0,0
bruhhgarcia,2641162522907943484,1,1
bruhhgarcia,2633723397212883632,0,0
bruhhgarcia,2632429150417443049,0,0
bruhhgarcia,2631631520928667733,0,0
bruhhgarcia,2629356707184115733,0,0
bruhhgarcia,2627881271052898504,0,0
bruhhgarcia,2627115391494721695,0,0
bruhhgarcia,2626485681744045839,0,0
bruhhgarcia,2621378863044915892,0,0
bruhhgarcia,2611973197536481415,0,0
bruhhgarcia,2611216089207554331,0,0
bruhhgarcia,2589481400394626503,0,0
chuljin0,2305692681424270734,0,0
chuljin0,2230048892035056491,0,0
chuljin0,2051734042352567974,0,0
chuljin0,1711326983005963770,0,0
chuljin0,1514002731073028061,1,0
chuljin0,1499714737575147333,0,0
chuljin0,1461770131462394678,0,0
chuljin0,1417815399914806828,0,0
chuljin0,1407003085439744888,0,0
chuljin0,1384863468385127469,0,0
chuljin0,1379445317077889236,0,0
chuljin0,1373994245794309209,0,0
herbanbourbon,2548228583258895142,0,0
herbanbourbon,2533671924776000660,0,0
herbanbourbon,2480123876898653235,0,0
herbanbourbon,2450485755051510800,0,1
herbanbourbon,2421479187215932367,0,0
herbanbourbon,2387916522378394164,0,0
herbanbourbon,2091717350490576964,0,0
herbanbourbon,2068883843208773030,0,0
herbanbourbon,2067903351844061383,0,0
herbanbourbon,2064054984214874832,0,1
herbanbourbon,2049647975488359971,0,1
herbanbourbon,1947429163036338085,0,1
jlohn,2636612707606793629,0,0
jlohn,2619935316092401036,0,0
jlohn,2612236045192973023,0,0
jlohn,2611232438725213911,0,0
jlohn,2610786544489936107,0,0
jlohn,2610515537959292949,0,0
jlohn,2609231716592751961,0,0
jlohn,2608493126820684935,0,0
jlohn,2607769987035949166,0,0
jlohn,2532160850808854755,0,0
jlohn,2526572150333271673,0,0
jlohn,2526571798053633504,0,0
is.a.bell.a.tea,2437342483592999271,0,0
is.a.bell.a.tea,2401324587318447155,0,0
is.a.bell.a.tea,2151966531456864528,0,0
is.a.bell.a.tea,1986211692371488687,0,0
is.a.bell.a.tea,1947829619856349955,1,0
is.a.bell.a.tea,1919451449801413863,0,0
is.a.bell.a.tea,1706725426028874989,0,0
is.a.bell.a.tea,1405431575797269966,1,0
is.a.bell.a.tea,1403093102142619067,1,1
is.a.bell.a.tea,1401989144082689400,0,0
is.a.bell.a.tea,1401241940384983627,0,0
is.a.bell.a.tea,1399205696347964074,0,0
alikeshi,1966754440241505015,1,1
alikeshi,1911374366625654471,1,0
alikeshi,1736455781796012202,1,0
alikeshi,1722982409030830676,1,0
alikeshi,1677487695293527317,1,1
alikeshi,1656127779681328070,1,0
alikeshi,1615036318290338130,1,0
alikeshi,1615015600207144357,1,0
alikeshi,1563491857324661919,1,0
alikeshi,1474619808259369532,1,0
alikeshi,1473514438170422815,1,0
alikeshi,1462641141752833424,1,0
nathanlsimons,2506196102334441945,1,0
nathanlsimons,2390653961206767437,0,1
nathanlsimons,2389521179252523589,0,0
nathanlsimons,2347817236265151932,0,0
nathanlsimons,2243558558272385329,0,0
nathanlsimons,2203203654287035237,0,0
nathanlsimons,2166686266167341853,0,0
nathanlsimons,1956781061595710327,0,0
nathanlsimons,1945911078829296274,0,0
nathanlsimons,1941431320439493140,0,0
nathanlsimons,1941426851710595126,0,0
nathanlsimons,1941402304462557319,0,0
oconorscables,2601109714911544018,0,0
oconorscables,2595968431716999155,0,0
oconorscables,2591650638364181873,0,0
oconorscables,2582998575300371770,0,0
oconorscables,2577853586228411891,0,0
oconorscables,2575703880228629214,0,0
oconorscables,2572690479583744507,0,0
oconorscables,2571281582746682565,0,0
oconorscables,2569841985776847009,0,0
oconorscables,2567790417086838754,0,0
oconorscables,2566987292763635917,0,0
oconorscables,2566328626477786502,0,0
douglaspupo,2630969962256472435,0,1
douglaspupo,2628070009171570159,0,1
douglaspupo,2605598978574955982,0,0
douglaspupo,2603445725954382138,0,1
douglaspupo,2582187063400449531,0,0
douglaspupo,2575915050120702114,0,1
douglaspupo,2566467118937977395,0,1
douglaspupo,2554859493918134473,0,1
douglaspupo,2543298621220430557,0,0
douglaspupo,2537513481097458392,0,1
douglaspupo,2536069409190199025,0,1
douglaspupo,2530254676096856948,0,1
_paaron_,2624947640459481419,0,1
_paaron_,2442498285531710237,0,0
_paaron_,2382975332524727822,0,0
_paaron_,2336641241399610751,0,0
_paaron_,2324225269979997660,0,0
_paaron_,2301682668355597973,0,0
_paaron_,2215500059989106619,0,0
_paaron_,2208275579143236975,0,0
_paaron_,1955438266350518514,0,0
_paaron_,1750203210827431533,1,0
_paaron_,1748915932784021449,0,0
_paaron_,1748383338325627778,0,0
alexiakattah,2653433941351780051,0,0
alexiakattah,2643337429521300537,0,1
alexiakattah,2638965429864574206,0,0
alexiakattah,2637974411467907101,0,1
alexiakattah,2633139403909719386,0,1
alexiakattah,2629276957159461542,0,0
alexiakattah,2627846231537139098,0,1
alexiakattah,2627274419891822257,0,1
alexiakattah,2622731207504205932,0,1
alexiakattah,2621360816785414716,0,1
alexiakattah,2618442529323781449,0,0
alexiakattah,2617580448261106350,0,1
_sudosammy,2630071860361918141,0,0
_sudosammy,2482397567624128306,0,0
_sudosammy,2465061869661452384,0,0
_sudosammy,2434546907734123787,0,0
_sudosammy,2425762363082178566,0,0
_sudosammy,2422895328731953496,0,0
_sudosammy,2418412221467410446,0,0
_sudosammy,2403909669229012467,0,0
_sudosammy,2403107067734229833,0,0
_sudosammy,2402491222263599388,0,1
_sudosammy,2398443502519675619,0,0
_sudosammy,2061358709938073809,0,0
omaralmafalany,2476827157573250432,0,0
jamesingram2,2773122687905819280,0,0
jamesingram2,2733098804860158289,0,0
jamesingram2,2531403822743586118,0,0
jamesingram2,2522795137003728159,0,0
jamesingram2,2515924049716138503,0,0
jamesingram2,2506595530888522178,0,0
jamesingram2,2489752920437926195,0,0
jamesingram2,2476074340537516812,0,0
jamesingram2,2470365496305921419,0,0
jamesingram2,2469504251470184046,0,0
jamesingram2,2464524788449764065,0,0
jamesingram2,2458418178253924559,0,0
virgilegug,2738945809931366546,0,0
virgilegug,2669824267599818984,0,0
virgilegug,2669822133168795841,0,0
virgilegug,2547573586575519389,0,0
virgilegug,2547272206950532144,0,0
virgilegug,2506793184022030171,0,0
virgilegug,2463923313374777214,0,0
virgilegug,2449771513860190962,0,0
virgilegug,2443811214720073231,0,0
virgilegug,2440357986808508787,0,0
virgilegug,2439415834234545336,0,0
virgilegug,2435182071514322680,0,0
weeklydev,2211973659164331359,0,0
weeklydev,2208286286555388818,0,0
weeklydev,2207553212460866261,0,0
weeklydev,2200311774178237319,0,0
weeklydev,2191604567777525378,0,0
weeklydev,2187276822960499685,0,0
weeklydev,2185829109786056959,0,0
weeklydev,2182176012777853858,0,0
weeklydev,2180754420713891777,0,0
weeklydev,2179325483978673794,0,0
weeklydev,2093779582107828350,0,0
weeklydev,2090881463720397785,0,0
ryanwarnercodes,2285947159043847974,0,1
ryanwarnercodes,2241054150334851724,0,0
ryanwarnercodes,2215582499715435724,0,0
ryanwarnercodes,2169794143803385867,0,0
ryanwarnercodes,2168621480334461102,0,0
ryanwarnercodes,2167116992213772457,0,0
ryanwarnercodes,2150298470917846066,0,0
ryanwarnercodes,2147561463061811816,0,0
ryanwarnercodes,2128795554025442260,0,0
edwardcooke1,2737942961906113011,0,0
edwardcooke1,2476661862551690130,0,1
edwardcooke1,2471229678571291193,0,0
edwardcooke1,2446174729604958586,1,0
edwardcooke1,2375655265302729096,0,0
edwardcooke1,2374167511808901419,0,0
edwardcooke1,2370063436381192724,0,0
edwardcooke1,2350529683317353676,0,0
edwardcooke1,2345959549974308614,0,0
edwardcooke1,2319325898427611012,1,0
edwardcooke1,2314831860974585185,0,0
edwardcooke1,2289527424689643553,0,0
kasperofzeau,2788873472320917356,0,0
kasperofzeau,2759062813030165308,0,1
kasperofzeau,2750473756700953132,0,0
kasperofzeau,2739602529946073821,0,0
kasperofzeau,2647480922974793407,0,0
kasperofzeau,2636631449876935965,0,0
kasperofzeau,2632375500773261627,0,0
kasperofzeau,2615728728684529781,0,0
kasperofzeau,2611342159374469739,0,0
kasperofzeau,2576499116180001433,0,0
kasperofzeau,2567796891320817324,0,0
kasperofzeau,2550422095121539189,0,0
douglasrodrigues42,2797707230738869581,0,1
douglasrodrigues42,2797681469760130765,0,1
douglasrodrigues42,2797671134070811072,0,1
douglasrodrigues42,2778603206105659045,0,0
douglasrodrigues42,2769551721105760557,0,1
douglasrodrigues42,2753413969917476792,0,1
douglasrodrigues42,2741746290226352189,0,0
douglasrodrigues42,2703415887141927500,0,1
douglasrodrigues42,2698183119960248324,0,0
douglasrodrigues42,2696223113656190766,0,1
douglasrodrigues42,2690452337539717778,0,0
douglasrodrigues42,2661509921810667252,0,1
voytool,1454786658779209460,0,0
voytool,1360495943783787245,0,0
voytool,1345137968058242664,0,0
voytool,1340310976091736840,0,0
voytool,1334123716761627597,0,0
voytool,1328714030465979059,0,0
voytool,1243848619074596158,0,0
voytool,1218234109127372723,0,0
voytool,1214951554852662382,1,0
voytool,1106700445315574929,1,0
voytool,1105257941265362110,0,0
voytool,1105157323519504172,0,0
onerootbeer,2642467221131187178,0,0
onerootbeer,2604407074105772666,0,0
onerootbeer,2567142741462405894,0,0
onerootbeer,2555539692252006762,0,0
onerootbeer,2543835771707992951,0,0
onerootbeer,2539266614580529587,0,0
onerootbeer,2530186338260865302,0,0
onerootbeer,2528593789402450529,0,0
onerootbeer,2527304869674913638,0,0
onerootbeer,2521505851246110951,0,0
onerootbeer,2512064250996138284,0,0
onerootbeer,2509870861186665918,0,0
mirzailhami,2569242696078489850,0,1
mirzailhami,2526272984655024223,0,0
mirzailhami,2502382326865302011,0,0
mirzailhami,2377374876588873114,0,1
mirzailhami,2324855192597959445,0,0
mirzailhami,2315493003927751123,0,0
mirzailhami,2273337330750662266,0,0
mirzailhami,2215704670687920033,0,0
mirzailhami,2208191784969124925,0,0
mirzailhami,2195570286815088415,0,0
mirzailhami,2182956441420507461,0,0
mirzailhami,2167362709883309105,0,0
lp_smash,2566186059491529948,0,0
lp_smash,2538936047246363423,0,0
lp_smash,2523724312910730571,0,0
lp_smash,2518602566952006380,0,0
lp_smash,2489055609190843884,0,0
lp_smash,2474941411720465026,0,0
lp_smash,2472142278320372771,0,0
lp_smash,2451051903589802975,0,0
lp_smash,2423677475588184097,0,0
lp_smash,2345508764138789680,0,0
lp_smash,2341236632881872417,0,0
lp_smash,2340777161667862623,0,0
pablohdev,2617869218129344367,0,0
pablohdev,2587270165811920025,0,0
pablohdev,2576375923249857877,0,0
pablohdev,2573459883649999046,0,0
pablohdev,2557563483384972363,0,0
pablohdev,2544570037959585088,0,0
pablohdev,2534372680953388957,0,0
pablohdev,2525113350995471339,0,0
pablohdev,2512612496988047925,0,0
pablohdev,2477117949382443241,0,0
pablohdev,2475093784152313448,0,0
pablohdev,2471430356665668041,0,0
charliejgallo,2611255952790205846,0,0
charliejgallo,2541738508577305339,0,0
charliejgallo,2527438984441601933,0,1
charliejgallo,2527335667544774246,0,0
charliejgallo,2512631201636773073,0,1
charliejgallo,2510432702032734468,0,0
charliejgallo,2501164526740478676,0,0
charliejgallo,2488734427940407144,0,0
charliejgallo,2486067366521180012,0,0
charliejgallo,2477173011542564596,0,0
charliejgallo,2475740379793469642,0,0
charliejgallo,2467880365699378323,0,0
wesley_cantarino,1789326115355336823,0,0
wesley_cantarino,1755856023594612608,0,0
wesley_cantarino,1724949344242049273,0,0
wesley_cantarino,1651157905125497499,0,1
wesley_cantarino,881366657383131739,0,0
wesley_cantarino,776728971326909107,0,0
wesley_cantarino,745778764326234201,0,0
courtneyrevada.io,2658236989645346199,0,1
courtneyrevada.io,2657509237694366726,0,0
courtneyrevada.io,2651680854926698931,0,1
courtneyrevada.io,2646670204748058106,0,0
courtneyrevada.io,2641586506545558613,0,1
courtneyrevada.io,2627783822809140474,0,0
courtneyrevada.io,2627761455827417759,0,1
courtneyrevada.io,2616223241186594002,0,1
courtneyrevada.io,2606079236725723975,0,0
courtneyrevada.io,2601661292662946207,0,0
courtneyrevada.io,2599551166522924758,0,0
courtneyrevada.io,2598766219298225544,0,0
parsathedev,2479324019066017697,0,0
parsathedev,2230362113178882127,0,0
parsathedev,2211048315355962844,0,0
parsathedev,2121588197556527633,0,0
parsathedev,2092890018875414671,0,0
parsathedev,1960928618758878331,0,0
parsathedev,1956490082265716089,1,0
parsathedev,1849983546031173214,0,0
parsathedev,1783476119413061050,0,0
parsathedev,1772593931188566929,0,0
parsathedev,1740250213460732418,0,0
parsathedev,1731863165548668144,0,0
reza_muzay,1787783917881887152,0,0
reza_muzay,1596942290927000680,0,0
reza_muzay,1587359756392225111,0,0
reza_muzay,1563418096897672840,0,0
reza_muzay,1555545019803369286,0,0
reza_muzay,1553646095660445929,0,0
reza_muzay,1540313455872079829,0,0
reza_muzay,1537290086574651929,0,0
reza_muzay,1533769669654235554,0,0
reza_muzay,1532433845595467099,0,0
reza_muzay,1526724626636557689,0,0
reza_muzay,1519655205745049733,0,0
dusucredansmoncafe,2467078783132293882,0,0
dusucredansmoncafe,2405495726202935913,0,1
dusucredansmoncafe,2394566480747883509,0,1
dusucredansmoncafe,2388184006883036102,0,1
dusucredansmoncafe,2385231387701183398,0,1
dusucredansmoncafe,2377964467628653396,0,0
dusucredansmoncafe,2373563715816624718,0,0
dusucredansmoncafe,2362646868380412843,0,0
dusucredansmoncafe,2362093296941242391,0,0
dusucredansmoncafe,2351191079346491828,0,0
dusucredansmoncafe,2289468890996254701,0,1
dusucredansmoncafe,2281915047972281680,0,0
mvcorsi,2651411648122837382,0,0
mvcorsi,2409264571314080753,0,1
mvcorsi,2275795847064854855,0,0
mvcorsi,2236780472663101589,0,1
mvcorsi,2223739451943531812,0,0
mvcorsi,2199228052655700424,0,0
mvcorsi,2165680933760288288,0,0
mvcorsi,2162839090985517216,0,1
mvcorsi,2147596775478105494,0,0
mvcorsi,2101254046879791042,0,0
mvcorsi,2067676459670857598,0,0
mvcorsi,2064623219463076576,0,0
its_pliakas,2635871004878804216,0,0
its_pliakas,2604819677078002426,0,0
its_pliakas,2549597743436104265,0,0
its_pliakas,2475665524972096905,0,0
its_pliakas,2469990268869602702,0,0
its_pliakas,2456851108306668730,0,0
its_pliakas,2417143419561813836,0,0
its_pliakas,2382877796694741145,0,0
its_pliakas,2351170497043390268,0,0
its_pliakas,2347513360677173735,0,0
its_pliakas,2333469587920088224,0,0
its_pliakas,2325690988102111182,0,0
kyleines,2542666976308851052,0,0
kyleines,2535396686005277969,0,1
kyleines,2533297233329003253,0,0
kyleines,2531039484641547438,0,0
kyleines,2528232812792784533,0,0
kyleines,2527402157460755852,0,1
kyleines,2526308246848002472,0,0
kyleines,2524168714534882802,0,0
kyleines,2523487447485138773,0,0
kyleines,2523169776059101298,0,0
kyleines,2523022837543913285,0,0
kyleines,2522606487574947232,0,0
franc0.exe,2665045094760347028,0,0
franc0.exe,2659076149381257374,0,0
franc0.exe,2655788318083773171,0,1
franc0.exe,2654032682590633427,0,0
franc0.exe,2649063302458832060,0,0
franc0.exe,2643097424038923312,0,1
franc0.exe,2642810417338681140,0,0
franc0.exe,2639086745755174746,0,0
franc0.exe,2635898250507823835,0,0
franc0.exe,2626814434757462417,0,0
franc0.exe,2613285425725747850,0,0
franc0.exe,2611215233914923867,0,1
freeleeks,2171366880917144773,0,0
freeleeks,2082880735165414314,0,0
freeleeks,2026464852039312261,0,0
freeleeks,1959018824407684083,0,0
freeleeks,1959013319616941396,0,1
freeleeks,1932233386745415068,0,0
freeleeks,1921102066667994609,0,0
freeleeks,1919120134631752390,0,1
freeleeks,1917485278459372768,0,0
freeleeks,1916268633158094096,0,0
freeleeks,1865505616912193506,0,0
freeleeks,1744927695315419099,0,0
farmperfect,2608462958540721747,0,0
farmperfect,2366136302683188811,0,0
farmperfect,2280883441666214312,0,0
farmperfect,2232756756484164835,0,0
farmperfect,2073575362369341197,0,0
farmperfect,2068414765077072346,0,0
farmperfect,1969133976779434295,0,0
farmperfect,1941114398258250318,0,0
farmperfect,1933021322722304388,0,0
farmperfect,1925727670353846621,0,0
farmperfect,1916120849993456056,0,0
farmperfect,1911099525386592112,0,0
anm22it,2653334472356957687,0,0
anm22it,2554535101020347963,0,0
anm22it,2471854081838600563,0,0
anm22it,2445320596294508702,0,0
anm22it,2440264952935959653,0,0
anm22it,2430153487382017346,0,0
anm22it,2421423973919490775,0,0
anm22it,2416998977486903466,0,0
anm22it,2416076922364939739,0,0
anm22it,2414188530320688577,0,0
anm22it,2409819316714328970,0,0
anm22it,2402350632247454748,0,0
idlatest,2429890386441835095,0,0
idlatest,2416411530733273835,0,0
idlatest,2415756127800281903,0,0
idlatest,2404068525078609017,0,0
idlatest,2404064539441207859,0,0
idlatest,2404051460628175724,0,0
idlatest,2378401148924325603,0,1
idlatest,2255577202693417067,0,0
idlatest,1908144093815326540,1,0
idlatest,1902447484492568213,1,0
idlatest,1895333604307050623,0,0
idlatest,1887739696152743327,0,0
buzzyfuzzy_kid,2671153385010838583,0,1
buzzyfuzzy_kid,2613248727544167560,0,1
buzzyfuzzy_kid,2588757450932974326,0,1
buzzyfuzzy_kid,2495029152855203662,0,0
buzzyfuzzy_kid,2494362394339086603,0,0
buzzyfuzzy_kid,2473943664035632475,0,0
buzzyfuzzy_kid,2412425552127596546,0,0
buzzyfuzzy_kid,2376013831576452825,0,0
buzzyfuzzy_kid,2374010558000648290,0,1
buzzyfuzzy_kid,2373199828707956845,0,1
buzzyfuzzy_kid,2333644872814255581,0,1
buzzyfuzzy_kid,2300238345655187983,0,0
_anwerali,2416212879478259902,0,0
_anwerali,2409576445480729532,0,0
_anwerali,1582777893779262292,0,0
_anwerali,1555250819493739422,0,0
_anwerali,1527861343620666424,0,0
_anwerali,1488217715151605208,0,0
_anwerali,1427345891509697443,0,1
_anwerali,1412730639798787984,0,0
_anwerali,1397513653657708294,0,0
_anwerali,1390239171280844054,0,0
_anwerali,1385185404856510283,0,0
_anwerali,1377440464663700594,0,1
salmanually,2659041025281384713,0,1
salmanually,2658408441710025244,0,1
salmanually,2657495554539828906,0,1
salmanually,2650738508315343487,0,1
salmanually,2629403317528628359,0,1
salmanually,2593123179661987936,0,1
salmanually,2579295646545933215,0,1
salmanually,2452380152476515260,0,1
salmanually,2097391549930697714,0,0
salmanually,1849335141967593363,0,0
salmanually,1829171839063086514,0,0
salmanually,1681924617901618995,0,0
luscas_wolf,2684425882387634866,0,0
luscas_wolf,2674249525414444283,0,0
luscas_wolf,2651013358398778787,0,0
luscas_wolf,2598320050765495154,0,1
luscas_wolf,2597515159063113314,0,1
luscas_wolf,2595264279932795944,0,1
luscas_wolf,2593821632739365940,0,1
luscas_wolf,2590150841833151430,0,1
luscas_wolf,2587407380587615577,0,1
luscas_wolf,2585764231377169804,0,1
luscas_wolf,2512053682046376638,0,0
luscas_wolf,2495903001287648072,0,0
carranza_32,2119280142976015515,0,0
carranza_32,2110641677090425501,0,0
carranza_32,2109204850483811301,0,0
carranza_32,2072200349814246101,0,0
carranza_32,2065685247938115072,0,0
carranza_32,2045922482260291775,0,1
carranza_32,2045403970404262229,0,0
carranza_32,2044022142850249982,0,0
carranza_32,1977841845803454305,0,0
carranza_32,1945353828790612422,0,0
carranza_32,1839356876544649425,0,0
carranza_32,1808423377998480692,0,0
hassan_magdy_saad,2624947671104578222,0,0
hassan_magdy_saad,2374119383770554602,0,1
hassan_magdy_saad,2353618660083409227,0,1
hassan_magdy_saad,2304937958882506755,0,0
hassan_magdy_saad,2273308955579033323,0,1
hassan_magdy_saad,2113103155083412126,0,1
hassan_magdy_saad,2087014328417985420,0,0
hassan_magdy_saad,2046241595663356314,0,0
hassan_magdy_saad,2045331924902009507,0,1
hassan_magdy_saad,2021360140254515974,0,0
hassan_magdy_saad,2016089572185868729,0,0
hassan_magdy_saad,2005011723991384965,0,1
caterax_io,1593587273524548877,1,0
caterax_io,1482179510446897524,0,0
caterax_io,1419218769598983364,0,0
caterax_io,1394744334066384924,1,0
caterax_io,1394453047807191684,0,0
caterax_io,1385680778280770659,1,0
caterax_io,1382224190974781719,0,0
caterax_io,1381377530380096532,0,0
caterax_io,1374126357990277230,0,0
caterax_io,1372817017152796078,0,0
caterax_io,1371834472366018792,0,0
f_azrian,2171546742562773371,0,0
f_azrian,2142301229514908540,0,0
f_azrian,2142300583843654313,0,0
f_azrian,2142300205391576559,0,0
f_azrian,2141153279707275565,0,0
f_azrian,2141152993311863720,0,0
f_azrian,2141152652398751343,0,0
f_azrian,2140417215912900057,0,0
f_azrian,2140416944205906944,0,0
f_azrian,2140416578487742554,0,0
f_azrian,1803423034700154757,0,0
f_azrian,1760301101657988724,0,0
amastaneh,2679442034834979089,1,0
amastaneh,2632883478341010437,0,1
amastaneh,2618367730521146190,0,1
amastaneh,2602403366248320016,0,0
amastaneh,2487203691753411214,0,1
amastaneh,2477480929782768227,1,1
amastaneh,2458081762186766128,0,0
amastaneh,2312963668091998560,0,1
amastaneh,2252491681352104418,1,0
amastaneh,2251539721673027288,1,0
amastaneh,2251064411374701068,1,0
amastaneh,1893400741557778959,1,0
duodusamuel,2624354374337924809,0,0
duodusamuel,2547490856490137578,0,0
duodusamuel,2259834084369310709,0,0
duodusamuel,2245308956910404861,0,0
duodusamuel,2186483748175279389,0,0
duodusamuel,2154645800459009452,0,1
duodusamuel,2137710991598154852,0,0
duodusamuel,2130755999976845361,0,0
duodusamuel,2100133957443471514,0,0
duodusamuel,2078726061039692033,0,0
duodusamuel,2023857566397639234,0,0
duodusamuel,1984249413217578453,0,0
hasan_dimdik,2698935806965055984,0,0
hasan_dimdik,2692996067741289220,0,0
hasan_dimdik,2692092131417222409,0,0
hasan_dimdik,2691082674059551689,0,0
hasan_dimdik,2689257442515889960,0,0
hasan_dimdik,2686040782607221090,0,0
hasan_dimdik,2683829383344855113,0,0
hasan_dimdik,2682734628095128668,0,0
hasan_dimdik,2681408082818221563,0,0
hasan_dimdik,2681346137444327791,0,0
hasan_dimdik,2681233370737738909,0,0
hasan_dimdik,2680931194190973264,0,0
wepika,2684295510284948120,0,0
wepika,2667035935307687618,0,0
wepika,2603304899169411827,0,0
wepika,2481331204855804652,0,0
wepika,2414953070862579697,0,0
wepika,2370395327904747869,0,0
wepika,2359767140657127738,0,0
wepika,2355335092911686622,0,0
wepika,2343035379797516783,0,0
wepika,2338596385722643292,0,0
wepika,2324648137064605138,0,0
wepika,2322851834622339111,0,0
pranv.dev,2430683205714446015,1,0
pranv.dev,2278463718101367730,1,0
pranv.dev,2235024499258933195,1,0
pranv.dev,2231019799859851303,1,0
pranv.dev,2191332130764589461,1,0
pranv.dev,2080449071601824461,0,1
pranv.dev,1933998663065873952,1,0
pranv.dev,1910852429593481702,1,0
pranv.dev,1869164445504899323,0,0
pranv.dev,1798277286267241098,0,0
pranv.dev,1784285473949063346,0,0
pranv.dev,1680228797428232866,1,0
ofuochi,2177501715985071161,0,1
ofuochi,2177063275019479470,0,0
ofuochi,2060495812782660891,1,0
ofuochi,2057489713783471839,0,0
ofuochi,2019393201522522170,0,0
ofuochi,2019392439090200845,0,0
ofuochi,2018073445104307643,0,0
ofuochi,2018069157309160804,0,0
ofuochi,1510933391967985033,0,0
ofuochi,1504907571004619346,0,1
ofuochi,1503508112534204401,0,1
ofuochi,1503109885398027816,0,1
happymaau,2587223065914239851,0,0
happymaau,2583733233296479108,0,0
happymaau,2504187996371210086,0,0
happymaau,2321533813513073182,0,0
happymaau,2321494109644324704,0,0
happymaau,2186573600222423652,0,0
happymaau,2132880362228046831,0,0
happymaau,2032040914637102501,0,0
happymaau,2030800005916373758,0,0
happymaau,2030799261570013529,0,0
happymaau,2030763933274602574,0,0
happymaau,1947460535733772525,0,0
tutssdk,2666282220112017900,0,0
tutssdk,2540423896103800978,0,0
tutssdk,2453094824707710251,0,0
tutssdk,2413686085072653491,0,0
tutssdk,2403822387348765855,0,0
tutssdk,2402504267413720502,0,0
tutssdk,2397473036682671011,0,0
tutssdk,2395755355638247454,0,0
tutssdk,2394787678434122832,0,0
tutssdk,2392903964456613443,0,0
tutssdk,2391590920300497831,0,0
tutssdk,2389711111999814803,0,0
enzoftware,2252092492193527810,0,0
enzoftware,2161442807871924920,0,0
enzoftware,2111484676089854953,0,0
enzoftware,2108968179908171908,0,0
enzoftware,2091930769101901188,0,0
enzoftware,2016920680771503971,0,0
enzoftware,1969533402143406423,0,0
enzoftware,1967674475495753534,0,0
enzoftware,1940429979070585891,0,0
enzoftware,1922305011501808536,0,0
enzoftware,1911967415458372670,0,0
enzoftware,1611160821852007842,0,0
lexnnovation,2386716890726103085,0,0
thedaviddias,2640183278249841513,0,0
thedaviddias,2638984549295650264,0,0
thedaviddias,2598060417465192282,0,1
thedaviddias,2589434781360085505,0,0
thedaviddias,2511493099205865097,0,1
thedaviddias,2510047769595653393,0,0
thedaviddias,2507700984793526233,0,0
thedaviddias,2149759636482390471,0,0
thedaviddias,1889433296591336294,0,0
thedaviddias,1522979970640349225,0,0
thedaviddias,1289791423373161086,0,0
thomo1969,2641058852122685020,0,0
thomo1969,2572645938794082550,0,0
thomo1969,2524106332688057371,0,0
thomo1969,2491031311430307543,0,0
thomo1969,2483090022613173313,0,0
thomo1969,2376227355911385294,0,0
thomo1969,2306023796251494863,0,0
thomo1969,2297099390066258390,0,0
thomo1969,2270425563663688033,0,0
thomo1969,2264629707228273714,1,0
thomo1969,2228409485010064937,0,0
thomo1969,2213168669803047805,0,0
rafaelperozin,2641697744748648564,0,0
rafaelperozin,2640913443983592148,0,0
rafaelperozin,2640863423385163863,0,0
rafaelperozin,1794522741718930740,0,0
rafaelperozin,1784120096978126971,0,0
rafaelperozin,1779894467609057520,0,1
rafaelperozin,1777753609124278144,0,0
rafaelperozin,1776814444287115306,0,0
rafaelperozin,1774598820790035897,0,0
rafaelperozin,1771124582527777268,0,0
rafaelperozin,1739514259422113626,0,0
rafaelperozin,1737345675950483211,0,0
lennyard,1890967077545446923,1,0
lennyard,1292709954943547048,1,0
lennyard,1292320140801063681,1,0
lennyard,1288649654308975844,1,0
lennyard,1287566399568753834,1,0
lennyard,1287306438762654798,1,1
lennyard,1285335707396965672,1,0
lennyard,1283581593529051832,0,0
lennyard,1282945029740315394,1,0
lennyard,1282364768770173867,1,1
lennyard,1281722957001314827,1,0
lennyard,1280332586287512822,0,0
darkfadr,2470312259856735021,0,0
darkfadr,2426675744157268604,0,0
darkfadr,2389477301563591044,0,0
darkfadr,2252543030622934657,0,0
darkfadr,2181438237993415738,0,0
darkfadr,1874915484097603570,0,0
darkfadr,1761768531885886176,0,0
darkfadr,1761301355265661806,0,0
darkfadr,1760465513559216037,0,0
darkfadr,1751233770494801769,0,0
darkfadr,1709056440473290662,0,0
darkfadr,1705896223897519803,0,0
robertlluberes,2452825218395499594,0,1
robertlluberes,2149868040997526734,0,0
robertlluberes,2108974389801773063,0,0
robertlluberes,2036001022870467480,0,0
robertlluberes,2033604901065734832,0,0
robertlluberes,1946914182062685783,0,0
robertlluberes,1940096285302604948,0,0
robertlluberes,1851540647100293908,0,0
robertlluberes,1814933884301492972,0,0
robertlluberes,1798082703000575196,0,0
robertlluberes,1748663767073299715,0,0
robertlluberes,1666330457253371634,0,0
raccoonov,2618255594698330306,0,0
raccoonov,2617846556508774656,0,0
raccoonov,2616723345392883698,0,1
raccoonov,2610383690507596365,0,0
raccoonov,2580754302274363894,0,0
raccoonov,2578378182458087191,0,1
raccoonov,2578377729902515948,0,0
raccoonov,2577698687486507449,0,0
raccoonov,2567607314770987974,0,0
raccoonov,2566857287383588247,0,0
raccoonov,2563877483675700546,0,0
raccoonov,2557310410278177099,0,1
j_sahani,2572982596541008133,0,0
j_sahani,2526216299409116630,0,0
j_sahani,2508655299994709001,0,0
j_sahani,2458211363824403127,0,0
j_sahani,2384215202239789781,0,0
j_sahani,2383432458776409006,0,1
j_sahani,2374257638215261597,0,0
j_sahani,2354288768021133172,0,0
j_sahani,2324027580687452258,0,0
j_sahani,2322525391983638840,0,1
j_sahani,2305844751797401912,0,0
j_sahani,2298793072795210634,0,0
jaredpalmer,2293898399810671517,1,0
jaredpalmer,2231305010529216474,0,0
jaredpalmer,2229832320423930206,0,0
jaredpalmer,2227787874511025242,1,0
jaredpalmer,2211914676991470659,1,0
jaredpalmer,2163282895820294492,0,0
jaredpalmer,2159034943744649199,0,0
jaredpalmer,2126975051706105863,1,0
jaredpalmer,2126537792225636463,0,0
jaredpalmer,2124260809500420450,0,0
jaredpalmer,2106114716405158223,0,0
jaredpalmer,2102489517231248183,0,0
miguelmelendez__,2476602546587061540,0,0
miguelmelendez__,2249746446262135346,0,0
miguelmelendez__,2244685135006144329,0,0
miguelmelendez__,2242848774536240136,0,0
miguelmelendez__,2004791010598517539,0,0
miguelmelendez__,1965588344609828753,0,0
miguelmelendez__,1962818097406341213,0,0
miguelmelendez__,1961874768472635247,0,0
miguelmelendez__,1947015509813636568,0,0
miguelmelendez__,1836734210356692082,0,0
miguelmelendez__,1833017855384048972,0,0
miguelmelendez__,1831731151935117339,0,0
michal_s.o,2102606616519041324,1,0
michal_s.o,2080367723275690823,1,0
michal_s.o,2022820163921301802,0,0
michal_s.o,1982798185298769101,0,0
michal_s.o,1982152681980308400,0,0
michal_s.o,1357961423318151178,0,1
michal_s.o,1347929400977145316,0,0
michal_s.o,1307207970111606440,0,0
michal_s.o,1058240988179715298,0,0
michal_s.o,1043525104009860363,0,0
michal_s.o,981937872304461568,0,0
michal_s.o,970536702470116991,0,0
miyukikammoto,2614701460940551002,1,0
miyukikammoto,2607508894981671107,1,0
miyukikammoto,2606487621107433867,0,0
miyukikammoto,2605318928520233461,0,0
miyukikammoto,2573777397166845708,1,0
miyukikammoto,2572588196631005006,1,0
miyukikammoto,2566756958212990299,0,0
miyukikammoto,2558004733491830073,1,1
miyukikammoto,2547912391875510885,0,0
miyukikammoto,2544407011417555434,1,0
miyukikammoto,2542697314817808949,1,0
miyukikammoto,2540495650417324877,1,0
caseywescott,2358341980861498307,0,1
caseywescott,2350177090862996308,0,1
caseywescott,2314041784938193887,0,1
caseywescott,2289405622261020260,0,1
caseywescott,2283618922721038902,0,1
caseywescott,2274254096781790956,1,1
caseywescott,2164137165228209653,0,1
caseywescott,2159045968256070165,0,0
caseywescott,2151771561284531965,0,1
caseywescott,2147335694029491374,0,1
caseywescott,2141618405296773138,0,1
caseywescott,2140890952886419392,0,0
astritmalsia,2601746972597363555,0,0
astritmalsia,2593607963694259074,0,0
astritmalsia,2568916572108034117,0,0
astritmalsia,2560364659510897890,0,0
astritmalsia,2546498184916477997,0,0
astritmalsia,2539982222419432695,0,0
astritmalsia,2537848711516496437,0,0
astritmalsia,2536394634131617474,0,0
astritmalsia,2535124973264022308,0,0
astritmalsia,2531408694594125210,0,0
astritmalsia,2530550437587676974,0,0
astritmalsia,2530107177777773602,0,0
cmoud94,2614205726403241279,0,0
cmoud94,2129987071149478390,0,0
cmoud94,2129969594885593867,0,0
cmoud94,1866835825418269392,1,1
cmoud94,1822416548171016492,1,0
cmoud94,1794390336886572975,1,0
cmoud94,1712487723376755277,1,0
cmoud94,1700752730967457296,1,0
cmoud94,1678503944132026860,1,0
cmoud94,1602328289757890504,1,0
cmoud94,1577517895986337295,1,0
cmoud94,1553694879049336356,1,0
yvesmulkers,2427240586397118364,0,0
yvesmulkers,2426396333902668216,0,0
yvesmulkers,2425701282375102162,0,0
yvesmulkers,2423961608981892971,0,0
yvesmulkers,2422590082209866931,0,0
yvesmulkers,2422107053462325319,0,0
yvesmulkers,2422076228162746579,0,0
yvesmulkers,2421925900501108989,0,0
yvesmulkers,2421019624248591444,0,0
yvesmulkers,2420688418776611657,0,0
yvesmulkers,2419057277706219377,0,0
yvesmulkers,2418483150561908927,0,0
cmacmillanmarin,2312827996066374754,0,1
cmacmillanmarin,2222186878552108665,0,1
cmacmillanmarin,2054363412121022783,0,0
cmacmillanmarin,2054360739426664973,0,0
cmacmillanmarin,2044272755977263608,0,1
cmacmillanmarin,2032008674156123119,0,0
cmacmillanmarin,2022705364488042180,0,0
cmacmillanmarin,2015342092773100235,0,1
cmacmillanmarin,1981462541613054955,0,0
cmacmillanmarin,1861980415758577674,0,0
cmacmillanmarin,1542113757734428787,0,1
cmacmillanmarin,1541974468505718069,0,0
mikemimik,2534428304738236996,0,0
mikemimik,2021420591476512140,1,0
mikemimik,2015044662118520465,1,0
mikemimik,1868701561249951850,1,0
mikemimik,1857605655889055713,0,0
mikemimik,1596051111865566169,1,0
mikemimik,1556235194474562323,1,0
mikemimik,1548934850161854421,1,0
mikemimik,1430909847880909643,1,0
mikemimik,1429156689131471273,1,0
mikemimik,1290683993133455479,1,0
mikemimik,1275133227428022040,1,0
kurtextrem,2186334407672603671,1,0
kurtextrem,1924691458625714395,1,0
kurtextrem,1908877509711521294,0,0
kurtextrem,1880020620604042557,1,0
kurtextrem,1875305566676167676,0,0
kurtextrem,1844203190074195429,1,0
kurtextrem,1801393994681329257,0,0
kurtextrem,1738462680534806903,1,0
kurtextrem,1702347209112294990,0,0
kurtextrem,1699569687091028148,0,0
kurtextrem,1436445231938935347,1,0
kurtextrem,883829526903060503,1,0
wevitt,2222668123203562196,0,0
wevitt,2113855118555245999,0,0
wevitt,2098194205273927751,0,0
wevitt,2058013545618056945,0,1
wevitt,2053311917516385053,0,0
wevitt,2042831300907009747,1,1
wevitt,1995989419917482665,0,0
wevitt,1949252642574064502,0,0
wevitt,1916392057767706427,0,0
wevitt,1867744992552182199,0,0
wevitt,1846631325064651745,0,0
wevitt,1814560988647125121,0,0
dieggocarrilho,2595498960300573568,0,0
dieggocarrilho,2510751746639083012,0,0
dieggocarrilho,2488824362491171362,0,0
dieggocarrilho,2476737980603905561,0,0
dieggocarrilho,2476723572943333657,0,0
dieggocarrilho,2462083465376377898,0,0
dieggocarrilho,2414171172387128010,1,0
dieggocarrilho,2407532740466378114,0,0
dieggocarrilho,2355267662052733861,0,0
dieggocarrilho,2353208523709242756,0,0
dieggocarrilho,2352532356740378698,0,0
dieggocarrilho,2351140212221680336,0,0
jamarr_edwards,2603233853238147185,0,0
jamarr_edwards,2162864794242593587,0,0
jamarr_edwards,2009167188526728258,0,0
jamarr_edwards,1905606074996957019,0,0
jamarr_edwards,1626413243345255624,1,0
jamarr_edwards,1604553950602172669,0,0
jamarr_edwards,1549652815986852059,0,0
jamarr_edwards,1505490408394129446,0,0
jamarr_edwards,1488777952548571873,0,0
jamarr_edwards,1485600769323725004,0,0
jamarr_edwards,1481277518325968933,0,0
jamarr_edwards,1437198001486897288,0,0
gunnarfreyr,2620318896238034447,0,0
gunnarfreyr,2528703323037670217,0,0
gunnarfreyr,2445299426441363658,0,0
gunnarfreyr,2360992964915982865,0,0
gunnarfreyr,2351511161389962204,0,0
gunnarfreyr,2314877165260388178,0,0
gunnarfreyr,2300177154375306964,0,0
gunnarfreyr,2218447001023112995,0,0
gunnarfreyr,2198859222756743051,0,1
gunnarfreyr,2168936585935066878,0,0
gunnarfreyr,2156667389318777591,0,0
gunnarfreyr,2156096410049673443,0,0
ru_jeka,2636570439799628173,1,0
ru_jeka,2499060287379646336,0,1
ru_jeka,2471961430745481567,1,0
ru_jeka,2467496271889153479,0,0
ru_jeka,2413150910060246449,0,0
ru_jeka,2411271143140638830,1,0
ru_jeka,2392287255907305276,0,0
ru_jeka,2380160705649016734,0,0
ru_jeka,2350657012998372150,0,0
ru_jeka,2300993004486122937,0,0
ru_jeka,2251880894699456783,0,0
ru_jeka,2251879588089988504,0,0
shyamjos,2546456869948837482,0,0
shyamjos,2480524455632670276,0,0
shyamjos,2396440736261721437,0,0
shyamjos,2240734054146583901,0,0
shyamjos,2190859689678381872,0,0
shyamjos,2102134147140353103,0,0
shyamjos,1983227776282754021,0,0
shyamjos,1977469120564082005,0,0
shyamjos,1976690529337191628,0,0
shyamjos,1973792595641875948,0,0
shyamjos,1973355812240208228,0,0
shyamjos,1957501884781004565,0,0
phoenixabhishek,2310120332507348994,0,0
phoenixabhishek,2303145561825940396,0,0
phoenixabhishek,2303144971620148188,0,0
phoenixabhishek,2301697834348951149,0,0
phoenixabhishek,2300929867948243656,0,0
phoenixabhishek,2300911645115029909,0,0
phoenixabhishek,2299626914842979425,0,0
phoenixabhishek,2299619105686534872,0,0
phoenixabhishek,2278274248775038170,0,0
phoenixabhishek,2122813423357272595,0,0
phoenixabhishek,2118369691100736550,0,0
phoenixabhishek,2118368079204521911,0,0
quickprox,2687977919688601739,0,0
quickprox,2374710635729790977,0,0
quickprox,2253195665482349706,0,0
quickprox,2223536525046778108,0,0
quickprox,2223525418932539317,0,0
quickprox,2177189484662505142,0,0
quickprox,2151011441971742656,0,1
quickprox,2139197277217243883,0,0
quickprox,2109517223495697720,0,0
quickprox,2091401169368218612,0,0
quickprox,2075049456952525956,0,1
quickprox,2074093254080931656,0,0
abi_aradhya,2680795868931563344,0,1
abi_aradhya,2639045306223919943,0,0
abi_aradhya,2637296196799021991,0,0
abi_aradhya,2636546693187874713,0,0
abi_aradhya,2611962547519251766,0,1
abi_aradhya,2606463714420925949,0,1
abi_aradhya,2571023569330287994,1,0
abi_aradhya,2570212072404491803,1,0
abi_aradhya,2570210745694332871,1,1
abi_aradhya,2541267776610239800,0,1
abi_aradhya,2512220533244901721,0,1
abi_aradhya,2472092997598427446,0,0
tellerandk,2671299824411894268,0,0
tellerandk,2476339203050087938,0,0
tellerandk,2437200693185902761,0,0
tellerandk,2385843139390414802,0,1
tellerandk,2376408854247245459,0,0
tellerandk,2367463408186016775,0,1
tellerandk,2336407845752377067,0,0
tellerandk,2315405735300819979,0,0
tellerandk,2280007063503581919,0,0
tellerandk,2269113381543931132,0,0
tellerandk,2264117973423900426,0,0
tellerandk,2240681765169607241,0,0
flash_x_jordan,2691837311783585052,0,1
flash_x_jordan,2617309806994598976,0,0
flash_x_jordan,2558298188096223574,0,0
flash_x_jordan,2485337790366425392,0,1
flash_x_jordan,2478154960838426302,0,0
flash_x_jordan,2469978245318455564,0,0
flash_x_jordan,2465187925334675536,0,0
flash_x_jordan,2347308935291360188,0,0
flash_x_jordan,2317170375362051214,0,0
flash_x_jordan,2096898286207504113,0,0
flash_x_jordan,2096679732635957447,0,0
flash_x_jordan,2076438777119051910,0,0
ampraveeen,2610249135104531130,0,1
ampraveeen,2600379962453607668,0,1
ampraveeen,2595875088923762198,0,1
ampraveeen,2584376170601339845,0,0
ampraveeen,2579301807510477768,0,0
ampraveeen,2577060684020812185,0,0
ampraveeen,2557605228521083096,0,0
ampraveeen,2555422680617510150,0,0
ampraveeen,2546009278145056640,0,0
ampraveeen,2537299517379538111,0,0
ampraveeen,2534368715255594689,0,0
ampraveeen,2531497985430080901,0,0
jacopokahlfrontenddeveloper,2580003752520613457,0,1
jacopokahlfrontenddeveloper,2130378334769769013,0,0
jacopokahlfrontenddeveloper,2127808934613620216,0,0
jacopokahlfrontenddeveloper,2114859066649162576,0,0
jacopokahlfrontenddeveloper,2076445179633623026,0,0
jacopokahlfrontenddeveloper,2074230934485153787,0,0
jacopokahlfrontenddeveloper,2067053527697364467,0,0
jacopokahlfrontenddeveloper,2066881325589325094,0,0
jacopokahlfrontenddeveloper,1957309620848269337,0,0
jacopokahlfrontenddeveloper,1948723828727067726,0,0
jacopokahlfrontenddeveloper,1924848184054396814,0,0
jacopokahlfrontenddeveloper,1913098280080638032,0,0
nielsonalvees,2714842159396668547,0,0
nielsonalvees,2713310875395894047,0,0
nielsonalvees,2710903183662505092,0,0
nielsonalvees,2709456021309323562,0,0
nielsonalvees,2708729442522188338,0,0
nielsonalvees,2708262400631471438,0,0
nielsonalvees,2707524181518356836,0,0
nielsonalvees,2705825943950178042,0,0
nielsonalvees,2705109910348024648,0,0
nielsonalvees,2703661399400149306,0,0
nielsonalvees,2702928273596672164,0,0
nielsonalvees,2702447074537317131,0,0
ilham_fidatama,1524844748802779506,0,0
ilham_fidatama,1514558361788648287,0,0
ilham_fidatama,1514556639246761547,0,0
ilham_fidatama,1444814585273370955,1,0
ilham_fidatama,1379294262818380705,0,0
ilham_fidatama,1327363462019529120,0,0
ilham_fidatama,1232584454482524808,0,0
ilham_fidatama,1218530848297024117,0,0
ilham_fidatama,1166487247371467711,0,0
ilham_fidatama,1157943864470371206,0,0
ilham_fidatama,1157933835696568899,0,0
ilham_fidatama,1147576521198238576,0,0
saulsandovalm,2702667534722018349,0,0
saulsandovalm,2689800777719691444,0,0
saulsandovalm,2686611840571804846,0,0
saulsandovalm,2683771213927919330,0,0
saulsandovalm,2663677768524621848,0,0
saulsandovalm,2618110357282891784,0,0
saulsandovalm,2580449978734101677,0,0
saulsandovalm,2575291362888873966,0,0
saulsandovalm,2450025117504161694,0,0
saulsandovalm,2390324326099172063,0,0
saulsandovalm,2381209528610797909,0,0
saulsandovalm,2379378132753589267,0,0
aivaraskar,2647442597572698130,0,0
aivaraskar,2630186081492918159,0,0
aivaraskar,2625770448793529069,1,0
aivaraskar,2624396829131610821,0,0
aivaraskar,2624356138166904862,0,0
aivaraskar,2569746336032127526,0,0
aivaraskar,2442279434833873379,0,0
aivaraskar,2432371787984570647,0,0
aivaraskar,2326816450029623254,1,0
aivaraskar,2316354825975007293,0,0
aivaraskar,2158885436720917752,0,0
aivaraskar,2146877261014616561,0,0
yusufalmaududi,2486349175521133990,0,0
yusufalmaududi,2462577136440235282,0,0
yusufalmaududi,2460356414280259499,0,0
yusufalmaududi,2459576059826562151,0,0
yusufalmaududi,2441134741744193563,0,0
yusufalmaududi,2416540770149759189,0,0
yusufalmaududi,2356559208444684648,0,0
yusufalmaududi,2343582008338779053,0,0
yusufalmaududi,2315784848759316565,0,0
yusufalmaududi,2310307722324788088,0,0
yusufalmaududi,2304806152309048378,0,0
yusufalmaududi,2299001657327215639,0,0
koffisani,2476718730769109016,0,0
koffisani,2371487618510582884,0,0
koffisani,2359869692363693298,0,0
koffisani,2348892583608774346,0,0
koffisani,2348889401457406049,0,0
koffisani,2323188196278412178,0,0
koffisani,2309884681829262418,0,0
koffisani,2236562636190699974,0,0
koffisani,2231209008378488842,0,0
koffisani,2179740695471655760,0,0
koffisani,2178584205583073271,0,0
koffisani,2177638027567618807,0,1
con_mcb,2701970647818258705,0,0
con_mcb,2661286786916387669,0,0
con_mcb,2599775929316234756,0,0
con_mcb,2584492665462589916,0,0
con_mcb,2558274319679588642,0,0
con_mcb,2475147675444647547,0,0
con_mcb,2463547604080974948,0,0
con_mcb,2463041060562205260,0,1
con_mcb,2295747334618801523,0,0
con_mcb,2274457525028074058,0,0
con_mcb,2218845577855143562,0,0
con_mcb,2217935763650240204,0,1
mfachrulrazy,2494370715661672278,0,0
mfachrulrazy,2167375579704483342,0,0
mfachrulrazy,1981856299490555677,0,0
mfachrulrazy,1784007810997184352,1,0
mfachrulrazy,1732082261912055002,0,0
mfachrulrazy,1625861507172979323,0,0
mfachrulrazy,1620438040810219032,0,0
mfachrulrazy,1543227635046636433,0,0
mfachrulrazy,1378155439388461086,1,0
mfachrulrazy,1373581548729086553,0,0
mfachrulrazy,1354807688911283732,0,0
mfachrulrazy,1322979915763442149,0,0
_mariosanttos,2623001145878846909,0,0
_mariosanttos,2622250347402282916,0,0
_mariosanttos,2617893527837487919,0,0
_mariosanttos,2612678436166931439,0,0
_mariosanttos,2608490913475852306,0,0
_mariosanttos,2606326340261838816,0,0
_mariosanttos,2597631588913962308,0,0
_mariosanttos,2596194052639334451,0,0
_mariosanttos,2591041594292185577,0,0
_mariosanttos,2566992373700617773,0,0
_mariosanttos,2564833035899922751,0,0
_mariosanttos,2563482850930241494,0,0
carlosr.dev,2674275085302658810,0,0
carlosr.dev,2673724997922197960,0,0
carlosr.dev,2673622566131717882,0,0
stafa_san,2701996715341336916,0,1
stafa_san,2688236190676619709,0,1
stafa_san,2683953481368241312,0,1
stafa_san,2680910706257180410,0,0
stafa_san,2679582738643935070,0,0
stafa_san,2678131070408581344,0,0
stafa_san,2676693673032496753,0,0
stafa_san,2673784039611299631,0,0
stafa_san,2673058525447566048,0,0
stafa_san,2670885298076045522,0,1
stafa_san,2668709964576532519,0,0
stafa_san,2667984500971267785,0,0
nour_benarfa,2688144062982256149,0,0
nour_benarfa,2618451404589824572,0,0
nour_benarfa,2617681421609880113,0,0
nour_benarfa,2544594742234066815,0,0
nour_benarfa,2543004292112990370,0,0
nour_benarfa,2391802712446594448,0,0
nour_benarfa,2388136361327377592,0,0
nour_benarfa,2386431907590891305,0,0
nour_benarfa,2374622997552943969,0,0
nour_benarfa,2371620582570390759,0,0
nour_benarfa,2363141702402582708,0,0
nour_benarfa,2351898880781382480,0,0
superbomkar,2583521835878459966,0,1
superbomkar,2275041387933451984,1,0
superbomkar,2211427310066021897,0,0
superbomkar,2187200347587822901,0,0
superbomkar,2180624649258478733,0,1
superbomkar,2171311007107013235,0,0
superbomkar,2150226053380137149,0,0
superbomkar,2147031765783417761,0,0
superbomkar,2140192434519463003,0,0
superbomkar,2140191023144610734,0,0
superbomkar,2130585005666170674,0,0
superbomkar,2129346167144937226,0,0
lassbsmall,2196911084842436972,0,0
lassbsmall,2196909081835719754,0,1
lassbsmall,2129947338081756826,0,0
lassbsmall,1871359697284455884,0,0
lassbsmall,1871358052253118200,0,1
lassbsmall,1868358032771802955,0,0
lassbsmall,1866346995335936438,0,0
lassbsmall,1851163221530878546,0,0
lassbsmall,1850937783965665235,0,0
lassbsmall,1849700834120628978,0,0
lassbsmall,1829492257483313678,0,1
lassbsmall,1825869069914327414,0,0
manukelas,2374854609234428360,0,0
manukelas,2373516896606592481,0,0
manukelas,2372777217783240464,0,0
manukelas,2372319489285757067,0,0
manukelas,2370569555804963465,0,0
manukelas,2364820733262940530,0,0
manukelas,2358976425293039375,0,0
manukelas,2358181352532046932,0,0
manukelas,2350226298898435171,0,0
manukelas,2344732737855588505,0,0
manukelas,2334965373698294334,0,0
manukelas,2307698131327683170,0,0
jaykef_,2722724817899776825,0,1
jaykef_,2718156424815290169,0,0
jaykef_,2717017126374226583,0,1
jaykef_,2714835217145506613,0,0
jaykef_,2711787005078401253,0,1
jaykef_,2710316257616308582,0,0
jaykef_,2707518547005689295,0,0
jaykef_,2706125905673336484,0,1
jaykef_,2703226167018021951,0,1
jaykef_,2701442113627638821,0,1
jaykef_,2698857046255866119,0,0
jaykef_,2698068355539817378,0,0
zaenuryadhiim,2479850067424300127,0,0
zaenuryadhiim,2284010548826499415,0,1
zaenuryadhiim,2272987706563748794,0,0
zaenuryadhiim,2269356140436205846,0,1
zaenuryadhiim,2268839816932926165,0,0
zaenuryadhiim,2261033287001559383,0,0
zaenuryadhiim,2246239924683437250,0,0
zaenuryadhiim,1894723446027142790,0,0
zaenuryadhiim,1771714642113849597,0,0
zaenuryadhiim,1771711621636250078,0,0
zaenuryadhiim,1563700874802666334,0,0
zaenuryadhiim,1168042309236089184,0,0
mazencoder,2568861688489470443,0,1
mazencoder,2568856862565104285,0,0
mazencoder,2566472103188967343,0,1
mazencoder,2563810755134600456,0,1
mazencoder,2562243171301883716,0,0
mazencoder,2561580581471033593,0,1
mazencoder,2560923542130358047,0,0
mazencoder,2560849848989310006,0,0
mazencoder,2559987462162050048,0,1
mazencoder,2559900451124061774,0,0
mazencoder,2559800093274264874,0,1
mazencoder,2559306709040244482,0,0
babblebey,2713288490830865634,0,1
babblebey,2712574067959003072,0,0
babblebey,2711846247121171952,1,1
babblebey,2710932204353020071,0,0
babblebey,2710410580960760343,0,1
babblebey,2709738372483587127,0,0
babblebey,2709161880171127265,0,1
babblebey,2709074657102831390,0,0
babblebey,2708357041065416889,0,1
babblebey,2707460739959991756,0,0
babblebey,2227221613808930784,0,0
taheri.a,1744545410955204914,1,0
taheri.a,1728555767193651128,1,0
taheri.a,1724069647219111187,1,0
taheri.a,1721404509399659674,1,0
taheri.a,1715593469063790967,1,0
taheri.a,1703277738875819369,1,0
taheri.a,1702503246960501641,1,0
taheri.a,1698851061542181987,1,0
taheri.a,1698159984845971398,1,0
taheri.a,1689487671313073528,1,0
taheri.a,1636246809615941688,1,0
taheri.a,1611883090790535050,1,0
felipe.codes,2725814255924606422,0,1
felipe.codes,2662230976136921640,0,0
felipe.codes,2613655735022536527,0,0
felipe.codes,2607803687932678834,0,0
felipe.codes,2604240247125212180,0,0
felipe.codes,2603494655424147601,0,0
felipe.codes,2598960404796029368,0,0
felipe.codes,2597003055197961590,0,0
felipe.codes,2595511833870605453,0,0
felipe.codes,2592670390739021529,0,0
felipe.codes,2591901114834944809,0,0
felipe.codes,2589685297424746257,0,1
ham3da.ir,2717208077437929257,0,0
ham3da.ir,2707044708999236552,0,0
ham3da.ir,2698175376894721329,0,0
ham3da.ir,2683893330762470750,0,0
ham3da.ir,2661308603757038393,0,0
ham3da.ir,2657564181785513526,0,0
ham3da.ir,2651208516829766261,0,0
ham3da.ir,2649596505486485878,0,0
ham3da.ir,2646792303059940881,0,0
ham3da.ir,2645117300073740587,0,0
ham3da.ir,2644656506907337003,0,0
ham3da.ir,2596639103894276044,0,0
sir_brorhien,2625665973741618904,0,0
sir_brorhien,2621843086165272714,0,0
sir_brorhien,2434976463066419811,0,0
sir_brorhien,2261002493192330776,0,0
sir_brorhien,2173257186157899158,0,0
sir_brorhien,2144962524829727485,0,0
sir_brorhien,2144961891103940672,0,0
sir_brorhien,2144961135424813897,0,0
sir_brorhien,2011125488621370262,0,1
sir_brorhien,2000895483605777605,0,0
sir_brorhien,1999306544071677621,0,0
sir_brorhien,1998146566417889174,0,0
tech.squad23,2716233515443223251,0,0
tech.squad23,2660515191527842888,0,1
tech.squad23,2659071110738155882,1,1
tech.squad23,2653973850178348951,1,1
tech.squad23,2648199264627080680,0,1
tech.squad23,2646746461589258737,0,1
tech.squad23,2645313997151019291,0,0
tech.squad23,2644584334308231039,0,1
tech.squad23,2643851333044351545,1,1
tech.squad23,2640222376503917258,0,1
tech.squad23,2639520731008848497,0,1
tech.squad23,2637325381166571957,0,1
christerholm.code,2640881922150794238,0,0
christerholm.code,2640220113332905329,0,1
christerholm.code,2636504306203699922,0,1
christerholm.code,2635200226717980010,0,0
christerholm.code,2632828533487914387,0,0
christerholm.code,2627844430552334255,0,0
christerholm.code,2617453367778061382,0,0
christerholm.code,2616756926843492749,0,0
christerholm.code,2613516821131626626,0,0
christerholm.code,2609131968306989071,0,0
christerholm.code,2607758583744226104,0,0
christerholm.code,2604604270054427942,0,0
aldoignatachandra,2714034670395567650,0,0
aldoignatachandra,2713287659258008441,0,0
aldoignatachandra,2712558115643353301,0,0
aldoignatachandra,2696647622978286486,0,0
aldoignatachandra,2695892661319483762,0,0
aldoignatachandra,2695161724457670398,0,0
aldoignatachandra,2689353429410942565,0,0
aldoignatachandra,2688641154811365051,0,0
aldoignatachandra,2687858777998581522,0,0
aldoignatachandra,2684415568542893293,0,0
aldoignatachandra,2683557466138438881,0,0
aldoignatachandra,2682867399933759025,0,0
andrzej.hanusek,2725472813710359525,0,0
andrzej.hanusek,2694551008321737962,0,0
andrzej.hanusek,2569816844506426633,1,0
andrzej.hanusek,2338113712896264346,1,0
andrzej.hanusek,2306896542749280445,1,0
andrzej.hanusek,2303893512210648440,1,0
andrzej.hanusek,2118449225491445461,1,0
andrzej.hanusek,2101065333440537111,0,0
andrzej.hanusek,2067309699813783507,1,0
andrzej.hanusek,2061749805769343041,1,0
andrzej.hanusek,2016971367359377252,1,0
andrzej.hanusek,1981492175285035157,1,0
theshubhagrwl,2727033456103507699,1,0
theshubhagrwl,2690861206346321412,1,0
theshubhagrwl,2654428743848003444,0,1
theshubhagrwl,2648617761150102963,0,1
theshubhagrwl,2647399205811652003,0,0
theshubhagrwl,2645161167880154277,0,1
theshubhagrwl,2638617862203599162,0,1
theshubhagrwl,2601506990878521139,0,0
theshubhagrwl,2578978629111270927,0,1
theshubhagrwl,2561224778384001908,1,0
theshubhagrwl,2548896374678792607,1,0
theshubhagrwl,2496594019757530950,0,0
aidecodes,2673768901496297173,0,0
aidecodes,2667258513187862004,0,0
aidecodes,2665101690189814370,0,1
aidecodes,2663369787208359057,0,1
aidecodes,2662952554340750903,0,0
aidecodes,2609773884832470798,0,1
aidecodes,2608832654384484556,0,1
aidecodes,2608824539631014594,0,0
aidecodes,2607824416583000047,0,0
aidecodes,2600438257833961675,0,0
aidecodes,2600431287303300759,0,0
aidecodes,2599559917855366304,0,0
lucas_hillesheim,2661482912890121714,0,0
lucas_hillesheim,2630409928093620375,0,0
lucas_hillesheim,2610438465332848996,0,0
lucas_hillesheim,2549644792763291911,0,0
lucas_hillesheim,2499022577357674009,0,0
lucas_hillesheim,2488001755826356304,0,0
lucas_hillesheim,2473838352325202909,0,0
lucas_hillesheim,2473837482921607811,0,0
lucas_hillesheim,2426430225867291344,0,0
lucas_hillesheim,2399523134934101973,0,0
lucas_hillesheim,2399522335374152222,0,0
lucas_hillesheim,2399520855145409421,0,0
jaqcreates,2673083979773757100,0,0
jaqcreates,2668732834322008640,1,0
jaqcreates,2600496622723670511,1,0
jaqcreates,2592631217515136537,0,0
jaqcreates,2557065877909899543,0,0
jaqcreates,2533856190548746785,1,0
jaqcreates,2515820302103360412,1,0
jaqcreates,2505669817895742424,0,1
jaqcreates,2486120335168483558,0,1
jaqcreates,2466569347709488630,0,0
jaqcreates,2451338235848654395,0,0
jaqcreates,2443301248415615388,1,1
iam_safnaj,2720463969430087174,0,0
iam_safnaj,2719796731488322049,0,0
iam_safnaj,2719758497990587621,0,0
iam_safnaj,2700797446788852871,0,0
iam_safnaj,2692801058289224383,0,0
iam_safnaj,2684149059867312217,0,0
iam_safnaj,2681281951202336204,0,0
iam_safnaj,2670005105430059824,0,0
iam_safnaj,2644349295336552222,0,0
iam_safnaj,2637693244201648153,0,0
iam_safnaj,2630737883153614206,0,0
iam_safnaj,2611689340557104069,0,0
kaa.noy,2727888898507005793,0,0
kaa.noy,2720506126985450028,0,0
kaa.noy,2703226137013549037,0,0
kaa.noy,2643782779764324331,0,1
kaa.noy,2643771185634461710,0,0
kaa.noy,2642107703913988952,0,0
kaa.noy,2641696354017253372,0,1
kaa.noy,2631437338729063335,0,0
kaa.noy,2617730351596990318,0,0
kaa.noy,2605623204038023396,0,0
kaa.noy,2597267666665249911,0,0
kaa.noy,2595193286934372127,0,0
orbanbotond,2717666586574412701,0,0
orbanbotond,2676258582777801485,0,1
orbanbotond,2676253565218323746,0,0
orbanbotond,2675842404626964047,0,0
orbanbotond,2658052973006128911,0,0
orbanbotond,2656571735973683060,0,0
orbanbotond,2542113488112016664,0,1
orbanbotond,2534580624722158632,0,1
orbanbotond,2521860108689306131,0,0
orbanbotond,2475662957437412664,0,0
orbanbotond,2466928934091438243,0,1
orbanbotond,2461125978930719257,0,1
felipecss,2685874979742805457,0,0
felipecss,2673718732855775551,0,0
felipecss,2644724658878716383,0,0
felipecss,2641860921176043199,0,0
felipecss,2573557421216473339,0,0
felipecss,2335937801144360696,0,0
felipecss,2222023289906276960,0,0
felipecss,1889614137363169931,1,0
felipecss,1833523847963842149,1,0
felipecss,1803105559215621252,0,0
felipecss,1687101197456278771,1,1
felipecss,1643877849314535526,0,0
halip26,2667545347668278613,0,1
halip26,2531844708456704602,0,1
halip26,2524156547471356360,0,1
hazmanlabs,2717489353504126817,0,1
hazmanlabs,2717035700880179324,0,1
hazmanlabs,2716661744436491280,0,1
hazmanlabs,2716238329279912336,0,1
hazmanlabs,2716233642363287882,0,1
hazmanlabs,2715533332753701668,0,1
hazmanlabs,2715094567082018383,0,1
hazmanlabs,2715088140963838200,0,1
hazmanlabs,2715086459760926198,0,1
hazmanlabs,2715066523688689978,0,1
hazmanlabs,2715065772077811498,0,1
hazmanlabs,2715051800616367563,0,1
genaro.mateus,2732320541434853501,0,0
genaro.mateus,2728911975411070995,0,0
genaro.mateus,2726662035436526273,0,0
genaro.mateus,2724490258446911020,0,0
genaro.mateus,2706325994636932346,0,0
genaro.mateus,2705643368296177625,1,1
genaro.mateus,2694781228400093842,0,0
genaro.mateus,2680226194975998037,0,0
genaro.mateus,2654658608837237765,1,0
genaro.mateus,2645506941260784133,0,0
genaro.mateus,2643978888164604207,0,0
genaro.mateus,2632443583598077384,0,1
evandre.silva,2716340195804747558,0,0
evandre.silva,2696712291840065040,0,0
evandre.silva,2685967964465632086,0,0
evandre.silva,2685410914934679381,0,0
evandre.silva,2685400349843492750,0,0
evandre.silva,2658979178246830592,0,0
evandre.silva,2603462869216244151,0,0
evandre.silva,2598073993773658515,0,0
evandre.silva,2543598877199541212,0,0
evandre.silva,2543598624475846753,0,0
evandre.silva,2543598253363903451,0,0
evandre.silva,2543598108651960448,0,0
noaholatoye,2728551421476761202,0,1
noaholatoye,2725719089204023071,0,1
noaholatoye,2724148557555769130,1,1
noaholatoye,2723505859261981387,0,1
noaholatoye,2722689531767791651,0,0
noaholatoye,2719785774278117508,0,1
noaholatoye,2719033385114912844,0,0
noaholatoye,2717590167593557100,0,1
noaholatoye,2717465324339445799,0,0
noaholatoye,2716449321561335997,0,1
noaholatoye,2715437383569993602,0,1
noaholatoye,2714628224800948009,0,1
karimchelkha92,2709023678181590701,0,1
karimchelkha92,2699633405718658254,1,1
karimchelkha92,2698343124620773074,0,0
karimchelkha92,2698164349022938202,0,1
karimchelkha92,2696987708447834723,0,1
karimchelkha92,2696871734793123989,0,0
karimchelkha92,2695873044368585725,0,0
karimchelkha92,2695814629558324126,0,1
karimchelkha92,2695159990509076727,0,0
karimchelkha92,2695123903312983332,0,0
karimchelkha92,2695119444264407290,0,0
karimchelkha92,2695112877603466961,0,0
gloubaldata,2631383871781211778,0,0
gloubaldata,2626266198136590729,0,1
gloubaldata,1852217416002511393,0,0
gloubaldata,1836835397588408453,0,0
gloubaldata,1829050263682297245,0,0
gloubaldata,1824021333502053982,0,0
gloubaldata,1821147098923679804,0,1
gloubaldata,1819001623777586651,0,0
gloubaldata,1818214901162592263,0,0
gloubaldata,1816322506326142455,0,0
gloubaldata,1803760013246717667,0,0
gloubaldata,1803704102444450137,1,0
speedbytes,2519387368870804976,0,0
speedbytes,2518669408906484993,0,0
speedbytes,2517999133231440901,0,0
speedbytes,2516979069044855180,0,0
speedbytes,2516605250182497478,0,1
speedbytes,2515774574541587689,0,0
speedbytes,2514994162676486100,0,0
speedbytes,2513613372273084516,0,0
speedbytes,2513071194752937918,0,0
speedbytes,2512246483194199709,0,0
speedbytes,2512087911382507762,0,0
speedbytes,2511608466481843850,0,1
islempenywis,2273508978850016106,0,0
islempenywis,2240061896218953813,0,0
islempenywis,1972055402359316657,1,0
islempenywis,1951588190079178947,0,0
islempenywis,1928968572471917802,1,0
islempenywis,1926247534125602066,0,0
islempenywis,1923931853501710539,0,0
islempenywis,1920313870653047205,1,0
islempenywis,1899661245070721131,1,0
islempenywis,1896749301074742518,1,0
islempenywis,1875607964275256438,1,0
islempenywis,1875001441241262887,1,0
bushrahwaheed,2639962704123306528,0,0
bushrahwaheed,2485149749322402630,0,0
bushrahwaheed,2485045928621412943,0,0
bushrahwaheed,2479925475531715911,0,0
bushrahwaheed,2478964555116648174,0,0
bushrahwaheed,2477831792909020891,0,0
bushrahwaheed,2476875465760157441,0,0
bushrahwaheed,2474709694317480963,0,0
bushrahwaheed,2472696144661146036,0,0
bushrahwaheed,2471162895946397257,0,0
bushrahwaheed,2471084963705984583,0,0
bushrahwaheed,2470638798879554150,0,0
paul_jh_drake,2585122816958166421,0,0
paul_jh_drake,2575119283085358140,0,0
paul_jh_drake,2559593830706776199,0,0
paul_jh_drake,2553784753959292740,0,0
paul_jh_drake,2546633002386844821,0,0
paul_jh_drake,2533150555640923018,0,0
paul_jh_drake,2530944732302806862,0,0
paul_jh_drake,2528788623538362863,0,0
paul_jh_drake,2514120343628392345,0,0
paul_jh_drake,2513974394767783719,0,0
paul_jh_drake,2508289667322868937,0,0
paul_jh_drake,2495454992636118553,0,0
dev_log.01,2013528337284077567,1,0
dev_log.01,1924125824643197758,1,0
dev_log.01,1878575678874537333,1,0
dev_log.01,1875039852072984675,0,0
matheus_devgame,2715071611180730256,0,0
matheus_devgame,2709904378600127122,0,0
matheus_devgame,2370950568997133174,0,0
matheus_devgame,2369465216113361001,0,0
inno_cent_coder,2600092844418668989,0,0
inno_cent_coder,2574168225073798041,0,1
inno_cent_coder,2545179560180088555,0,0
inno_cent_coder,2544508774612060059,1,0
inno_cent_coder,2543792036140292927,1,0
inno_cent_coder,2540939394116570099,0,0
inno_cent_coder,2444874360601535273,0,0
inno_cent_coder,2423206028395702984,0,0
inno_cent_coder,2381203312442548196,0,0
inno_cent_coder,2356387500988983829,0,0
inno_cent_coder,2351754480390687852,0,0
inno_cent_coder,2348821520490347133,0,0
dany_riansyahputra,2736648090938628208,0,1
dany_riansyahputra,2735832246910214355,0,1
dany_riansyahputra,2735772924008369675,0,1
dany_riansyahputra,2735159610706316728,0,1
dany_riansyahputra,2734442387496811427,0,1
dany_riansyahputra,2733021270966020213,0,1
dany_riansyahputra,2732253589098883410,0,1
dany_riansyahputra,2730145987703553226,0,1
dany_riansyahputra,2729344657082683235,0,1
dany_riansyahputra,2727821202344505159,0,1
dany_riansyahputra,2726384643225415250,0,1
dany_riansyahputra,2725660468210809429,0,1
bang_ias,2143017967716228570,0,0
bang_ias,1816809360706726794,1,0
bang_ias,1812405936510495073,1,0
bang_ias,1811011234926194811,1,0
bang_ias,1778228207699727592,1,1
bang_ias,1698065038487328727,1,0
bang_ias,1692863891174719989,1,0
bang_ias,1667010889201252726,1,0
bang_ias,1664230556852682122,1,0
bang_ias,1642093918659929671,1,0
bang_ias,1598631806801560161,0,0
bang_ias,1426038343477473037,0,0
measifalam,2654767663502216561,0,0
measifalam,2503328322530773325,0,0
measifalam,2469970869978257656,0,0
measifalam,2392162897747733547,0,0
measifalam,2334096773386877070,0,0
measifalam,2333923457523206900,0,0
measifalam,2303322083949290649,0,0
measifalam,2303321400596679973,0,0
measifalam,2303320977970213236,0,0
measifalam,2228431888213449340,0,0
measifalam,2216897135442134769,0,0
measifalam,2190002796896378388,0,0
rahatinsta_,2700059001904952016,0,0
rahatinsta_,2602282593949070596,0,0
rahatinsta_,2582165284333287159,0,0
rahatinsta_,2497436467350333302,0,1
rahatinsta_,2469519119763212939,0,0
rahatinsta_,2306739108179150835,0,0
rahatinsta_,2298836767461458321,0,0
rahatinsta_,2295958336667275538,0,0
rahatinsta_,2276265609189081032,0,0
rahatinsta_,2274004356596955005,0,0
rahatinsta_,2273499067888154869,0,0
rahatinsta_,2264630500774087147,0,0
ryanpace11,2664649147707552435,0,0
ryanpace11,2659047447785214592,0,1
ryanpace11,2614072683123427860,0,0
ryanpace11,2605924654453268420,0,0
ryanpace11,2599980440049579695,0,0
ryanpace11,2493328170692774717,0,0
ryanpace11,2479845031911856753,0,0
ryanpace11,2478804890061403480,0,0
ryanpace11,2477817294745484912,0,0
ryanpace11,2377467259785298394,0,0
ryanpace11,2266061123861985809,0,0
ryanpace11,2202513342304538414,0,0
gonoobies,2380897531614936117,0,0
gonoobies,2376610315879107586,0,0
gonoobies,2372174573018820091,0,0
gonoobies,2369325603972410690,0,0
gonoobies,2365699304196272645,0,0
gonoobies,2364011438028439061,0,0
gonoobies,2362075291028839622,0,0
gonoobies,2361316270508545482,0,0
gonoobies,2359207290151664480,0,0
gonoobies,2359139144095202890,0,0
gonoobies,2358832308510884410,0,0
gonoobies,2357939684744774567,0,0
_tachyon._,2735225408716505307,0,1
_tachyon._,2735216755976283951,0,1
_tachyon._,2718266475635855335,1,0
_tachyon._,2713510447090268952,0,1
_tachyon._,2686017294489971683,0,0
_tachyon._,2686008997267482492,1,0
_tachyon._,2529504955650255999,1,0
_tachyon._,2423697640922049698,0,0
_tachyon._,2412017665441683476,0,0
_tachyon._,2308159877674818578,1,0
_tachyon._,2307399279961953510,0,0
_tachyon._,2306636488695586605,1,0
brandonwritescode,2347562482408695963,0,0
brandonwritescode,2345333273401530231,0,0
brandonwritescode,2344583891349846031,0,0
brandonwritescode,2342398031003029109,0,0
brandonwritescode,2340214074299729402,0,0
brandonwritescode,2338724006599025782,0,0
brandonwritescode,2337977721310802942,0,0
brandonwritescode,2335137916048021202,0,0
brandonwritescode,2333645908622960847,0,0
brandonwritescode,2332223079104693202,0,0
brandonwritescode,2330095707605771610,0,0
brandonwritescode,2329270532173938067,0,0
redhet_,1815728428863998510,0,0
redhet_,1397270963469399424,0,0
dev.martinpaker,2616325041281173281,0,0
dev.martinpaker,2611235143327019132,0,0
dev.martinpaker,2606145986581836180,0,0
dev.martinpaker,2469230880808701558,0,0
dev.martinpaker,2408274702658464093,0,1
dev.martinpaker,2398316957826264971,0,0
dev.martinpaker,2394560402723023110,0,0
dev.martinpaker,2393109648124519370,0,0
dev.martinpaker,2390906084383916263,0,0
dev.martinpaker,2389417715779458489,0,0
dev.martinpaker,2228180407617532310,0,0
dev.martinpaker,2135313019239286199,0,0
chaituvr,2604453977591314103,1,0
chaituvr,2387248227362292881,0,0
chaituvr,2361095985261543792,0,0
chaituvr,2265503492940428532,0,0
chaituvr,2235811171693022603,0,0
chaituvr,2222693091869827892,0,0
chaituvr,2221611241063584998,0,0
chaituvr,2218463842806230752,1,0
chaituvr,2073965281144598274,0,0
chaituvr,2073963762294776772,0,0
chaituvr,2046635451965339086,0,0
chaituvr,2005548637400307808,0,0
i.boilingbrains,2501832819555307243,0,0
i.boilingbrains,2491751498413896225,0,0
i.boilingbrains,2485134491861937958,0,0
i.boilingbrains,2469901167245867017,0,0
i.boilingbrains,2468536302765820308,0,0
i.boilingbrains,2452576818818038842,1,0
i.boilingbrains,2219992933984312072,0,0
i.boilingbrains,2201069778074999543,0,0
i.boilingbrains,2199572488428699815,0,0
anmolsharmalive,2736492027773884334,0,0
anmolsharmalive,2731530045245262837,0,1
anmolsharmalive,2731196531176035843,0,0
anmolsharmalive,2730755170944404320,0,0
anmolsharmalive,2728216740045190137,1,0
anmolsharmalive,2727498452407396364,0,0
anmolsharmalive,2726786964742812097,0,0
anmolsharmalive,2726273894090762657,0,0
anmolsharmalive,2725043005377502981,0,0
anmolsharmalive,2723959203095975884,0,0
anmolsharmalive,2723232950298698005,0,0
anmolsharmalive,2722598831311203586,0,0
focusyapp,1524704400933076445,1,1
focusyapp,1498820515015913381,1,0
focusyapp,1495563042150567682,1,0
focusyapp,1494143747684080041,1,0
focusyapp,1494109946065122555,0,1
hellomreza,1142341547150596092,1,1
hellomreza,1141671804244645827,1,0
hellomreza,1123945407132783756,1,1
hellomreza,1090871612583237088,1,0
hellomreza,1086119675874825897,1,0
hellomreza,1082719514893014679,1,0
hellomreza,1081233666527778201,1,0
hellomreza,1081230063830357161,0,0
hellomreza,1078904732381402866,1,0
hellomreza,1078904551506237165,0,0
hellomreza,1078345247426401815,0,0
hellomreza,1077628842318026437,1,0
iamsuryakant_,2736619303141730930,0,0
iamsuryakant_,2731861242774556600,0,0
iamsuryakant_,2712669252631780953,0,0
iamsuryakant_,2705771695091489705,0,0
iamsuryakant_,2699367518345208194,0,0
iamsuryakant_,2686167552889095449,0,0
iamsuryakant_,2659435421007422115,0,0
iamsuryakant_,2651546742736321326,0,0
iamsuryakant_,2645585452725210226,0,1
iamsuryakant_,2640557015593888100,0,0
iamsuryakant_,2612671413990156658,0,0
iamsuryakant_,2608769496220725028,0,1
vishnukumarkandasamy,2685602016040467615,1,0
vishnukumarkandasamy,2680780677785975030,0,0
vishnukumarkandasamy,2680667011912720561,1,0
vishnukumarkandasamy,2674898977981924826,1,0
vishnukumarkandasamy,2662605977945012533,1,0
vishnukumarkandasamy,2658764227971149451,1,0
vishnukumarkandasamy,2647223302616860208,1,0
vishnukumarkandasamy,2644279806893260329,1,0
vishnukumarkandasamy,2643712788229734880,0,0
vishnukumarkandasamy,2630571353919029869,0,0
vishnukumarkandasamy,2331244947591112718,1,0
vishnukumarkandasamy,2315413218200391168,1,0
flyguywitabowtie,2698832759036850533,0,0
flyguywitabowtie,2677980914660078099,0,0
flyguywitabowtie,2660440302013944021,0,0
flyguywitabowtie,2653405979761607997,0,0
flyguywitabowtie,2652483645015498671,0,0
flyguywitabowtie,2562756812722287845,0,0
flyguywitabowtie,2514101079869001072,0,0
flyguywitabowtie,2503452638939787706,0,0
flyguywitabowtie,2503438246495952108,0,0
flyguywitabowtie,2457749599709270788,0,0
flyguywitabowtie,2428178734734843208,0,0
flyguywitabowtie,2420794215547335689,0,0
_thelazyone_,2605960933923592642,0,1
_thelazyone_,2600858071998063154,0,1
_thelazyone_,2596019160784209972,0,1
_thelazyone_,2411066837939025243,0,0
_thelazyone_,2357299874473707033,0,0
_thelazyone_,2338751635629993477,0,0
_thelazyone_,2317017516453761168,0,0
_thelazyone_,2225874551119889675,1,0
_thelazyone_,2130720698246913842,0,1
_thelazyone_,2130710726004093621,1,0
_thelazyone_,2130006940096773619,1,0
_thelazyone_,2129976273946538748,1,0
ruqayyahsara,2234267916860413980,0,0
ruqayyahsara,2231994718093587671,0,0
ruqayyahsara,2229816159065548075,1,0
ruqayyahsara,2228611389642444161,0,0
ruqayyahsara,2224185171694236534,0,0
ruqayyahsara,2212959991844119997,0,0
ruqayyahsara,2209540807294525744,0,0
ruqayyahsara,2199911493142015687,0,0
ruqayyahsara,2188092249756448159,0,0
ruqayyahsara,2175259512385316163,0,0
ruqayyahsara,2171594641345334508,0,0
ruqayyahsara,2163904572069056705,0,0
hashpeers,1926344175756554534,1,0
hashpeers,1924114619962865284,1,0
hashpeers,1903104339033823797,1,0
hashpeers,1886889856542611102,1,0
hashpeers,1886505882968341959,1,0
hashpeers,1886180505758586885,1,0
hashpeers,1884930388258761246,1,0
hashpeers,1884460657483512235,1,0
hashpeers,1883660183333005804,1,0
hashpeers,1883660100034126586,0,0
hashpeers,1883659973726896224,0,0
hashpeers,1883659801819275167,0,0
hlachini,2674632858502447206,0,0
hlachini,2366701320737750906,0,0
hlachini,2346722215981316533,0,0
hlachini,2295704765102241531,0,0
hlachini,2262706252462521152,0,0
hlachini,2256657835617585119,0,0
hlachini,2224000301304038207,0,0
hlachini,2207676186200729301,0,0
hlachini,2131209357035355906,0,0
hlachini,2101699352577658132,0,0
hlachini,2095579879902733290,0,0
hlachini,2090509254741825744,0,0
ittaboba,2118491120505331073,1,0
ittaboba,2041524001335244923,1,0
ittaboba,2040693346531587558,1,0
ittaboba,2039249337128959040,1,0
ittaboba,2029572914986522301,1,0
ittaboba,1868234595511219933,1,0
ittaboba,1867606528467995924,1,0
ittaboba,1798222191783956178,1,0
ittaboba,1792548905846793892,0,0
ittaboba,1666949830369722661,0,0
ittaboba,1666909178495825457,0,0
ittaboba,1620504554218394448,0,0
dassurajit1729,2745195904402188327,0,0
dassurajit1729,2728677472907171261,1,0
dassurajit1729,2701068388935835369,0,1
dassurajit1729,2692304597115764549,0,0
dassurajit1729,2692276532378845272,0,1
dassurajit1729,2690129510107339194,0,0
dassurajit1729,2689305258006166728,0,1
dassurajit1729,2682898698546833195,0,0
dassurajit1729,2680690784496191601,0,1
dassurajit1729,2680061702912808036,0,0
dassurajit1729,2673422124638526687,0,0
dassurajit1729,2673347338819160468,1,1
schinuix,2615976397378615276,0,0
schinuix,2592062394000627575,0,0
schinuix,2591356571389637038,0,0
schinuix,2586986328877931772,0,0
schinuix,2585546503696036004,0,0
schinuix,2580463092904218805,0,0
schinuix,2575413994613565825,0,0
schinuix,2531186747561020075,0,0
schinuix,2521063991216923341,0,0
schinuix,2519583887018134883,0,0
schinuix,2515227181353893150,0,0
schinuix,2505804126621851478,0,0
_tfkhdyt_,2732825810091434156,0,0
_tfkhdyt_,2715891086668582272,0,1
_tfkhdyt_,2705018920104271959,0,1
_tfkhdyt_,2670457302511070930,0,0
_tfkhdyt_,2625292025593967860,0,0
_tfkhdyt_,2621273773928514240,0,1
_tfkhdyt_,2545533062229409059,0,0
_tfkhdyt_,2531232010853477460,0,1
_tfkhdyt_,2497088424784393934,0,1
_tfkhdyt_,2488428291258621116,0,0
_tfkhdyt_,2487808437216547176,0,0
_tfkhdyt_,2393682022922054326,0,0
jacques2801,2647602915439450156,0,1
jacques2801,2583046487454583023,0,1
jacques2801,2517088899596286756,0,0
jacques2801,2477103702545246827,0,0
jacques2801,2456780483028270282,0,0
jacques2801,2435299022005665068,0,0
jacques2801,2395339284572813883,0,0
jacques2801,2329318228557421610,0,1
jacques2801,2314824573226464628,0,0
jacques2801,2305521401265868933,0,1
jacques2801,2295845141208249721,0,1
jacques2801,2284483319045600327,0,0
cekosgembelelite,2129513455634434710,0,0
cekosgembelelite,2128421978019856870,0,0
cekosgembelelite,2121241564553543315,0,0
cekosgembelelite,2118370088242628396,0,0
cekosgembelelite,2097256157847615240,0,0
cekosgembelelite,2077494116417022866,0,0
cekosgembelelite,2072088071565929347,0,0
cekosgembelelite,2072087929018350069,0,0
cekosgembelelite,2072087567410481948,0,0
cekosgembelelite,2072087379321271457,0,0
cekosgembelelite,2072087142645073274,0,0
cekosgembelelite,2072086997765282870,0,0
progtonode,1325666524660587344,1,0
progtonode,1324215987377479357,1,0
progtonode,1323575094027324857,1,0
progtonode,1305929531236175585,1,0
progtonode,1303209672563837061,1,0
progtonode,1300337427889970787,1,0
progtonode,1288737057858323533,1,0
progtonode,1288011640054508080,1,0
progtonode,1287285806679342132,1,0
progtonode,1285118565972019944,1,0
progtonode,1284385213241423103,1,0
progtonode,1283657436880123102,1,0
theayomidealonge,2542895287996519677,0,0
theayomidealonge,2477156081928764856,0,0
theayomidealonge,2312498667527720768,0,0
theayomidealonge,2301686197762648183,0,0
theayomidealonge,2298717801932637957,0,0
theayomidealonge,2298215537845384796,0,0
theayomidealonge,2298014207218319563,0,0
theayomidealonge,2297233186902281726,0,0
theayomidealonge,2296684814764244379,0,0
theayomidealonge,2296570830618758443,0,0
theayomidealonge,2292161924173768060,0,0
theayomidealonge,1285323300695798711,0,0
yashdewangan_,2678661049707715389,1,0
yashdewangan_,2650788745576587205,1,0
yashdewangan_,2621238445381926953,1,1
yashdewangan_,2528421677135876770,1,0
yashdewangan_,2432639671773647358,1,0
yashdewangan_,2240541158081529248,1,0
yashdewangan_,2232766069231465042,0,0
yashdewangan_,2232763647893252334,0,0
yashdewangan_,2220312941496226960,1,0
yashdewangan_,2202141198806042539,0,0
yashdewangan_,2164033364356882053,1,0
yashdewangan_,2164010866252802115,1,0
supsave_tech,2447448526465203881,0,0
supsave_tech,2416347325275387260,0,0
supsave_tech,2379623694203699508,0,0
supsave_tech,2325472968463017160,0,0
supsave_tech,2325368385489238276,0,0
supsave_tech,2325358279229838820,0,0
supsave_tech,2325131469539848498,0,0
supsave_tech,2323318019943758786,0,1
supsave_tech,2322893443411377208,0,0
supsave_tech,2322785988990151675,0,0
supsave_tech,2312488138196527880,0,0
supsave_tech,2312464808638864090,0,0
stephanbragner,2455546230518144160,0,1
stephanbragner,2447544213841485617,0,1
stephanbragner,2346638586710266002,0,0
stephanbragner,2344392429938304235,0,0
stephanbragner,2337201340374344200,0,0
jonotan.js,2622108765987747002,0,0
jonotan.js,2435806351236461883,0,0
jonotan.js,2435282129607140089,0,0
jonotan.js,2432952789368089587,0,0
jonotan.js,2430804123622575889,0,0
jonotan.js,2430182090522169621,0,0
jonotan.js,2427270337375197172,0,0
jonotan.js,2427229040643757502,0,0
jonotan.js,2426333166870959628,0,0
jonotan.js,2425953939352781555,0,0
jonotan.js,2425084055030875798,0,0
jonotan.js,2423550889380072958,0,0
sai.likhith_k,2710495275995550126,0,0
sai.likhith_k,2640578283212882652,0,0
sai.likhith_k,2624188237947348624,0,0
sai.likhith_k,2570223874715445669,0,0
sai.likhith_k,2354219552625291379,0,0
sai.likhith_k,2348904191352778288,0,0
sai.likhith_k,2348321934229572467,0,0
sai.likhith_k,2348196781147308244,0,1
sai.likhith_k,2347728517044764271,0,0
sai.likhith_k,2345926257834908604,0,1
sai.likhith_k,2338405089204610176,0,1
sai.likhith_k,2336158456018629479,0,1
yaminshaikh_217,2622765842949811044,0,0
yaminshaikh_217,2621990029937856821,0,1
yaminshaikh_217,2620537708053542461,0,1
yaminshaikh_217,2596408554110688196,0,1
yaminshaikh_217,2590986878271208006,0,1
yaminshaikh_217,2588777906160114978,1,1
yaminshaikh_217,2588594976288910674,1,0
yaminshaikh_217,2582671504387680245,0,1
yaminshaikh_217,2559630839861131285,0,0
yaminshaikh_217,2523317384875278626,1,0
yaminshaikh_217,2488666087853208806,0,1
yaminshaikh_217,2473448938000045782,0,0
holalluis,2704860483484112002,0,1
holalluis,2673576924349962791,0,1
holalluis,2283701707653815661,0,0
holalluis,1932709172232890873,0,0
holalluis,1835773568323968492,0,0
holalluis,1741381949001460635,0,0
holalluis,1634887552945320250,0,0
holalluis,1626823076522024565,0,0
holalluis,1624141422984927354,0,0
holalluis,1619874440403987114,0,0
holalluis,1617725069436478251,0,0
holalluis,1614857445979509526,0,0
bryan.devcode,2518789990373204875,0,0
bryan.devcode,2464503005605672596,0,1
bryan.devcode,2462229984610261829,0,0
bryan.devcode,2425202479818988632,0,0
bryan.devcode,2357839993587652079,0,0
bryan.devcode,2338957519633938932,0,0
bryan.devcode,2338809043302375251,0,0
bryan.devcode,2313596485687787228,0,0
bryan.devcode,2299167837860046827,0,0
bryan.devcode,2286765804943272066,0,0
bryan.devcode,2283232846055732498,0,0
bryan.devcode,2278986846721876704,0,0
shadek_hossain,2680775840427788614,0,0
shadek_hossain,2678368894406950852,0,0
shadek_hossain,2673289636707036214,0,0
shadek_hossain,2650898366353268433,0,0
shadek_hossain,2641908442664888582,0,1
shadek_hossain,2641586983472164619,0,0
shadek_hossain,2641581445808071800,0,0
shadek_hossain,2641561550965765967,0,0
shadek_hossain,2630881782467649550,0,0
shadek_hossain,2630484642278870515,0,0
shadek_hossain,2616684759684132269,0,0
shadek_hossain,2612017478458715285,0,0
pogodex,1843680479862186977,0,0
pogodex,1843506343970068010,0,0
pogodex,1842955705439489605,0,0
pogodex,1842810744622832435,0,0
pogodex,1842230420352120358,0,0
pogodex,1842116686933863802,0,0
pogodex,1841505648370762468,0,0
pogodex,1841392416976952067,0,0
pogodex,1840780372469033477,0,0
pogodex,1840668129328717772,0,0
pogodex,1839911152793417883,0,0
pogodex,1839330820628942276,0,0
thekhoerulumam,2643520661842357873,0,1
thekhoerulumam,2621270006167925495,0,0
thekhoerulumam,2619465402174394052,0,0
thekhoerulumam,2614475105140765333,0,0
thekhoerulumam,2576364968345883411,0,0
thekhoerulumam,2557169431969393118,0,0
thekhoerulumam,2536996087710113982,0,0
thekhoerulumam,2513823399303000111,0,0
thekhoerulumam,2476438517849715439,0,0
thekhoerulumam,2475574268474592223,0,0
thekhoerulumam,2452249494352568460,0,0
thekhoerulumam,2447064604858545275,0,0
je_suis_jarib,2698902531998385776,0,1
je_suis_jarib,2660364956031554491,0,0
je_suis_jarib,2387121548182236228,0,0
je_suis_jarib,2318250265087656521,0,1
je_suis_jarib,2252591506636356459,0,0
je_suis_jarib,2214788427043630018,0,0
je_suis_jarib,2214786040090436072,0,0
je_suis_jarib,2103817381542209717,0,0
je_suis_jarib,2095243964823463487,0,0
je_suis_jarib,2087331291695935948,0,0
je_suis_jarib,2082784562426153152,0,0
je_suis_jarib,1941285167860946172,0,0
nishan_dhanushka_,2337583448757958612,0,0
nishan_dhanushka_,2195055226124254941,0,0
nishan_dhanushka_,1958056135671959050,0,0
nishan_dhanushka_,1957192815175890759,0,0
nishan_dhanushka_,1931903558781939278,1,0
nishan_dhanushka_,1894057904932371968,0,0
nishan_dhanushka_,1873195566851586381,0,0
nishan_dhanushka_,1871933355244122931,0,0
nishan_dhanushka_,1855251434778812692,0,0
nishan_dhanushka_,1852405182315565248,1,0
nishan_dhanushka_,1833024475814480520,0,0
nishan_dhanushka_,1828206792333987069,0,0
vishalsingh_rana49,2754377572627238692,0,0
vishalsingh_rana49,2743892049738898939,0,0
vishalsingh_rana49,2736436227341562574,0,0
vishalsingh_rana49,2717383952904246604,0,0
vishalsingh_rana49,2656197229966827269,0,1
vishalsingh_rana49,2637993048496091936,0,1
vishalsingh_rana49,2635515204345728189,0,0
vishalsingh_rana49,2620280359219564710,0,0
vishalsingh_rana49,2615251273069748117,0,0
vishalsingh_rana49,2599387554508484075,0,1
vishalsingh_rana49,2599256706461810053,0,0
vishalsingh_rana49,2594947709219108471,0,0
makishi1118,2756589741820241623,0,0
makishi1118,2756356375877427564,0,1
makishi1118,2754002310149819016,0,0
makishi1118,2753224829566229261,0,0
makishi1118,2753000373752784681,0,1
makishi1118,2751955896798836516,0,0
makishi1118,2751619728617182376,0,0
makishi1118,2749860410776473455,0,0
makishi1118,2749815720970630041,0,0
makishi1118,2749030406425430019,0,0
makishi1118,2748043304903831956,0,0
makishi1118,2746549252060572372,0,0
ocean_treasures_servicing,2755661812090189005,0,0
ocean_treasures_servicing,2755657725277870352,0,0
ocean_treasures_servicing,2740470175089261141,0,0
ocean_treasures_servicing,2713619684803959284,0,0
ocean_treasures_servicing,2710745898974826909,0,0
ocean_treasures_servicing,2710555260828315594,0,0
ocean_treasures_servicing,2709838681966763497,0,0
ocean_treasures_servicing,2708505179178596784,0,0
ocean_treasures_servicing,2699080071586295414,0,0
ocean_treasures_servicing,2688403345989626064,0,0
ocean_treasures_servicing,2685341643162030246,0,0
ocean_treasures_servicing,2672350030696259753,0,0
jose_luis_espiritu,2641121365992570033,0,0
jose_luis_espiritu,2562165976343101961,0,0
jose_luis_espiritu,2558679738218820911,0,0
jose_luis_espiritu,2548538063005867811,0,0
jose_luis_espiritu,2544867407651292232,0,0
jose_luis_espiritu,2482541820845174206,0,1
jose_luis_espiritu,2477984273718893923,0,0
jose_luis_espiritu,2477184951381272667,0,0
jose_luis_espiritu,2467073482102862503,0,0
jose_luis_espiritu,2427512418701112749,0,1
jose_luis_espiritu,2392702709787937777,0,0
jose_luis_espiritu,2377467839092477098,0,0
codex125,2531435631923355492,0,0
codex125,2411381216802981458,0,1
codex125,2406157588338091314,0,0
codex125,2322430722993900492,0,0
codex125,2322370631485854231,0,1
codex125,2322080276328575464,0,0
codex125,2320828397791524750,0,1
codex125,2319240099490962680,0,1
codex125,2312055533705884499,0,0
codex125,2307927360164557332,0,0
codex125,2301416942696793563,0,0
codex125,2270815716829737682,0,0
cicadaghost,2699844737881694585,0,0
cicadaghost,2372062979108583542,0,0
cicadaghost,2320060135485410573,0,0
cicadaghost,2209913251970797665,0,0
cicadaghost,2065122135707193317,0,0
cicadaghost,2041305882999803140,1,0
cicadaghost,1936510335402055692,1,0
cicadaghost,1922920224101870513,0,0
cicadaghost,1795549719696837410,1,0
cicadaghost,1792514216697289784,1,0
cicadaghost,1780039448006183381,0,0
cicadaghost,1772180055927432019,0,0
syakirarifu,2514117405426135733,0,0
syakirarifu,2490068231567247493,0,0
syakirarifu,2065287653460502384,1,0
syakirarifu,1889652533992741614,0,0
syakirarifu,1889624824122040636,0,0
syakirarifu,1882615338165505938,0,0
syakirarifu,1879866943822717146,0,0
syakirarifu,1879852865381379576,0,0
syakirarifu,1877217586887643302,0,0
syakirarifu,1871838559216953458,0,0
syakirarifu,1870010975329772582,0,0
syakirarifu,1853791292455924167,0,0
aqeelshamz,2756810033291711253,0,0
aqeelshamz,2650153325539111460,0,0
aqeelshamz,2638523592998220671,0,0
aqeelshamz,2595864462621566364,0,0
aqeelshamz,2570936909733574691,0,0
aqeelshamz,2546387115275331184,0,0
aqeelshamz,2471124150033160766,0,0
aqeelshamz,2468914331813584023,0,0
aqeelshamz,2467736202529139466,0,0
aqeelshamz,2446715503425597514,0,0
aqeelshamz,2438329048219101162,0,0
aqeelshamz,2409546246635934702,0,0
scesiumss,2672063020061180148,0,0
scesiumss,2662130456848513941,0,1
scesiumss,2658546158219978865,0,0
scesiumss,2650453070235253932,0,0
scesiumss,2648321113296044377,0,0
scesiumss,2647365910563781609,0,0
scesiumss,2644763928159355273,0,0
scesiumss,2644529870141753724,0,0
scesiumss,2636017654868294273,0,0
scesiumss,2629264369115445577,0,0
scesiumss,2628743429972218792,0,0
scesiumss,2627982640211754683,0,0
_uqba_,2593909264660928369,0,0
_uqba_,2579048778043853100,0,0
_uqba_,2384414141726897642,1,0
_uqba_,2338653131393341324,0,0
_uqba_,2337665559632524370,0,0
_uqba_,2337201281444065295,0,0
_uqba_,2336322761696081207,0,0
_uqba_,2336322422074911176,0,0
_uqba_,2336321938639444158,0,0
_uqba_,2336319617830281019,0,0
_uqba_,2113986081392973948,0,0
_uqba_,2103837969718473707,0,0
dado_1191,2638834805674049546,1,0
dado_1191,2518507205273954203,0,0
dado_1191,2508965919764505765,0,0
dado_1191,2416851988195968314,0,0
dado_1191,2416437237070605470,1,0
dado_1191,2401777382426878145,0,0
dado_1191,2401722192885482233,0,0
dado_1191,2401719053415439376,0,0
dado_1191,2392798266570668505,0,0
dado_1191,2356933709898103913,0,0
dado_1191,2321134971627849688,0,0
dado_1191,2270603594881292815,0,0
daniblueboy,2720711908631031387,0,0
daniblueboy,2720395989543325473,0,0
daniblueboy,2716451620662719106,0,0
daniblueboy,2714025956974169457,0,0
daniblueboy,2713329699934947874,0,1
daniblueboy,2712466884021792205,0,0
daniblueboy,2705778236743082283,0,0
daniblueboy,2704796467223507319,0,0
daniblueboy,2211795436898238390,0,0
daniblueboy,2202325923639306942,0,1
daniblueboy,2049645838321332913,0,0
daniblueboy,2049242588589874710,0,1
tapumar,2154468306631110808,0,0
tapumar,2067065781121171945,0,0
tapumar,1989394635182020974,0,0
tapumar,1958974809976490961,0,0
tapumar,1915738637968307644,0,0
tapumar,1914109028390642565,0,0
tapumar,1901844818994525799,0,0
tapumar,1880606099893931230,0,0
tapumar,1876424629214427686,0,0
tapumar,1845010899914448264,0,0
tapumar,1840869780796373810,0,0
tapumar,1840838954994085859,0,0
khaledrukhyess,2762031164024060264,0,0
khaledrukhyess,2754459214809472173,0,1
khaledrukhyess,2743168015800959658,0,1
khaledrukhyess,2739590801959227394,0,0
khaledrukhyess,2737976269081023886,0,1
khaledrukhyess,2735208241556709725,0,0
khaledrukhyess,2730145511443297542,0,0
khaledrukhyess,2716385131061290562,0,1
khaledrukhyess,2712445565237428227,0,1
khaledrukhyess,2705591003155264952,0,1
khaledrukhyess,2701773281202303475,0,0
khaledrukhyess,2694781115624169246,0,0
sarinscr,2757279096049575223,0,0
sarinscr,2756833147657393279,0,0
sarinscr,2568474019098605580,0,0
sarinscr,2545865277589008769,0,0
sarinscr,2534781858308588256,0,1
sarinscr,2524564944489489213,0,0
sarinscr,2522079336680646974,0,0
sarinscr,2497991056590821976,0,0
sarinscr,2497339303910336109,0,0
sarinscr,2489844516076494919,0,0
sarinscr,2406424698212781063,0,0
sarinscr,2404671806573164849,0,0
codibyte__,2020727625438630390,1,1
codibyte__,2020725899759369388,0,1
codibyte__,2020725661564771141,1,0
codibyte__,2020725384413537616,1,0
codibyte__,2020725075889058735,1,0
codibyte__,2020723919049486241,0,1
codibyte__,2020723609098919530,1,0
codibyte__,2020723234497319135,0,0
codibyte__,2020720853139216019,1,1
codibyte__,2020715641808643869,0,0
codibyte__,2020714666012307320,0,1
codibyte__,2020713902137167164,0,0
jandrades01,2693897614307266388,0,1
jandrades01,2687317663986499163,0,1
jandrades01,2605042065350661108,0,0
jandrades01,2585339808822633809,0,1
jandrades01,2585325169428846184,0,0
jandrades01,2568861989139718795,0,0
jandrades01,2559316401773753007,0,1
jandrades01,2540247339402215966,0,0
jandrades01,2523031109182024735,0,1
jandrades01,2507096609338238754,0,0
jandrades01,2488190929950586217,0,1
jandrades01,2472340664339171985,0,0
syedkhalid076,2654774659748691233,0,0
syedkhalid076,2507452542772625654,0,0
syedkhalid076,2449607512750531957,0,0
syedkhalid076,2402860872660589171,0,0
syedkhalid076,2305890922560285511,0,1
syedkhalid076,2102437354384152376,1,0
syedkhalid076,2063032909070413912,0,1
syedkhalid076,2051103131472202080,0,0
syedkhalid076,2050218245399805427,0,0
syedkhalid076,2035815300759733551,0,0
syedkhalid076,2030330212370448422,1,0
syedkhalid076,1997315816128213717,0,0
svmirshvh,2573880892700646278,0,1
svmirshvh,2498881034470156967,0,0
svmirshvh,2492721966214347444,0,1
svmirshvh,2445238516584798056,0,1
svmirshvh,2437088626229430231,0,1
_lakshyakhatri_,2701103784124304444,1,0
_lakshyakhatri_,2657251982926436252,1,0
_lakshyakhatri_,2533824423946865882,1,1
_lakshyakhatri_,2425671984606513155,1,0
_lakshyakhatri_,2318487816265702665,0,0
_lakshyakhatri_,2091578337239988352,1,0
_lakshyakhatri_,1968091321702273903,1,0
_lakshyakhatri_,1964710288877345039,1,0
_lakshyakhatri_,1915349960574146343,1,0
_lakshyakhatri_,1912579438543311002,1,0
_lakshyakhatri_,1910384153243020251,1,0
_lakshyakhatri_,1909578428023380729,0,0
_ajay.arya_,2524219887711300598,0,0
_ajay.arya_,2468336886352130489,0,0
_ajay.arya_,2414535768333630677,0,0
_ajay.arya_,2332618390897693290,0,0
_ajay.arya_,2323454742317069918,0,0
_ajay.arya_,2294508115112064695,0,1
_ajay.arya_,2285099026623947310,0,0
_ajay.arya_,2268359848674584269,0,0
_ajay.arya_,2258199007295707811,0,0
_ajay.arya_,2184001101760677179,0,0
_ajay.arya_,2164448684975066259,0,0
_ajay.arya_,2103145956928371455,0,0
metavisiongames,2399660592586440808,0,1
metavisiongames,2397096446972094587,0,1
metavisiongames,2333324877938583221,0,1
metavisiongames,2333316862900510373,0,0
metavisiongames,2312691379238370308,0,1
metavisiongames,2311678318130065770,0,1
metavisiongames,2298516567867897755,0,1
metavisiongames,2298273585059249041,0,0
metavisiongames,2298271525689510276,0,0
metavisiongames,2269252609520856357,0,1
metavisiongames,2266207662559458642,0,0
metavisiongames,2263967415763186093,0,1
ariigrafik,2757729828189439223,0,0
ariigrafik,2705745441910377038,0,0
ariigrafik,2704450163363103842,0,1
ariigrafik,2699853010735319263,0,0
ariigrafik,2693376999916039821,0,0
ariigrafik,2687504455294025592,0,0
ariigrafik,2666220783303802801,0,1
ariigrafik,2647691449037133197,0,0
ariigrafik,2645689265390920454,0,0
ariigrafik,2635235722442171554,0,0
ariigrafik,2634671922716239722,0,0
ariigrafik,2630278824559198825,0,0
techielife,1930969523159387396,1,0
techielife,1926190647359073819,0,0
techielife,1923674069170195889,0,0
techielife,1896486057478983420,1,0
techielife,1862585182864164958,1,0
techielife,1852383511739412961,1,0
techielife,1851661340880853748,0,1
techielife,1846146512393337701,0,0
techielife,1845149705143964688,0,0
techielife,1826284361113479621,0,1
techielife,1825146394714176465,1,0
techielife,1822955041582315725,0,0
ravi.singh.7,2465598824175262769,0,0
ravi.singh.7,2464787335243815822,0,0
ravi.singh.7,2437905846334071139,0,0
ravi.singh.7,2421324395648097388,0,0
ravi.singh.7,2382019658344876493,0,0
ravi.singh.7,2377727492835575480,0,0
ravi.singh.7,2360498519340852221,0,0
ravi.singh.7,2348691411301725899,0,0
ravi.singh.7,2282824183162793825,0,0
ravi.singh.7,2263390625956393339,0,0
ravi.singh.7,2254782949526841211,0,0
ravi.singh.7,2250402579690670894,0,0
sayskez,2232695463289963937,0,0
sayskez,2201176812586073569,1,0
sayskez,2170716857311885888,0,1
sayskez,2166915307049309549,0,0
sayskez,2160531220046715446,0,1
sayskez,2158149418241868636,0,0
sayskez,2127241577897541380,0,0
sayskez,2127237465172803200,0,0
sayskez,2062010883458239551,0,1
sayskez,2061231609331830970,0,0
sayskez,2029309890048536511,0,0
sayskez,2025067401976421485,0,0
fullstack11235,2761996068183994339,0,0
fullstack11235,2760546464738516136,0,0
fullstack11235,2760546468026905019,0,0
fullstack11235,2759187524016846257,0,0
fullstack11235,2757858776920207744,0,0
fullstack11235,2756046839304473228,0,0
fullstack11235,2752824119647706272,0,1
fullstack11235,2752789043016566394,0,1
fullstack11235,2750996606600034031,0,1
fullstack11235,2740655588843253253,0,0
fullstack11235,2735936998278650161,0,1
fullstack11235,2735904105069614293,0,0
proxceus,2743025717680048737,0,0
proxceus,2729227548130529376,0,0
proxceus,2725607748124787226,0,0
proxceus,2724181037986091891,0,0
proxceus,2722002744499470876,0,0
proxceus,2720541771393518982,0,0
proxceus,2719103304352567453,0,0
proxceus,2586489606153483027,0,0
proxceus,2577031359524862292,0,0
proxceus,2576312286755297451,0,0
proxceus,2574898918387583518,0,0
proxceus,2569800829486136594,0,0
forte.alessio,2133582924237699560,0,0
forte.alessio,1750198267529745508,1,0
forte.alessio,1558719077240564670,1,0
forte.alessio,1520928441125115168,0,0
forte.alessio,1398542202569102943,1,1
forte.alessio,1368184437485192514,0,0
forte.alessio,1365955708885191221,0,0
forte.alessio,1353624674302567172,0,0
artesaniasonora,2754604522196170112,0,0
artesaniasonora,2722865436589046219,0,0
artesaniasonora,2707207589941499748,0,0
artesaniasonora,2628728539026205054,0,0
artesaniasonora,2596422142582549721,0,0
artesaniasonora,2592616092737573030,0,0
artesaniasonora,2530087881202211047,0,0
artesaniasonora,2519937187950399952,0,0
artesaniasonora,2495861384489183533,0,0
artesaniasonora,2484639207802562549,0,0
artesaniasonora,2481076810915545935,0,0
artesaniasonora,2481067499384565406,0,0
jokershivam,2765257943700357058,0,1
jokershivam,2760292169068043112,0,0
jokershivam,2753759568588991030,0,0
jokershivam,2742876628050769490,1,1
jokershivam,2734346894562518361,0,1
jokershivam,2728296366027840949,0,1
jokershivam,2705441602074900185,0,0
jokershivam,2689360859193915682,0,1
jokershivam,2688765617905090705,0,1
jokershivam,2686938393553051086,1,1
jokershivam,2680016421707374649,0,0
jokershivam,2679018780731215496,0,0
battle_boy_swayam,2571070065523094451,0,0
battle_boy_swayam,2571066363194152543,0,0
battle_boy_swayam,2570283006491429354,0,0
battle_boy_swayam,2295941558134197419,0,0
battle_boy_swayam,2240090238945292219,1,0
battle_boy_swayam,2240080467290592584,1,0
battle_boy_swayam,2110969468483349747,1,0
battle_boy_swayam,2104483208369783224,1,0
battle_boy_swayam,2068064523413445213,1,0
battle_boy_swayam,2007946924683738178,0,0
battle_boy_swayam,1945895250280980009,0,0
battle_boy_swayam,1897013985599696389,0,0
iyashjayesh,2628608959982931996,0,0
iyashjayesh,2621275462666577933,0,0
iyashjayesh,2619781489772113444,0,1
iyashjayesh,2613179244421900031,0,0
iyashjayesh,2598707174319707493,0,0
iyashjayesh,2594923046632944389,0,0
iyashjayesh,2589907169958001422,0,0
iyashjayesh,2581502383487291360,0,0
iyashjayesh,2568174413259535390,0,0
iyashjayesh,2558067766391496143,1,1
iyashjayesh,2555895603390753861,0,0
iyashjayesh,2554446887173666641,0,0
malik_fawaz,2768553338871665891,0,0
malik_fawaz,2765015147688079619,0,0
malik_fawaz,2758154285327737727,0,0
malik_fawaz,2742590601647447291,0,0
malik_fawaz,2741709919009892598,0,0
malik_fawaz,2738898748758742269,0,0
malik_fawaz,2738138396634120281,0,0
malik_fawaz,2728741422905271050,0,0
malik_fawaz,2713467788796188638,0,1
malik_fawaz,2685908876832443725,0,0
malik_fawaz,2678774655689102837,0,0
malik_fawaz,2678059491893263334,0,0
lesbricodeurs,2546565599352369506,0,1
lesbricodeurs,2268297444110373466,0,0
lesbricodeurs,2268297091763808651,0,0
lesbricodeurs,2170473672574388818,0,0
lesbricodeurs,2170471540106407637,0,0
lesbricodeurs,2170466607646645218,0,0
lesbricodeurs,2152132540215973427,0,0
lesbricodeurs,2145068818930762004,0,0
lesbricodeurs,2143507437760723718,0,0
lesbricodeurs,1997156953190424106,0,0
lesbricodeurs,1974150048188838481,0,0
lesbricodeurs,1973248063851825186,0,0
dev_mind_,2616157649914240321,0,1
dev_mind_,2507528626489030861,0,0
dev_mind_,2406542986272928960,0,0
dev_mind_,2331531924025368201,0,0
dev_mind_,2330818366320821693,0,0
dev_mind_,2330077363825542748,0,0
dev_mind_,2329363695425085763,0,0
dev_mind_,2328633096221720678,0,0
dev_mind_,2327912260821031293,0,0
dev_mind_,2327183964499955248,0,0
dev_mind_,2326448619466549913,0,0
dev_mind_,2325742847178911613,0,0
horlah_em,2691365254145803769,0,0
horlah_em,2556012094235857615,0,0
horlah_em,2374208531344990355,0,0
horlah_em,2340960334237869408,0,1
horlah_em,2314517435124235371,0,0
horlah_em,2299553006775340843,0,0
horlah_em,2277679743031938525,0,0
horlah_em,2165448548672800958,0,1
horlah_em,2130659321452136210,0,0
horlah_em,2088678064858187512,0,0
horlah_em,2082431962672761208,0,0
horlah_em,2030952466895860248,0,0
obanex_nexito,2575246597256827781,0,0
obanex_nexito,2569366034461322867,0,0
obanex_nexito,2534500873644841232,0,0
obanex_nexito,2534497284293854960,0,0
obanex_nexito,2534494028834334323,0,0
obanex_nexito,2514773501978957901,0,0
obanex_nexito,2499569682630366517,0,0
obanex_nexito,2489840843834716165,0,0
obanex_nexito,2482955700981239454,0,0
obanex_nexito,2434537242245931284,0,0
obanex_nexito,1620032153297396255,0,1
obanex_nexito,1516249858498075988,0,0
prashant_ardeshana,2594576743269280470,1,0
prashant_ardeshana,2536680068823847323,0,0
prashant_ardeshana,2484477496922309491,0,0
prashant_ardeshana,2483063186975268693,1,0
prashant_ardeshana,2456908987745050965,0,0
prashant_ardeshana,2433682714805667264,0,0
prashant_ardeshana,2422859260351219699,0,0
prashant_ardeshana,2399933805881362793,0,0
prashant_ardeshana,2397250068001451331,0,0
prashant_ardeshana,2392680653998157356,0,0
prashant_ardeshana,2389390329590794925,0,0
prashant_ardeshana,2386316419232072273,0,0
bee__right,2163457680060371350,0,0
bee__right,2009746907005540101,0,0
bee__right,1949174174031583486,0,0
bee__right,1890624314047484505,0,1
bee__right,1889405362432706022,0,1
bee__right,1887752007197359350,0,0
bee__right,1886244299185004088,0,0
bee__right,1844955873647493902,0,0
bee__right,1836504771708734762,0,0
bee__right,1831853287347973430,0,0
bee__right,1825285546335906943,0,0
bee__right,1770914842657405573,0,0
yawarosman,2683122852558838061,0,1
yawarosman,2681667098668942922,0,1
yawarosman,2675910204852067915,0,0
yawarosman,2672851924415610219,0,1
yawarosman,2669401755175738589,0,1
yawarosman,2668636306984171262,0,1
yawarosman,2668635658746171216,0,1
yawarosman,2644786986905141180,0,1
yawarosman,2636847155155379518,0,1
yawarosman,2634303221481315149,0,1
yawarosman,2633734659808993083,0,1
yawarosman,2623637152538174653,0,0
xxdatspookienessxx69,2748781119701871956,0,0
xxdatspookienessxx69,2721156539911070030,0,0
xxdatspookienessxx69,2661722277472678895,0,0
xxdatspookienessxx69,2622389185894895366,0,0
xxdatspookienessxx69,2579448940044056102,0,0
xxdatspookienessxx69,2579446014357736046,0,0
xxdatspookienessxx69,2547320439669497873,0,0
xxdatspookienessxx69,2540292600436730279,0,0
xxdatspookienessxx69,2534612638971024260,0,0
xxdatspookienessxx69,2529994029825162535,0,0
xxdatspookienessxx69,2526260143222548965,0,0
xxdatspookienessxx69,2521554432610918814,0,0
prakashsparkz,2727939529863182307,0,0
prakashsparkz,2725786001157689521,0,0
prakashsparkz,2725090611324512612,0,0
prakashsparkz,2724340102774802843,0,0
prakashsparkz,2723642595913019466,0,0
prakashsparkz,2722862110307384081,0,0
prakashsparkz,2721450778836220016,0,0
prakashsparkz,2721263956743098568,0,0
prakashsparkz,2720013046511563657,0,0
prakashsparkz,2719249919096182958,0,0
prakashsparkz,2718574621435095472,0,0
prakashsparkz,2717836295736233344,0,0
boazdutch,2440132816596617860,0,0
boazdutch,2414637663011145566,0,0
boazdutch,2364123401625056155,1,0
boazdutch,2360187522368132803,0,0
boazdutch,2353224034655549264,1,0
boazdutch,2323972628711102534,1,0
boazdutch,2241684827097029809,0,0
boazdutch,2205276306692699302,0,0
boazdutch,2142993390546576591,0,0
boazdutch,1627093736244005825,0,0
boazdutch,1627036409251854776,0,0
boazdutch,1518370975601833993,0,0
mbousserouel,2751939364101046356,0,1
mbousserouel,2358140791549282544,0,1
mbousserouel,2357890387582193019,0,1
mbousserouel,2180892972376437539,0,0
mbousserouel,2178623440689591235,0,0
mbousserouel,2173488191177684097,0,0
mbousserouel,2168498221853485002,0,1
mbousserouel,2157984768206513395,0,0
mbousserouel,2157812506874377018,0,0
mbousserouel,2153411591451143521,0,0
mbousserouel,2138823477558574177,0,1
mbousserouel,2137811722791352642,0,1
amirreza.n96,2448440919528113327,1,0
amirreza.n96,2367856318435326920,0,0
amirreza.n96,2248349588350285287,0,0
amirreza.n96,2171179711508517308,0,0
amirreza.n96,2150208261243210995,0,0
amirreza.n96,2130141937141917952,0,0
amirreza.n96,2111002939018902988,0,0
amirreza.n96,2094630684747412152,0,0
amirreza.n96,2084437695907586746,1,0
amirreza.n96,2072015071214816131,1,0
amirreza.n96,2071152044579783694,0,0
amirreza.n96,2051934257118514065,0,0
_raeelz,2675200730774502634,0,0
_raeelz,2603314530859778685,1,1
_raeelz,2599053918159926925,0,0
_raeelz,2554137416491537309,0,1
_raeelz,2230885322236068249,1,0
_raeelz,2097616939210810402,0,0
_raeelz,2072879965497543966,0,0
_raeelz,2011117448920799971,0,0
_raeelz,1936585959107512756,0,0
_raeelz,1886692860678558444,0,0
_raeelz,1777241543795544388,0,0
_raeelz,1631289270810246746,0,0
i_am_himiknainwal,2594911463696122374,1,0
i_am_himiknainwal,2513140743451797254,1,0
i_am_himiknainwal,2406478822741387221,0,0
i_am_himiknainwal,2392710298751682898,0,0
i_am_himiknainwal,2383543413158108999,0,0
i_am_himiknainwal,2294224412339077923,0,0
i_am_himiknainwal,2282843240971416365,0,0
i_am_himiknainwal,2282751916092153249,0,0
i_am_himiknainwal,2282146992362815272,0,0
i_am_himiknainwal,2060355047157484576,0,1
i_am_himiknainwal,2044877080524675052,0,0
i_am_himiknainwal,2044805851394390231,0,0
piscesin2sight,2739358433465338381,0,0
piscesin2sight,2728005337032238117,0,0
piscesin2sight,2726442849598173918,0,0
piscesin2sight,2649124233516515388,0,0
piscesin2sight,2636785241509006609,0,0
piscesin2sight,2609800214108518021,0,0
piscesin2sight,2542492292483224269,0,1
piscesin2sight,2448088799565037425,0,0
piscesin2sight,2448057273414447604,0,0
piscesin2sight,2446111681733754366,0,0
piscesin2sight,2442977478314032912,0,0
piscesin2sight,2435221298099316071,0,0
tehdmitry,2754185590381043220,0,1
tehdmitry,2743160058643808277,0,0
tehdmitry,2741699482335906501,0,0
tehdmitry,2738190595737027659,0,0
tehdmitry,2736823698520172386,0,1
tehdmitry,2733795527171882564,0,0
tehdmitry,2662084945218068595,0,1
tehdmitry,2622094410990738112,1,1
tehdmitry,2619211591729702702,1,1
tehdmitry,2614763333687127153,0,1
tehdmitry,2612109321593163957,0,0
tehdmitry,2595329892695287679,0,0
sasidhar_jarvis,2703982045239302070,0,0
sasidhar_jarvis,2614094393879383111,0,0
sasidhar_jarvis,2597461947855576144,0,1
sasidhar_jarvis,2480771650434665684,0,0
sasidhar_jarvis,2443042325707138168,0,0
sasidhar_jarvis,2415892742111994133,0,1
sasidhar_jarvis,2408064381322939275,0,0
sasidhar_jarvis,2398879965727991616,0,0
sasidhar_jarvis,2379002662885960422,0,0
sasidhar_jarvis,2376459423301574865,0,0
sasidhar_jarvis,2367432721732870371,1,0
sasidhar_jarvis,2356054400143112984,0,0
ramanpreet6262,2008289141477239641,0,0
ramanpreet6262,1959825484879916815,0,0
ramanpreet6262,1907482525304238389,0,0
ramanpreet6262,1902879026943513147,0,0
ramanpreet6262,1843034334437714953,0,0
ramanpreet6262,1830670714458403258,0,0
distordev,2777927965146358688,1,0
distordev,2735505666993208365,0,0
distordev,2705083081809840011,0,0
distordev,2685989628089910787,0,0
distordev,2682323114753240190,0,0
distordev,2580436235108340266,0,0
distordev,2562885784183851314,0,0
distordev,2549724636660264366,0,0
distordev,2476643380267930719,0,0
distordev,2446386898263876418,0,0
distordev,2352387604750549495,0,0
distordev,2336943881026204274,0,0
ig.akaygaur,2643138941171271572,0,1
ig.akaygaur,2431845860515990092,0,0
ig.akaygaur,2430366253376145798,0,0
ig.akaygaur,2428886395870617587,0,0
ig.akaygaur,2426712188993221554,0,0
ig.akaygaur,2425292417357790169,0,0
ig.akaygaur,2423843114776335218,0,0
ig.akaygaur,2422303017106984516,0,0
ig.akaygaur,2420883805855745903,0,0
ig.akaygaur,2419464269545858701,0,0
ig.akaygaur,2418135657609392993,0,0
ig.akaygaur,2416565221675314883,0,0
projetopoesiacompilada,2766283760071788510,0,1
projetopoesiacompilada,2741724486489109581,0,0
projetopoesiacompilada,2489388830655018838,0,0
projetopoesiacompilada,2479460460672811501,0,0
projetopoesiacompilada,2373058925173272028,0,0
projetopoesiacompilada,2371156406511702360,0,0
projetopoesiacompilada,2370829248358525051,0,0
projetopoesiacompilada,2367013312270828134,0,0
projetopoesiacompilada,2361399865898338198,0,0
projetopoesiacompilada,2361344005453068403,0,0
projetopoesiacompilada,2299017792219177793,0,0
projetopoesiacompilada,2270141688855271335,1,0
robert2k20,2774061833458264740,0,0
robert2k20,2774061629313095209,0,0
robert2k20,2774061420193331931,0,0
robert2k20,2774061128588489508,0,0
robert2k20,2774060886225006033,0,0
robert2k20,2774060621513919827,0,0
robert2k20,2561130806246336382,0,0
robert2k20,2561130461617097283,0,0
robert2k20,2561129874674463251,0,0
robert2k20,2490521037530108672,0,0
robert2k20,2490520831615027194,0,0
robert2k20,2490520703546134146,0,0
d.ullrich,2777328836469020949,0,0
d.ullrich,2771894639396041258,0,0
d.ullrich,2762528834886411803,0,0
d.ullrich,2753276595651354676,0,0
d.ullrich,2752957816140945857,0,0
d.ullrich,2672908081339408131,1,0
d.ullrich,2664081445692182755,0,0
d.ullrich,2662839855452585238,0,0
d.ullrich,2650628174457197336,0,0
d.ullrich,2648295846238371206,0,0
d.ullrich,2603359765297719363,0,0
d.ullrich,2598128828150534329,0,0
mohd__wasim,2782351328582897136,1,0
mohd__wasim,2665588051841339992,0,0
mohd__wasim,2662661511063237327,0,0
mohd__wasim,2658298226944546543,0,0
mohd__wasim,2656743659882778736,0,0
mohd__wasim,2642169138882344690,0,0
mohd__wasim,2634257600892639063,0,0
mohd__wasim,2632323319965429868,0,0
mohd__wasim,2571162557098103168,0,0
mohd__wasim,2570473410570019276,0,0
mohd__wasim,2569957550948562414,0,0
lazybrogrammer,1602318834034124821,1,0
lazybrogrammer,1601873253247595552,1,0
lazybrogrammer,1601639455830426678,1,0
lazybrogrammer,1601067750904934114,1,0
lazybrogrammer,1600288629182576738,1,0
lazybrogrammer,1599816107735539581,1,0
lazybrogrammer,1599539059393761479,1,0
lazybrogrammer,1598947384137064747,1,0
lazybrogrammer,1598749342456818830,1,0
lazybrogrammer,1598184468290765444,1,0
lazybrogrammer,1597964598731312392,1,0
lazybrogrammer,1597558325963588597,1,0
artthuro6,2728245784305860910,0,0
artthuro6,2708330997651161343,0,0
artthuro6,2652523019209162228,0,0
artthuro6,2595967989376193448,0,0
artthuro6,2592642314586147744,1,1
artthuro6,2591618858976704211,0,0
artthuro6,2588691696871860061,0,0
artthuro6,2540217479495246993,0,0
artthuro6,2532135699697426304,0,0
artthuro6,2528620188216232724,1,0
artthuro6,2514397508361414695,0,0
artthuro6,2505001977767990346,0,0
pranavgoel_29,2759715589438418225,0,0
pranavgoel_29,2744484554073287092,0,0
pranavgoel_29,2740106531680165429,0,0
pranavgoel_29,2723255510577375975,0,0
pranavgoel_29,2721873282365377184,0,0
pranavgoel_29,2715284857588872018,0,0
pranavgoel_29,2699723982877242017,0,0
pranavgoel_29,2699570143679192048,0,0
pranavgoel_29,2656013341227852539,0,0
pranavgoel_29,2635554627178195828,0,0
pranavgoel_29,2619900979680597126,0,0
pranavgoel_29,2618391326073057052,0,0
kamilkapadia,2783470109189754133,0,0
kamilkapadia,2777121583911130422,0,0
kamilkapadia,2769171467661117705,0,1
kamilkapadia,2765596834965994358,0,0
kamilkapadia,2764076781665640261,0,0
kamilkapadia,2758282085332361607,0,1
kamilkapadia,2752351871509026172,0,0
kamilkapadia,2745988608226157368,0,0
kamilkapadia,2741035893743107999,0,0
kamilkapadia,2735147650605558667,0,0
kamilkapadia,2713353278709014601,0,0
kamilkapadia,2712669577118276459,0,0
veronikacodes,2415649382194226654,0,0
veronikacodes,2273587629431863698,0,0
veronikacodes,2272822756716482933,0,0
veronikacodes,2272065556817529082,0,0
veronikacodes,2271336872422720882,0,0
veronikacodes,2270508419502936771,0,0
veronikacodes,2168328205847604048,0,0
veronikacodes,2150864361370030752,0,0
veronikacodes,2099570841638496966,0,0
veronikacodes,2098802539618340133,0,0
veronikacodes,2095913023102488840,0,0
veronikacodes,2095231547687991429,0,0
rsd.dzgn,2740842122193017476,0,0
rsd.dzgn,2740710666649035367,0,0
rsd.dzgn,2740659833538388641,0,0
rsd.dzgn,2476358492466760935,0,0
rsd.dzgn,2475565040040721657,0,0
rsd.dzgn,2317603524424392540,0,0
rsd.dzgn,2306422261705533991,0,1
rsd.dzgn,2302745382272271786,0,1
rsd.dzgn,2299861359019472431,0,0
rsd.dzgn,2296951899084940396,0,0
rsd.dzgn,2291922239405956348,0,0
rsd.dzgn,2288465172664236322,0,0
a7.acc,2758252976626819895,0,0
a7.acc,2740989072223778332,0,0
a7.acc,2697586875031616986,0,0
a7.acc,2632964473002731340,0,0
a7.acc,2619172937995905380,0,0
a7.acc,2589653108523949501,0,0
iamjaywrld,2755131107936198104,0,0
iamjaywrld,2721893404608465410,0,0
iamjaywrld,2694526776610131882,0,1
iamjaywrld,2672065028343516436,0,0
iamjaywrld,2666994172722664210,0,0
iamjaywrld,2651770949374377453,0,0
iamjaywrld,2630939960243121217,0,0
iamjaywrld,2629087389668827177,0,1
iamjaywrld,2628430878389193453,0,1
iamjaywrld,2627590771379162391,0,1
iamjaywrld,2627340057469876713,0,1
iamjaywrld,2627236228832301334,0,0
yazilimdamari,1843783410441287617,0,1
yazilimdamari,1810159870790239075,0,0
yazilimdamari,1780066317020143891,0,1
yazilimdamari,1753023382259227382,0,1
yazilimdamari,1737691134287663501,0,0
yazilimdamari,1734852327385151165,0,1
yazilimdamari,1727946396814567595,0,0
yazilimdamari,1639379122378302997,0,0
yazilimdamari,1631954472627252083,0,1
yazilimdamari,1588759150950568510,0,0
yazilimdamari,1585424833293589592,0,0
yazilimdamari,1585424478950519223,0,0
monzersmiledev,2782811461064451093,0,0
monzersmiledev,2770564447167053262,0,0
monzersmiledev,2765547833073690289,0,0
monzersmiledev,2753186232148593959,0,0
monzersmiledev,2748934952788854411,0,0
monzersmiledev,2738487829677030629,0,0
monzersmiledev,2714911689784005551,0,0
monzersmiledev,2660517925066294600,0,0
monzersmiledev,2583685778842616194,0,1
monzersmiledev,2579209718780644976,0,1
monzersmiledev,2578389335324200675,0,0
monzersmiledev,2572542787445495774,0,0
honza.javorek,2788593627770510066,0,0
honza.javorek,2788058599365817595,0,0
honza.javorek,2785706146272246317,0,0
honza.javorek,2779351663690741444,0,0
honza.javorek,2778625695208452112,0,0
honza.javorek,2775575119029849492,0,0
honza.javorek,2773436177811731606,0,0
honza.javorek,2772817072469391037,0,0
honza.javorek,2771488791889655699,0,0
honza.javorek,2768349466907787452,0,0
honza.javorek,2766115377987410903,0,0
honza.javorek,2765415566927990771,0,1
mlodzikos,2382679128157243171,0,0
mlodzikos,2253884931004770635,0,0
mlodzikos,2140828458484662453,0,0
mlodzikos,2034097403616799466,0,0
mlodzikos,1985659573412587631,0,0
mlodzikos,1961672916636332196,0,0
mlodzikos,1903758809623376030,0,0
mlodzikos,1873981886024533015,1,0
mlodzikos,1792742408333681799,0,0
mlodzikos,1786143928509081335,0,0
mlodzikos,1776790410874799843,0,0
mlodzikos,1772389603043656533,0,0
nasirr_dev,2712370580874019599,0,1
nasirr_dev,2701114845859709241,0,0
nasirr_dev,2663382971154816988,0,0
nasirr_dev,2564405866238207741,0,0
nasirr_dev,2544625437104142381,0,0
nasirr_dev,2523175740795681519,0,0
nasirr_dev,2484231239914174454,0,0
nasirr_dev,2479376529553975756,0,1
nasirr_dev,2478556467599443969,0,0
nasirr_dev,2477871412824687041,0,0
nasirr_dev,2476776276954815016,0,0
nasirr_dev,2476089626323018969,0,0
manhamza11,2772409835076939842,0,1
manhamza11,2772081929392232524,0,0
manhamza11,2690880142094840826,0,0
manhamza11,2690190367780033941,0,0
manhamza11,2686042316072002643,0,0
manhamza11,2685845218873313702,0,0
manhamza11,2660316994726988364,0,0
manhamza11,2660309453385075290,0,0
manhamza11,2660299122243962958,0,0
manhamza11,2635354277658477729,0,0
manhamza11,2635218297760643341,0,1
manhamza11,2630154667851546507,0,0
code4life,2295950359425967077,0,0
code4life,2132288785688555888,1,0
code4life,2129358640593920006,0,0
code4life,1999388264951465872,0,0
code4life,1990951916242630191,0,0
code4life,1983720187656369037,0,0
code4life,1961162822184803414,0,1
code4life,1961161287279284201,0,1
code4life,1941609539283818452,0,0
code4life,1932173126314410505,0,0
code4life,1927741114245468263,0,1
code4life,1924789557598130103,0,1
andreas_g25,2782071940938946304,0,0
andreas_g25,2777765653414958232,0,0
andreas_g25,2770406266673482577,0,0
andreas_g25,2762465025327392892,0,0
andreas_g25,2740813254540750947,0,0
andreas_g25,2736290433181493611,0,0
andreas_g25,2735834714108028606,0,0
andreas_g25,2693455952027112142,0,0
andreas_g25,2690697303262946967,0,0
andreas_g25,2661114468877349397,0,0
andreas_g25,2659437495707827283,0,1
andreas_g25,2619443156811747967,0,0
jonathas.veiga,2787403015457867736,0,0
jonathas.veiga,2741699786096688863,0,1
jonathas.veiga,2714384715682883216,0,1
jonathas.veiga,2662192588270092668,0,1
jonathas.veiga,2445960149362768582,0,0
jonathas.veiga,2385354653119687638,0,1
jonathas.veiga,2335805356951202460,0,0
jonathas.veiga,2327787907232254476,0,0
jonathas.veiga,2258165279932994147,0,1
jonathas.veiga,2257573121576305350,0,0
jonathas.veiga,2255440757840553377,0,0
jonathas.veiga,2229122435654117994,0,0
dngrusbot,2577502866293963381,0,0
dngrusbot,2577502572600396181,0,0
dngrusbot,2577502122023157714,0,0
dngrusbot,2577501725477011184,0,0
dngrusbot,2577501433536615536,0,0
dngrusbot,2577501067826913257,0,0
dngrusbot,2577500631711543263,0,0
dngrusbot,2577500244543546313,0,0
dngrusbot,2577499880175963175,0,0
dngrusbot,2577499086697739892,0,0
dngrusbot,2577498679137086242,0,0
dngrusbot,2577498188185469266,0,0
ajyu1chan,2640727591736418990,0,0
ajyu1chan,2173337537848883527,1,0
ajyu1chan,2102599075571471033,1,0
ajyu1chan,2093350707553093657,1,0
ajyu1chan,2066345093450764624,1,0
ajyu1chan,2055289061752644383,1,0
ajyu1chan,2052217183702018398,1,1
ajyu1chan,2034183758353198091,1,0
ajyu1chan,2026276367271911495,1,0
ajyu1chan,2018933819796827736,1,0
ajyu1chan,2016762751199789498,1,0
ajyu1chan,2008139829598058919,1,0
mejomba,2494589706077950414,0,1
mejomba,2480713215242102332,0,1
mejomba,2475066786121022540,0,1
mejomba,2472050548372952392,0,1
mejomba,2470619019474851824,0,1
mejomba,2470033058093292855,0,1
wisementions,1702865203677775189,1,0
wisementions,1694263359216825271,0,0
wisementions,1694260750611608587,0,0
wisementions,1689872280845587832,0,0
wisementions,1687636096551672917,1,0
wisementions,1685434198956413033,0,0
wisementions,1685415465424525817,0,0
wisementions,1685404226350841105,0,0
wisementions,1676147100701065377,0,0
wisementions,1669565861596735491,0,0
wisementions,1668885694401910916,0,0
wisementions,1659754326652805039,0,0
maheshks.me,2358192066820883739,0,0
maheshks.me,2305216303985786443,1,0
maheshks.me,2287120526577344526,1,0
maheshks.me,2188688805630883745,1,0
maheshks.me,2118372645115608984,0,0
maheshks.me,2107814942869944735,0,0
maheshks.me,2004551225575588233,1,0
maheshks.me,1991539980463398453,0,0
maheshks.me,1990962326815270262,0,0
maheshks.me,1917924194672989862,0,0
maheshks.me,1810084262276554121,0,0
maheshks.me,1730127791612427626,0,0
maviecodes,2322886030891927047,0,0
maviecodes,2322143934463418624,0,0
maviecodes,2289344890650740612,0,0
maviecodes,2287160471223323446,0,0
lucid.dev,2267939982771603001,0,0
lucid.dev,2266407139914335521,0,0
lucid.dev,2264079852216923320,0,0
lucid.dev,2145533933603918021,0,0
lucid.dev,2142347118470264787,0,0
lucid.dev,2140838376855754813,0,0
lucid.dev,2058389272251193343,1,0
lucid.dev,2058223301477600888,0,0
lucid.dev,2054098376768727330,1,0
lucid.dev,2051731591730032770,1,0
lucid.dev,2049171247069189060,0,0
lucid.dev,2048488820890054060,1,1
esone.s1,2779330488999752629,0,0
esone.s1,2765256113887407209,0,0
esone.s1,2607988444303381992,0,0
nanocreatives,2173961370465742568,0,0
nanocreatives,1548786571623355743,1,0
nanocreatives,1545236608230563700,1,0
nanocreatives,1543868159600339610,0,0
nanocreatives,1542023000679986636,0,0
nanocreatives,1541685325401929349,0,0
nanocreatives,1541669861271430376,0,0
nanocreatives,1541663238440126285,0,0
nanocreatives,1541652660959244208,0,0
nanocreatives,1541645999976677090,0,0
mzunairtariq,2790265412078979211,0,0
mzunairtariq,2779191107190775441,0,0
mzunairtariq,2761276871227341541,0,0
mzunairtariq,2741037667363017936,0,1
mzunairtariq,2738803228484322744,1,0
mzunairtariq,2733669442116904732,1,0
mzunairtariq,2723455097513281910,1,0
mzunairtariq,2719237700601621342,0,0
mzunairtariq,2713315120484975400,1,0
mzunairtariq,2711925599721780489,1,0
mzunairtariq,2709035423869741291,1,0
mzunairtariq,2708306144311846544,1,0
gametl02,2793872003978199409,1,0
gametl02,2744594440097510122,1,1
gametl02,2704695535021229138,0,0
gametl02,2680391582125186299,1,0
gametl02,2671249184128262917,1,0
gametl02,2666292415136331863,0,1
gametl02,2648027749134308574,0,0
gametl02,2607975157486389592,1,0
gametl02,2601061578468424715,1,0
gametl02,2593859901424203715,1,0
gametl02,2566091427394423799,0,1
gametl02,2557440679488163784,0,0
iraniothome,1921252598997711612,0,0
iraniothome,1921252470400335515,0,0
iraniothome,1921252334924387647,0,0
iraniothome,1921236458628006033,0,0
iraniothome,1916315109115647378,0,0
iraniothome,1880073841684600144,0,0
iraniothome,1875251347320676534,0,0
iraniothome,1869143870707558328,0,0
iraniothome,1865165761276667323,0,0
iraniothome,1865124387797871455,0,0
iraniothome,1865122309377772134,0,0
iraniothome,1838703203418360797,0,0
3wtattoo,2795346221791720755,0,0
3wtattoo,2793895545375119273,0,0
3wtattoo,2791700232174361509,0,0
3wtattoo,2790294841263763010,0,0
3wtattoo,2788857542604761207,0,0
3wtattoo,2778428255537068658,0,0
3wtattoo,2778426960386401706,0,0
3wtattoo,2778426612678545286,0,0
3wtattoo,2763933197010128624,0,0
3wtattoo,2763933008232876677,0,0
3wtattoo,2763932579574846597,0,0
3wtattoo,2759827295608805182,0,0
mihai.todor85,2659004847960080312,0,0
mihai.todor85,2591531466055886254,0,0
mihai.todor85,2466358861653721917,0,0
mihai.todor85,2230617605021059877,0,0
mihai.todor85,2145431145163233190,1,0
mihai.todor85,2136710624121104435,0,0
mihai.todor85,2108144877560363391,0,0
mihai.todor85,2051683868662652234,0,0
mihai.todor85,2027030090009220573,0,0
mihai.todor85,2017705058032078183,0,0
mihai.todor85,1971919197604880760,0,0
mihai.todor85,1944552515450584691,1,0
webdevwonder,1764190941616748350,1,0
webdevwonder,1763413692869056532,1,0
webdevwonder,1763412165278462004,1,0
webdevwonder,1759841370673207542,1,0
webdevwonder,1759819239033902345,1,0
webdevwonder,1759788741586699930,1,0
webdevwonder,1759717438192310124,1,0
webdevwonder,1759700615929438945,1,0
webdevwonder,1759065491525309885,1,0
webdevwonder,1759053287283233768,1,0
webdevwonder,1759051532478727099,1,0
webdevwonder,1759049351986116765,1,0
pluscoin.io,1692090314692322144,0,0
pluscoin.io,1670404051837106727,0,0
pluscoin.io,1670401724576986982,0,0
pluscoin.io,1654220622210821864,0,0
pluscoin.io,1653584029171292538,0,0
pluscoin.io,1627376492965202023,0,0
pluscoin.io,1625455376826814587,0,0
pluscoin.io,1625455183486086757,0,0
pluscoin.io,1618825825807814499,0,0
pluscoin.io,1618630756286900213,0,0
pluscoin.io,1616880575375980996,0,0
pluscoin.io,1611809922993901789,0,0
lucianoojeda03,2625103900001637230,0,0
lucianoojeda03,2215725635087039145,0,0
lucianoojeda03,2215719418952254525,0,0
lucianoojeda03,2215718004800774922,0,0
lucianoojeda03,2215707476242114952,0,0
lucianoojeda03,2034929093381666286,0,0
lucianoojeda03,1899760898438667608,0,0
lucianoojeda03,1859097989907738381,0,0
lucianoojeda03,1722183496645317616,0,0
lucianoojeda03,1687359653003145403,0,0
lucianoojeda03,1687348074601848497,0,0
lucianoojeda03,1657374141618359333,0,0
jijan990,2515714484191112527,0,0
jijan990,2512094250922240797,0,0
jijan990,2322543610179271766,0,0
jijan990,2322469666160079693,0,0
jijan990,2321994804207461719,0,0
jijan990,1634955825906476628,1,0
binsar_dj,2372452893358926970,1,0
yuvraj_g37,2787295407804015266,0,0
yuvraj_g37,2781928123798209441,0,0
yuvraj_g37,2762679960826694922,1,0
yuvraj_g37,2757663204176065591,0,1
yuvraj_g37,2755472033348289516,1,0
yuvraj_g37,2746722538043605506,0,1
yuvraj_g37,2741906677483856141,0,1
yuvraj_g37,2740168667553553964,0,1
yuvraj_g37,2728547821153943815,0,1
yuvraj_g37,2716168518454105089,1,1
yuvraj_g37,2645210815964100917,1,0
yuvraj_g37,2618390106319232854,1,0
codedthemes,2679004778703737422,0,0
codedthemes,2659490756325128667,0,0
codedthemes,2619580589473245431,0,1
codedthemes,2605991538990387655,0,0
codedthemes,2603075324312025749,0,0
codedthemes,2600891435187538817,0,0
codedthemes,2595796866813674117,0,0
codedthemes,2594255714355807555,0,0
codedthemes,2592221305461247613,0,0
codedthemes,2589275897735605029,0,0
codedthemes,2585662588289517996,0,0
codedthemes,2580582613672740789,0,0
drcloudycoder,1735959185596019956,1,0
drcloudycoder,1732997602255108197,1,0
drcloudycoder,1725048554101428642,1,0
drcloudycoder,1708406650425530341,1,0
drcloudycoder,1686710634907274346,1,0
drcloudycoder,1654644959561103454,1,0
drcloudycoder,1621994641950032754,1,0
drcloudycoder,1616414440847533272,1,0
drcloudycoder,1610442793984355362,1,0
drcloudycoder,1605565230455458283,1,0
drcloudycoder,1600181740759231162,1,0
drcloudycoder,1598462005294343371,1,0
kleber.digital,2299813827256505248,0,0
kleber.digital,2293332745538891901,0,0
kleber.digital,2288147043918861487,0,0
kleber.digital,2284882205352606827,0,0
kleber.digital,2276542431575182393,0,0
kleber.digital,2144777608737343306,0,0
kleber.digital,2093781656870673232,0,1
kleber.digital,2093099637933179644,0,0
kleber.digital,2092308459793053768,0,1
kleber.digital,2091657117751578037,0,1
kleber.digital,1983553713909936627,0,0
kleber.digital,1967551797337942276,0,1
mahmoud.elarief,2626492897592963766,0,0
mahmoud.elarief,2590393464006856374,0,0
mahmoud.elarief,2584564410603035438,0,0
mahmoud.elarief,2583324461136358046,0,0
mahmoud.elarief,2576206606779639251,0,0
mahmoud.elarief,2545216088776214404,0,0
mahmoud.elarief,2537997016988897560,0,0
mahmoud.elarief,2497171720425567983,0,0
mahmoud.elarief,2493910577712048001,0,0
mahmoud.elarief,2438065566462617617,0,0
mahmoud.elarief,2421982887124179017,0,0
mahmoud.elarief,2409594027836760287,0,0
assyeh_h,2440163492009635501,0,0
assyeh_h,2432060580979726455,0,0
assyeh_h,2425829559657358428,0,1
assyeh_h,2423707781925674581,0,0
assyeh_h,2422592772369784308,0,0
assyeh_h,2422589353080732075,0,0
assyeh_h,2422586220657042006,0,0
assyeh_h,2422579091514821763,0,1
assyeh_h,2420803753898023352,0,0
assyeh_h,2413473661500961773,0,1
assyeh_h,2411948515845766336,0,0
assyeh_h,2411946587380508354,0,0
ambuj.srivastava_,2785187361727037725,1,0
ambuj.srivastava_,2782196222317880229,1,0
ambuj.srivastava_,2782192894322182412,1,0
ambuj.srivastava_,2773570008565070758,0,0
ambuj.srivastava_,2768541372908674208,0,0
ambuj.srivastava_,2768540123903796734,0,0
ambuj.srivastava_,2760411026837073124,1,0
ambuj.srivastava_,2760401300908832434,0,0
ambuj.srivastava_,2751818072863323820,1,1
ambuj.srivastava_,2751815691790466819,1,1
ambuj.srivastava_,2746779190698661171,0,1
ambuj.srivastava_,2746773981305888959,1,1
newstampwhodis,1943330065140201722,1,0
newstampwhodis,1938621335401270820,0,0
newstampwhodis,1937562557897721365,1,0
newstampwhodis,1936820456067003963,1,0
newstampwhodis,1936096962366736583,1,0
newstampwhodis,1935700533370460445,1,0
newstampwhodis,1935066504401206240,0,0
newstampwhodis,1933962725127727874,0,0
newstampwhodis,1933213467856387396,1,0
newstampwhodis,1932505468988896864,0,0
newstampwhodis,1931751180239069398,0,0
newstampwhodis,1931007278741697782,1,0
alexmachin1997,2383094689713665906,0,0
alexmachin1997,2377171975421426598,0,0
alexmachin1997,2376630000301618912,0,0
alexmachin1997,2301158318590173706,0,0
alexmachin1997,2279487692964328078,0,0
alexmachin1997,2252607258636678026,0,0
alexmachin1997,2211275680782545337,0,0
alexmachin1997,2140291835044800130,0,0
alexmachin1997,2132844206664736437,0,0
alexmachin1997,2122679792980625992,0,0
alexmachin1997,2114894676564800084,0,0
alexmachin1997,2109974612086435427,0,0
messinait,1638447153876020372,1,0
messinait,1638294588651691253,1,0
messinait,1638294386301610092,1,0
messinait,1637995974624767174,0,0
messinait,1637994608992891892,0,0
messinait,1637994139281098905,0,0
messinait,1637993926378165731,1,0
messinait,1637107208712255967,1,0
messinait,1636958844880349118,1,0
messinait,1636874805666151650,1,0
messinait,1636872900479034510,0,0
messinait,1636872788835301323,0,0
ciciliottidanilo,2801258232084026542,0,1
ciciliottidanilo,2796224999990615084,0,1
ciciliottidanilo,2794733799697293267,0,0
ciciliottidanilo,2791873679385065416,0,1
ciciliottidanilo,2786067868894559063,0,1
ciciliottidanilo,2783848217196135286,0,1
ciciliottidanilo,2778806006879025063,0,0
ciciliottidanilo,2773677721866012457,0,0
ciciliottidanilo,2771555229665334021,0,1
ciciliottidanilo,2766506750398829460,0,0
ciciliottidanilo,2765777532404814049,0,0
ciciliottidanilo,2764881347279193590,0,0
shuvo.cmt,2735190458518294289,0,0
shuvo.cmt,2728049163849007721,0,0
shuvo.cmt,2724128321817651040,0,0
shuvo.cmt,2718313362072477157,0,0
shuvo.cmt,2485384593671658350,0,0
shuvo.cmt,2476458181116022277,0,0
shuvo.cmt,2450992512488653345,0,0
shuvo.cmt,2450280447553766496,0,0
shuvo.cmt,2449634460363515509,0,0
shuvo.cmt,2448109144864246035,0,0
shuvo.cmt,2392822808968489118,0,0
shuvo.cmt,2377104700035535093,0,0
azdeviz,2787388481514123709,0,0
azdeviz,2787384775309574022,0,0
azdeviz,2779599269090037982,0,0
azdeviz,2745443078409791425,0,0
azdeviz,2739029080524999384,0,0
mrp4sten,2793517536690007261,0,0
mrp4sten,2788490103951459722,0,0
mrp4sten,2653936435864591845,0,0
mrp4sten,2653933371581621073,0,0
mrp4sten,2653931497885462615,0,0
mrp4sten,2648822628347773763,0,0
mrp4sten,2556985055197304239,0,0
mrp4sten,2556165437897756551,0,0
mrp4sten,2556153254551869688,0,0
mrp4sten,2496166243548495313,0,0
mrp4sten,2487401177873301917,0,0
mrp4sten,2471737289546895308,0,0
_________________404_not_found,2644839383207120598,0,0
_________________404_not_found,2632240753765786413,0,0
_________________404_not_found,2625531167828222090,0,1
_________________404_not_found,2623383188907869308,0,0
_________________404_not_found,2622123286415797080,0,0
_________________404_not_found,2591450732466863013,0,1
_________________404_not_found,2515150981018568516,0,0
_________________404_not_found,2508729421315579963,0,0
_________________404_not_found,2312974711719502973,0,0
_________________404_not_found,2298671559597296435,0,0
0xkhani,2714201007091573171,0,0
0xkhani,2484536954746961666,1,0
0xkhani,2483836845449111443,0,0
0xkhani,2448230223417295491,0,1
0xkhani,2356397979751514690,0,0
0xkhani,2306721943294342597,1,0
0xkhani,2295380596574808622,0,0
0xkhani,2294804060429725983,0,0
0xkhani,2286990407254936779,0,0
0xkhani,2276363750557261422,0,0
0xkhani,2276111274159528983,0,0
0xkhani,2251170063696627713,0,0
hemang.khurana,2797379440517126407,0,0
hemang.khurana,2793787159247713661,0,0
hemang.khurana,2791378388923969646,0,1
hemang.khurana,2789255215788998907,0,0
hemang.khurana,2764156034456177092,0,0
hemang.khurana,2748633007855291659,0,0
hemang.khurana,2747395894683992129,0,0
hemang.khurana,2739418834411072405,0,1
hemang.khurana,2738708454705568466,0,1
hemang.khurana,2731178134499033876,0,0
hemang.khurana,2725666172279231257,0,1
hemang.khurana,2724958369369783327,0,1
lusca.py,2662209408069512972,0,0
lusca.py,2652812329610024798,1,0
lusca.py,2636852790062696910,0,0
lusca.py,2614360306337783322,0,0
lusca.py,2562887862847432193,1,0
lusca.py,2553424492389935519,0,0
lusca.py,2388244252196790895,0,0
lusca.py,2279389318005894482,0,0
lusca.py,2275935240940463517,0,0
lusca.py,2275906213924291138,0,0
lusca.py,2211286455960420057,0,0
lusca.py,2209904037797969658,0,0
cybernotesdev,2744936775467913377,0,0
cybernotesdev,2742026362552549628,0,0
cybernotesdev,2651805686105660238,0,0
cybernotesdev,2639720295483813435,0,0
cybernotesdev,2617919490774785866,0,0
cybernotesdev,2617163253048942797,0,0
cybernotesdev,2608617254336713036,0,0
cybernotesdev,2606545990654712032,0,0
cybernotesdev,2604190156406824588,0,0
cybernotesdev,2601401230734559902,0,0
cybernotesdev,2599999550918864921,0,0
cybernotesdev,2597780723543900217,0,0
_developer_dude,2349953547015310959,0,0
_developer_dude,2349282632287945442,0,0
_developer_dude,2338469992527723471,0,0
_developer_dude,2331385891974874356,0,0
_developer_dude,2329875469813840164,0,0
_developer_dude,2329184690198019732,0,0
_developer_dude,2328474561982927066,0,0
_developer_dude,2327044987126305023,0,0
_developer_dude,2326298284446313069,0,0
_developer_dude,2325545422380514459,0,0
_developer_dude,2324814030285667545,0,0
_developer_dude,2324081060360557765,0,0
prognemus,1692560974966783438,1,0
prognemus,1686549155630325412,1,0
prognemus,1659563289091590424,1,0
prognemus,1659475868438124174,1,0
prognemus,1658904040602637307,1,0
prognemus,1658775802727606861,0,0
prognemus,1658103572188306821,0,0
prognemus,1658023528543778896,1,0
prognemus,1658012916367248522,1,0
prognemus,1657969288534049058,1,0
prognemus,1657461389642768319,1,0
prognemus,1657449221539227281,1,0
profpedrodias,2757808346724649320,0,0
profpedrodias,2599803635640377378,0,0
profpedrodias,2591067265916749332,0,0
profpedrodias,2586026690402399842,0,0
profpedrodias,2575116073873321159,0,0
profpedrodias,2567734247655506335,0,0
profpedrodias,2513357288750480610,0,0
profpedrodias,2416455124057534474,0,0
profpedrodias,2254039049605826857,0,0
profpedrodias,2252550805672260515,0,0
profpedrodias,2250356746157418594,0,0
profpedrodias,2248945190215482180,0,0
willian_medeiros_wil,2799595783832286737,0,1
willian_medeiros_wil,2799260732606657333,0,0
willian_medeiros_wil,2780010039258373825,0,1
willian_medeiros_wil,2764046165312293148,0,0
willian_medeiros_wil,2762149394701429166,0,0
willian_medeiros_wil,2760818083931779927,0,0
willian_medeiros_wil,2668409813796428552,0,0
willian_medeiros_wil,2594447544228969535,0,0
willian_medeiros_wil,2586509801536362177,0,0
willian_medeiros_wil,2585186690077579670,0,0
willian_medeiros_wil,2541890425479091173,0,0
willian_medeiros_wil,2416264772365620194,0,0
dibyanshu_da_vinci,2777317881455885978,1,0
dibyanshu_da_vinci,2753531771428276369,0,0
dibyanshu_da_vinci,2752172602392318738,0,1
dibyanshu_da_vinci,2700679301700855708,0,1
dibyanshu_da_vinci,2675096072619050297,0,0
dibyanshu_da_vinci,2452151440852954664,0,0
dibyanshu_da_vinci,2196481356794478228,0,0
dibyanshu_da_vinci,2193728773172522546,0,0
dibyanshu_da_vinci,2193724951968834842,0,0
dibyanshu_da_vinci,2193302227286774534,0,0
dibyanshu_da_vinci,2192206307098910383,0,0
dibyanshu_da_vinci,1965809947740562065,0,0
hypergamenest,2450246321624172364,0,0
hypergamenest,2449589382032481749,0,0
hypergamenest,2449589002397777790,0,0
hypergamenest,2441394094402723038,0,0
hypergamenest,2440746756234243233,0,0
hypergamenest,2385274383932822484,1,0
nextlevel_tech,2504089122508877903,0,0
nextlevel_tech,2427996442791757312,0,0
nextlevel_tech,2406175765344375348,0,0
nextlevel_tech,2376487011386282023,1,0
nextlevel_tech,2366379684444293954,0,0
nextlevel_tech,2341307940662853701,0,0
nextlevel_tech,2329351253290731459,0,0
nextlevel_tech,2324902664594438650,0,0
nextlevel_tech,2324738366316469262,1,0
nextlevel_tech,2319973068107166217,0,0
nextlevel_tech,2319958162096140473,0,0
nextlevel_tech,2319953287014749768,0,0
victorjbarahona,2588610826876184993,0,0
victorjbarahona,2583451647651851294,0,0
victorjbarahona,2564964569628616824,0,0
victorjbarahona,2561991504221377622,0,0
victorjbarahona,2559834413159163676,0,0
victorjbarahona,2556774563801998798,0,0
victorjbarahona,2553124854357226433,0,0
victorjbarahona,2549482330149140108,0,0
victorjbarahona,2537909027915742279,0,0
victorjbarahona,2529400590412051696,0,0
victorjbarahona,2511153374803476133,0,0
victorjbarahona,2496591191750823025,0,0
simplivllc,2647376017033882222,0,0
simplivllc,2646553897412785485,0,0
simplivllc,2616110023754267921,0,0
simplivllc,2614262854433831907,0,0
simplivllc,2612497521686327709,0,0
simplivllc,2611123903616367531,0,0
simplivllc,2601502912122591285,0,0
simplivllc,2600739198922480986,0,0
simplivllc,2599163303505876015,0,0
simplivllc,2504487231844964765,0,0
simplivllc,2501077169663225849,0,0
simplivllc,2501047213047772962,0,0
wirelessbhai,2637919429249609685,0,1
wirelessbhai,2569179833620705691,0,1
wirelessbhai,2568819600947896277,0,1
wirelessbhai,2544586282311842707,0,1
wirelessbhai,2542389429549800280,0,0
wirelessbhai,2533533276258601003,0,1
wirelessbhai,2533068464495857631,0,1
wirelessbhai,2533009216045393973,0,0
wirelessbhai,2531505744579486755,0,1
wirelessbhai,2521926746850476257,0,1
wirelessbhai,2506064045258573602,0,1
wirelessbhai,2452949506678205066,0,1
all_about_blockchain,1765165361642152397,1,0
all_about_blockchain,1752812641149175308,1,0
all_about_blockchain,1752811831891641677,0,0
all_about_blockchain,1752811045728037355,0,0
all_about_blockchain,1752808758037387337,0,0
all_about_blockchain,1678524928402865011,1,0
all_about_blockchain,1677490557898126109,1,0
all_about_blockchain,1673515729377770240,1,1
all_about_blockchain,1673508001557096396,1,0
all_about_blockchain,1672058909706541014,1,0
all_about_blockchain,1672054315358201365,1,0
all_about_blockchain,1671314608341043166,1,0
programming__is__life,1867395411573451410,0,0
programming__is__life,1794850653143833423,0,0
programming__is__life,1784075765676489991,0,0
programming__is__life,1741254804951568505,0,0
programming__is__life,1734652967980081639,0,0
programming__is__life,1722405116840394047,0,0
programming__is__life,1705263643976080865,0,0
programming__is__life,1682193076226150603,1,0
programming__is__life,1670915857495412480,1,0
programming__is__life,1669683857157549962,0,0
programming__is__life,1669586681224118060,0,0
programming__is__life,1669533707600844794,0,0
technical_utkarshji,2647816733867743758,0,1
technical_utkarshji,2647083292587082409,0,0
technical_utkarshji,2646731613568221004,0,0
technical_utkarshji,2645171926133485759,0,0
technical_utkarshji,2643462598372576337,0,0
technical_utkarshji,2642219957647547201,0,0
technical_utkarshji,2640894430187851751,0,0
technical_utkarshji,2640597336879249934,0,1
technical_utkarshji,2639079543008656767,0,0
technical_utkarshji,2638304129487154115,0,0
technical_utkarshji,2637657520256574919,0,0
technical_utkarshji,2637252941047990579,0,1
abandonedtower_escape,2634544929883496400,0,1
abandonedtower_escape,2626552955402332195,0,1
abandonedtower_escape,2625041401879035421,0,0
abandonedtower_escape,2623758199405587821,0,1
abandonedtower_escape,2618628985849161327,0,1
abandonedtower_escape,2613398940201450977,0,1
abandonedtower_escape,2612610227598820880,0,1
abandonedtower_escape,2609148816632432402,1,1
abandonedtower_escape,2607041978852058164,0,1
abandonedtower_escape,2605529787179081824,0,1
abandonedtower_escape,2603908926719586036,0,1
abandonedtower_escape,2602456473201303603,0,1
blessingartcreator,2471445270366628196,0,0
blessingartcreator,2462014474585142718,0,0
blessingartcreator,2345139077034903036,0,0
blessingartcreator,2334329157716961773,0,0
blessingartcreator,2334254455501690074,0,0
blessingartcreator,2324720150412841961,0,0
blessingartcreator,2309700110047434952,0,0
blessingartcreator,2303911608466591522,0,0
blessingartcreator,2301149465287749934,0,0
blessingartcreator,2300452550053155131,0,0
blessingartcreator,2298050573704738464,0,0
blessingartcreator,2296703318934480253,0,0
mackscodes,2396946652804950314,0,0
mackscodes,2386750571018434119,0,0
mackscodes,2368656749151448814,0,0
mackscodes,2293285116589381173,0,0
mackscodes,2289608797557238071,0,0
mackscodes,2281464299375506006,0,0
mackscodes,2272846826099069070,0,0
mackscodes,2202599300788312318,0,0
mackscodes,2155355086614867546,0,0
mackscodes,2154604198816162544,0,0
mackscodes,2119376808326672334,0,0
mackscodes,2114861433283075026,0,0
willy_agustino_efendi,2630078252873853513,0,1
willy_agustino_efendi,2630073234934211203,0,1
willy_agustino_efendi,2574726410027792042,0,0
willy_agustino_efendi,2416097815569425441,0,0
willy_agustino_efendi,2415267864603568209,0,1
willy_agustino_efendi,2379837142460097740,0,0
willy_agustino_efendi,2340846388631085941,0,0
willy_agustino_efendi,2178370570840524981,0,0
willy_agustino_efendi,2178035230573583747,0,0
willy_agustino_efendi,2173318453633241669,0,0
willy_agustino_efendi,2107721737366754720,0,0
willy_agustino_efendi,2059311642248046092,0,0
ibenkind,2639115261569911755,0,0
ibenkind,2636608160217758263,0,0
ibenkind,2636124151142603128,0,0
ibenkind,2635282360931706763,0,0
ibenkind,2634682742971784819,0,0
ibenkind,2633196623688063981,0,0
ibenkind,2632965752150137330,0,0
ibenkind,2631853820450001958,0,0
ibenkind,2630117814415680262,0,0
ibenkind,2627403962070653745,0,0
ibenkind,2624957681381559893,0,0
ibenkind,2624570886391292296,0,0
panicatthehodl,1811674333702009071,1,0
panicatthehodl,1779464544293337786,1,0
panicatthehodl,1725534927589519781,1,0
panicatthehodl,1725532958800024615,1,0
panicatthehodl,1699595715187189036,1,0
panicatthehodl,1693148146093409804,1,0
panicatthehodl,1692125571187863487,0,0
panicatthehodl,1691827439455662993,0,0
panicatthehodl,1690988499894962709,0,0
panicatthehodl,1689230672801299964,1,0
panicatthehodl,1688834877505529950,1,0
panicatthehodl,1688737174146598825,0,0
mg.ostrander,2580856673195557325,1,0
mg.ostrander,2559876382553559745,1,0
mg.ostrander,2312058268375530265,1,0
mg.ostrander,2211402775693507691,0,0
mg.ostrander,2210724367707793481,0,0
mg.ostrander,2204060757858264994,1,0
mg.ostrander,2160652605938992551,1,0
mg.ostrander,2160109690221247350,1,0
mg.ostrander,2157881008614314475,1,0
mg.ostrander,2155785431955142592,1,0
mg.ostrander,2149688527309601160,1,0
mg.ostrander,2128576431310323119,1,0
charlesdesouzaferreira,2357489640818535874,0,0
charlesdesouzaferreira,2346339994401284483,0,0
charlesdesouzaferreira,2212121195099568577,0,0
charlesdesouzaferreira,2199899266670191643,0,1
charlesdesouzaferreira,2179922246959936315,0,1
charlesdesouzaferreira,2118276609286319800,0,1
charlesdesouzaferreira,2110719917761703533,0,0
charlesdesouzaferreira,2102052154922849472,0,0
charlesdesouzaferreira,2101292045980298631,0,0
charlesdesouzaferreira,2100522783280074262,0,0
charlesdesouzaferreira,2017548296004134147,0,0
charlesdesouzaferreira,1979090680450153181,0,1
jotadepaulac,2610439044370631452,0,0
jotadepaulac,2538025414606451026,0,0
jotadepaulac,2522774513457274430,0,1
jotadepaulac,2520732602521111870,0,0
jotadepaulac,2439630507294910495,0,0
jotadepaulac,2201366434234688145,0,0
jotadepaulac,2047301863610951067,0,0
jotadepaulac,1911750669019170640,0,0
jotadepaulac,1873462031791659458,0,0
jotadepaulac,1870566073084704581,0,0
jotadepaulac,1841520671245408361,0,0
jotadepaulac,1788103987461791414,0,0
matthewtso,1147648958714862573,1,0
matthewtso,1144592640978442819,0,0
matthewtso,1142360632793488159,0,0
matthewtso,1129921128191220653,0,0
matthewtso,1105413203489971098,0,0
matthewtso,1074121156225391613,0,0
matthewtso,1041716339331029132,0,0
matthewtso,1040130790631660471,0,0
matthewtso,1039268709795617417,0,0
matthewtso,950965255042488332,0,1
matthewtso,945767214492670635,0,1
matthewtso,939634283604859263,0,0
rajathans,2647163382167513624,1,1
rajathans,2643924512131173402,1,0
rajathans,2604639993041297712,0,0
rajathans,2543136739153729791,0,0
rajathans,2203936870163925959,0,1
rajathans,1963055956921249935,0,0
rajathans,1963038514547361560,1,0
rajathans,1863796992652940159,0,0
rajathans,1768091234041587291,1,0
rajathans,1754315255331435698,0,0
rajathans,1753447702489021388,0,0
rajathans,1725284379942527698,0,0
fabribranca,1946784870814559297,0,0
fabribranca,1946784494484737498,0,0
fabribranca,1946775895876533812,0,0
fabribranca,1445689090778586931,1,0
fabribranca,1416105947692137496,1,0
fabribranca,1377035320306098668,1,0
fabribranca,1363025678974414455,0,0
fabribranca,1342893584587937137,0,0
fabribranca,1319062211725015443,0,0
fabribranca,1245187300099748007,0,0
fabribranca,1216535724288242625,0,0
fabribranca,1071940357820117427,0,0
raisedadead,2645675227397049678,0,0
raisedadead,2526869344405127557,0,0
raisedadead,2522544442646575008,0,0
raisedadead,2500066593821977510,0,1
raisedadead,2464697329883853723,0,0
raisedadead,2210891326526156494,0,0
raisedadead,2205954219399500520,0,0
raisedadead,2205954114281884103,0,0
raisedadead,2205929976548820508,0,0
raisedadead,2152268874691114791,0,1
raisedadead,2124035760209736631,0,0
raisedadead,2124035463479428585,0,0
instashrex,2334376121146852611,0,1
instashrex,2328503299275222487,0,1
instashrex,2326341180148652768,0,0
instashrex,2321039528109762027,0,0
instashrex,2294254492278619367,0,0
instashrex,2278522274948439666,0,0
instashrex,2264600209585576274,0,0
instashrex,2264042563203560108,0,0
instashrex,2261995967834206697,0,0
instashrex,2261647989801913704,0,0
instashrex,2261012639089799645,0,0
instashrex,2260492177301809977,0,0
aisha_eldeeb,2646798264967805695,0,1
aisha_eldeeb,2641737224781196898,0,0
aisha_eldeeb,2641506857793093301,0,1
aisha_eldeeb,2641038400861250098,0,1
aisha_eldeeb,2641016712954156173,0,0
aisha_eldeeb,2637264972133887613,0,1
aisha_eldeeb,2636743766260682312,0,0
aisha_eldeeb,2636028719511260587,0,0
aisha_eldeeb,2603374046322418264,0,0
aisha_eldeeb,2487224526027537570,0,0
aisha_eldeeb,2356747711019206772,0,0
aisha_eldeeb,2348871854317527211,0,0
allejome,2652782091798217236,0,0
allejome,2631234253172340651,0,0
allejome,2618236566414638261,0,0
allejome,2599880647976952889,0,0
allejome,2593987904805495224,0,0
allejome,2589163143143213933,0,0
allejome,2576673926240625538,0,0
allejome,2560035544437795762,0,0
allejome,2539084257332333251,0,0
allejome,2514515437511147022,1,0
allejome,2468046776823091586,0,0
allejome,2433162536755391397,0,0
mesingh9,2508118050386294776,0,0
mesingh9,2354676798367140323,0,0
mesingh9,2340349579729613891,0,0
mesingh9,2340341107789307962,0,0
mesingh9,2339879488923817691,0,1
mesingh9,2176158834824094428,0,0
mesingh9,2170334701624232543,0,0
mesingh9,2170334482664871531,0,0
mesingh9,2165396393500655976,0,0
mesingh9,2165382866744488162,0,0
mesingh9,2058024428771869229,1,0
mesingh9,2045085847937885481,0,0
anurag_hazra,2642458818520785267,0,0
anurag_hazra,2609099153632675282,0,0
anurag_hazra,2595279322013770430,0,0
anurag_hazra,2594594309031094445,0,0
anurag_hazra,2593086705666690102,0,0
anurag_hazra,2591628143521648853,0,0
anurag_hazra,2579986652189605183,0,0
anurag_hazra,2579330710331414029,0,0
anurag_hazra,2552527330811576641,0,0
anurag_hazra,2547387583093094927,0,0
anurag_hazra,2545800060998985812,0,0
anurag_hazra,2539451476893082013,0,0
pedro.b.torres,2577224034199964408,1,0
pedro.b.torres,2433662662040935822,0,0
pedro.b.torres,2410527308853372318,0,0
pedro.b.torres,2398875827092011103,0,0
pedro.b.torres,2387947556284158309,0,0
pedro.b.torres,2378691233155896212,0,0
pedro.b.torres,2369885400027983735,0,0
pedro.b.torres,2368358477918004038,0,0
pedro.b.torres,2326372545765638438,0,0
pedro.b.torres,2219789698045745832,1,0
pedro.b.torres,2047307395848665769,0,0
pedro.b.torres,2040090126512859248,1,0
yukisww,2055772548798213492,1,1
yukisww,2014380566884807147,1,1
yukisww,2004753126042377531,1,0
yukisww,1999839701440950908,1,1
yukisww,1959262687046957739,1,0
yukisww,1953472408859836405,1,0
yukisww,1941304490441088428,1,0
yukisww,1923469829988077831,1,0
yukisww,1915759969645344901,1,0
yukisww,1911505040068043282,1,1
yukisww,1908630105259547484,1,1
yukisww,1907830080082398951,1,1
lucky_underdog,2634709325178565728,0,0
lucky_underdog,2626554149196432538,0,0
lucky_underdog,2626551317487504460,0,0
lucky_underdog,2586131109631720824,0,0
lucky_underdog,2574519272356009928,0,0
lucky_underdog,2543312898834136517,0,0
lucky_underdog,2539780007430743477,0,1
lucky_underdog,2514138441412664205,0,1
lucky_underdog,2514130354041641806,0,0
lucky_underdog,2509934733609036168,0,0
lucky_underdog,2472323770580027268,0,0
lucky_underdog,2471508309833677668,0,1
nicolauale,2623648141759622280,0,0
nicolauale,2605475267613931203,0,0
nicolauale,2599230017123745826,0,0
nicolauale,2580252808380065180,0,0
nicolauale,2507033794423361133,0,0
nicolauale,2410542297046447218,0,0
nicolauale,2341487534401627797,0,1
nicolauale,2325905588524172552,0,0
nicolauale,2200364735362641042,0,0
nicolauale,2175019748823403413,0,0
nicolauale,2167766619144993133,0,0
nicolauale,2166214428374526343,0,0
robingiel,2589469064295273145,0,0
robingiel,2588147806534350466,0,0
robingiel,2567525948965512222,0,0
robingiel,2541729556984699514,0,0
robingiel,2527994757782475308,0,0
robingiel,2527993525982590543,0,0
robingiel,2527992755942036310,0,0
robingiel,2504710576721906763,0,0
robingiel,2501840529770994261,0,0
robingiel,2479841474194995833,0,0
robingiel,2463369937241885169,0,0
robingiel,2437359444596439482,0,1
aideenfay,2540026366857874325,0,0
aideenfay,2536432041385277606,0,0
aideenfay,2533876783601891164,0,0
aideenfay,2532269659914394003,0,0
aideenfay,2529357290473139720,0,0
aideenfay,2519139879333615933,0,0
aideenfay,2503463248090636967,0,0
aideenfay,2490400306260689867,0,0
aideenfay,2486007334522053723,0,0
aideenfay,2482406740351672320,0,0
aideenfay,2478456693549311165,0,0
aideenfay,2475572955551284473,0,0
mrm7moud,1815941616033494950,1,0
mrm7moud,1737357807546837873,0,0
mrm7moud,1713438214326737735,0,0
mrm7moud,1711105129656442976,1,0
mrm7moud,1680806639307175706,0,1
mrm7moud,1677852670943322422,0,0
mrm7moud,1661225065272303580,1,0
mrm7moud,1650232201075578115,0,0
mrm7moud,1633729161132832129,0,0
mrm7moud,1632925482624509835,0,0
mrm7moud,1632010651436556467,0,0
mrm7moud,1630694539188833884,0,0
marcosqueiroz.dev,2643117001617103540,0,0
marcosqueiroz.dev,2641736962061237107,0,0
marcosqueiroz.dev,2634428378046635275,0,0
marcosqueiroz.dev,2616843390216455408,0,0
marcosqueiroz.dev,2504445326585587804,0,0
marcosqueiroz.dev,2483484948041224269,0,0
marcosqueiroz.dev,2461719418636851673,0,0
marcosqueiroz.dev,2457542322188384637,0,0
marcosqueiroz.dev,2457536594505497805,0,0
ddanawoski,2510582648651292390,0,0
ddanawoski,2400761367890996731,0,0
ddanawoski,2356151370028842567,1,0
ddanawoski,2340265455582460112,0,0
ddanawoski,2059502277736997988,0,0
ddanawoski,1914221664435067980,0,0
ddanawoski,1871860644660390798,0,0
ddanawoski,1847616096740689026,0,0
ddanawoski,1812123984792634282,0,0
ddanawoski,1807677798853538672,0,0
ddanawoski,1714826888881725684,0,0
ddanawoski,1700962676166168301,0,0
hazem_allaham,2514269471268690589,0,0
hazem_allaham,2501248361531005834,0,0
hazem_allaham,2499834145527883493,0,0
hazem_allaham,2452570922475678122,0,0
hazem_allaham,2377784331398749246,0,0
hazem_allaham,2370319548474939435,0,0
hazem_allaham,2369818987149315027,0,0
hazem_allaham,2317801803838615048,0,0
hazem_allaham,2264690882836058219,0,0
hazem_allaham,2264687950883245935,0,0
hazem_allaham,2263858306999317681,0,0
hazem_allaham,2261150366198578449,0,0
apurba___roy,2381377206783048726,1,0
apurba___roy,2371254290527407440,1,0
apurba___roy,2190500225771275693,1,0
ipucu3d,2453949162097461968,0,0
ipucu3d,2407646603554640010,0,0
ipucu3d,2373540673024408384,0,1
ipucu3d,2317091927877252192,0,1
ipucu3d,2317091532840939316,0,0
ipucu3d,2316395657793656519,0,0
ipucu3d,2280793647707251617,0,0
ipucu3d,2276519930894299056,0,0
ipucu3d,2275155653835033988,0,0
ipucu3d,2201000741544390195,0,0
ipucu3d,2181595140447935019,0,0
ipucu3d,2178667677753350537,0,1
barbaadman,2423560048809469315,0,0
barbaadman,2421115294568589529,0,0
barbaadman,2418215511193456457,0,0
barbaadman,2417386075925638493,0,0
barbaadman,2416752146956773289,0,0
barbaadman,2416676723119906765,0,0
barbaadman,2416674369612213200,0,0
barbaadman,2416334794826092358,0,0
barbaadman,2416170912195069633,0,0
barbaadman,2416169054185492732,0,0
barbaadman,2416167951956110349,0,0
barbaadman,2416033696504588269,0,0
mohmmeddalsaad,2635675869827387150,0,0
mohmmeddalsaad,2596791617706559554,0,1
mohmmeddalsaad,2587906181227664787,0,0
mohmmeddalsaad,2572269654804179492,0,0
mohmmeddalsaad,2547278861928567255,0,0
mohmmeddalsaad,2547277884597076790,0,0
mohmmeddalsaad,2547277009262497180,0,0
mohmmeddalsaad,2505822225439280718,0,0
mohmmeddalsaad,2504094427884896447,0,0
mohmmeddalsaad,2483445546532447070,0,0
mohmmeddalsaad,2401688308386927033,0,0
mohmmeddalsaad,2400849451747698831,0,0
mariana.lzz,2616026701455891351,0,0
mariana.lzz,2472185046767756803,0,0
mariana.lzz,2294778852840261410,0,0
mariana.lzz,2268087591890730803,0,0
mariana.lzz,2267308946146205326,0,0
mariana.lzz,2252072569712640056,0,0
mariana.lzz,2245623401682895150,0,0
mariana.lzz,2235200623410535229,0,0
mariana.lzz,2211158384380238718,0,0
mariana.lzz,2188039005434321516,0,0
mariana.lzz,2178909645993650187,0,0
mariana.lzz,2173447437272581807,0,0
yogurts_kitchen,2651329535729807207,0,0
yogurts_kitchen,2651204940943234998,0,0
yogurts_kitchen,2644729303013274478,0,0
yogurts_kitchen,2644726939950806182,0,0
yogurts_kitchen,2631133560155408340,0,0
yogurts_kitchen,2624946250628473313,0,0
yogurts_kitchen,2620976870383340975,0,0
yogurts_kitchen,2618785654606630343,0,0
yogurts_kitchen,2594657581862451768,0,0
yogurts_kitchen,2594026933636046875,0,0
yogurts_kitchen,2591987969786100217,0,0
yogurts_kitchen,2586197729817228114,0,0
kasoftware,2467694314586059986,0,0
kasoftware,2462564224176998264,0,0
kasoftware,1968962840930124504,0,0
kasoftware,1924854730615698960,0,0
kasoftware,1913892141878667500,0,0
kasoftware,1910212101869579928,0,0
kasoftware,1909429713388214082,0,0
kasoftware,1902524678795517190,0,0
kasoftware,1892828180383681250,0,0
kasoftware,1891974836224145803,0,0
kasoftware,1891255855016274218,0,0
kasoftware,1891233892038110258,0,0
isradeleon_,2232136716230096814,0,0
isradeleon_,2226406202655529456,1,0
isradeleon_,2222857540555166037,1,1
isradeleon_,2219329466201586560,1,0
isradeleon_,2219085119707275527,0,1
isradeleon_,2215551258247482759,1,0
isradeleon_,2214878051785903822,1,0
isradeleon_,2148345844020261969,1,0
isradeleon_,2141711565703697921,1,0
isradeleon_,2135939192589355899,1,0
isradeleon_,2126596706318167484,0,0
isradeleon_,2124922930836865045,0,0
code__zed,2207821291384240938,0,0
code__zed,2206892861406850468,0,0
code__zed,2189673957664329087,0,0
code__zed,2034502530230430556,0,0
code__zed,2015996143645196385,0,0
code__zed,2014800843190384536,0,0
code__zed,2008924267810869845,0,0
code__zed,2006101673612961860,0,0
code__zed,2000464064970966998,0,0
code__zed,1990219037795650781,0,0
code__zed,1986676354019831528,0,0
code__zed,1980734640100828353,0,0
kaiquecodes,2649060967421733472,0,0
kaiquecodes,2648299646392509370,0,0
icode.js,2614831535593685589,0,0
icode.js,2614069915779100938,0,0
icode.js,2611890513997812822,0,0
icode.js,2610500614580859491,0,1
icode.js,2607531484856985056,0,0
icode.js,2606573790843343954,1,1
icode.js,2605344329258804362,0,0
icode.js,2604620928974199033,0,0
icode.js,2602240420525043509,0,0
icode.js,2599558618953829598,0,0
icode.js,2598854946334165284,0,0
icode.js,2596676674406010367,1,1
tirtharaj_sinha,2615756608609109002,0,0
tirtharaj_sinha,2615656234091011088,0,0
tirtharaj_sinha,2605486127536568396,0,0
tirtharaj_sinha,2514911289730797802,0,0
tirtharaj_sinha,2501132764322254414,0,0
tirtharaj_sinha,2477630403755111540,0,0
tirtharaj_sinha,2476485001794058574,0,0
tirtharaj_sinha,2471920688441891930,0,0
tirtharaj_sinha,2450351543279833444,0,0
tirtharaj_sinha,2427882583645006640,0,0
tirtharaj_sinha,2420523527280519301,0,0
tirtharaj_sinha,2405153391908451547,0,0
japangled,2657524227265094869,0,0
japangled,2657019138196674845,0,1
japangled,2655859716800039295,0,1
japangled,2655334107426510197,0,0
japangled,2655304513163949771,0,0
japangled,2653232037302910974,0,0
japangled,2608033942553342849,0,0
japangled,2574355258869130370,0,1
japangled,2571729073727295207,0,0
japangled,2561330592059537725,0,1
japangled,2561233982633888875,0,0
japangled,2559596782364332494,0,1
seyedalifazel,2405419078551376861,0,0
seyedalifazel,2403247921882542613,0,0
seyedalifazel,2195315489230812620,1,0
seyedalifazel,2189886014200343122,0,0
seyedalifazel,2116809585124849464,0,0
seyedalifazel,2042968721336659885,0,1
seyedalifazel,2011941199069566640,1,1
seyedalifazel,1976393107005915456,1,0
nuvias_dach,2652907134836839447,0,1
nuvias_dach,2643602433944048235,0,1
nuvias_dach,2626920468667669594,0,1
nuvias_dach,2621217863671693953,0,0
nuvias_dach,2537404424646538561,0,0
nuvias_dach,2532069611324310232,0,0
nuvias_dach,2527642360964240399,0,0
nuvias_dach,2521262014064732949,0,0
nuvias_dach,2514866730694853488,0,0
nuvias_dach,2500856425304037907,0,0
nuvias_dach,2446032349868068101,0,0
nuvias_dach,2192214047536661673,0,0
devgemmy,2643220596418980929,0,0
devgemmy,2638156746780162969,0,1
devgemmy,2633115284689209312,0,0
devgemmy,2609900216329918202,0,0
devgemmy,2595907532544262355,0,0
devgemmy,2594758822594558258,0,0
devgemmy,2582999906386792051,0,0
devgemmy,2544564085308827379,0,0
devgemmy,2538873790739104809,0,0
devgemmy,2520380230788238816,0,0
devgemmy,2517051336458810979,0,0
devgemmy,2511307960447090344,0,0
brtindia,2600974383034218193,0,0
brtindia,2581898375260922181,0,0
brtindia,2576977178513481132,0,0
brtindia,2571750742080895098,0,0
brtindia,2567579772361391497,0,0
brtindia,2561615478106059041,0,0
brtindia,2557274938026602545,0,0
brtindia,2536351693082646750,0,0
brtindia,2524782440181216679,0,0
brtindia,2514165203412185017,0,0
brtindia,2491295399336315322,0,0
brtindia,2490713600742668502,0,0
ganindudj,2445723247824963383,0,0
ganindudj,2166233188857636074,0,0
garrycodes,2456324197270649435,0,0
garrycodes,2427924541960480130,0,0
garrycodes,2427924385932275958,0,0
garrycodes,2196724930941466471,0,0
garrycodes,2150434125436289885,0,0
garrycodes,1984359823386752091,0,0
garrycodes,1932225084630996222,0,0
garrycodes,1930740366966075067,0,0
garrycodes,1897025335082801100,1,0
garrycodes,1892768181191464012,1,0
garrycodes,1890663816976795297,1,0
garrycodes,1888687220816541656,1,0
arashsofteai,2637682361156597806,0,1
arashsofteai,2619030290078372351,0,1
arashsofteai,2258777367727968767,0,1
arashsofteai,1979078570162504807,0,1
arashsofteai,1977837194095508718,0,1
arashsofteai,1956035778712468866,0,1
arashsofteai,1934183018210128036,0,0
arashsofteai,1929216306897476997,0,0
arashsofteai,1922855062099643479,0,0
b_the_dzainer,2319111408622673615,1,0
b_the_dzainer,2311018232548507423,0,0
b_the_dzainer,2309369289469158476,1,0
b_the_dzainer,2301708714983349041,0,0
b_the_dzainer,2295182046466747092,0,0
b_the_dzainer,2292271089616851021,0,1
b_the_dzainer,2165270175157514455,0,0
b_the_dzainer,2124620161779747039,0,0
b_the_dzainer,2110190716033650081,0,0
b_the_dzainer,2099425426366642905,0,0
b_the_dzainer,1914676242314194371,1,1
b_the_dzainer,1913702484149569695,1,0
pouyaazi,2627632803547574129,0,1
pouyaazi,2619173692124388097,0,1
pouyaazi,2615953836411224137,0,1
pouyaazi,2613847075561792657,0,1
pouyaazi,2612800840176422034,0,1
pouyaazi,2610593994578511353,0,0
pouyaazi,2609133954210372872,0,0
pouyaazi,2605660774882668942,0,0
pouyaazi,2602462730171317136,0,0
pouyaazi,2600765178791251232,0,0
pouyaazi,2600485216330858350,0,0
pouyaazi,2599714086804413366,0,0
hstcloud,1932077532732415710,1,0
hstcloud,1927802205809945107,0,0
hstcloud,1927039301372395623,0,1
hstcloud,1926311441796092667,0,0
hstcloud,1924128014917394900,0,0
hstcloud,1922611273674502702,0,0
hstcloud,1922521422019107971,0,0
hstcloud,1922146863868758165,0,0
hstcloud,1921890467457544441,0,0
hstcloud,1921334860941895749,0,0
hstcloud,1921192459581555297,0,0
hstcloud,1919087696731710216,0,0
magnumware,1910229814439503147,0,0
magnumware,1908784761636405635,0,0
magnumware,1907979832831273856,0,0
magnumware,1906576279042538569,0,0
magnumware,1905992208721748877,0,0
magnumware,1905817206084926745,0,0
magnumware,1905368477070549572,0,0
magnumware,1905365516806331354,0,0
magnumware,1905333302613812777,0,0
magnumware,1905325611183178743,0,0
magnumware,1905290549871986033,0,0
magnumware,1902218421841784757,0,0
109.0.0.0,2212034254847038842,0,1
109.0.0.0,2211047562010876047,0,0
109.0.0.0,2206188710555666072,0,1
webmasterycom,1970349050022442983,1,0
webmasterycom,1967158706489616420,1,0
webmasterycom,1966237609597274176,1,0
webmasterycom,1964487202622595472,1,0
webmasterycom,1963604050953650302,1,0
webmasterycom,1962990117716877414,1,0
webmasterycom,1962412061633623728,1,0
webmasterycom,1961420292706485443,1,0
webmasterycom,1960851158740138367,1,0
webmasterycom,1959694384578321072,1,0
webmasterycom,1957939566997727919,1,0
webmasterycom,1957796415661071913,1,0
sokecillo,2553853621108527012,0,0
sokecillo,2533724619710738105,0,0
sokecillo,2364623909583622250,0,0
sokecillo,1997108693417974120,1,0
sokecillo,1953362858696050099,0,0
sokecillo,1934504981399254925,0,0
sokecillo,1915268621484209735,0,0
sokecillo,1870536580399387620,0,0
sokecillo,1869678778181396623,0,0
sokecillo,1867613959592748238,0,0
sokecillo,1803958696537468536,0,0
sokecillo,1748715873365175295,0,0
equinox.ua,2019731215288242185,1,0
equinox.ua,2019729376582635826,1,1
equinox.ua,2019728482701038549,1,1
equinox.ua,2019727080989813912,1,1
equinox.ua,2019726485195524248,1,0
equinox.ua,2019721524426176951,1,1
equinox.ua,2019719153428081460,1,1
equinox.ua,2019717967564224919,1,1
equinox.ua,2019717524912235722,1,0
equinox.ua,2019713175611899217,1,0
equinox.ua,2019711431704185516,1,0
equinox.ua,2019710430649663507,1,0
minisoft_4_you,2179660128244957813,0,0
minisoft_4_you,2148758448896935320,0,0
minisoft_4_you,2134772924444116418,0,0
minisoft_4_you,2133338795337033930,0,0
minisoft_4_you,2127555408701427943,0,0
minisoft_4_you,2126299058122152914,0,0
minisoft_4_you,2118766733415019028,0,0
minisoft_4_you,2051693269474977319,1,0
minisoft_4_you,2049224834295802341,1,0
minisoft_4_you,2041406099014670830,0,0
minisoft_4_you,2039823227371808100,1,0
minisoft_4_you,2037509830043099132,0,0
salakhidd1n_,2161129161945553909,1,0
salakhidd1n_,2157553184967597385,1,0
salakhidd1n_,2132600006350376242,0,0
salakhidd1n_,2081341032691237180,0,0
salakhidd1n_,2001006657928294128,0,0
salakhidd1n_,1993915397446939628,0,0
salakhidd1n_,1990837292364943750,0,0
salakhidd1n_,1965514747541700386,0,0
salakhidd1n_,1965514214370038248,0,0
salakhidd1n_,1965513536411090102,0,0
salakhidd1n_,1868156860965945222,0,0
salakhidd1n_,1866932416113225463,0,1
aiservice2018,2658228974113383819,0,0
aiservice2018,2657449163651582452,0,1
aiservice2018,2656709520681450642,0,1
aiservice2018,2654557992759111745,0,0
aiservice2018,2653809578754393426,0,0
aiservice2018,2652994051530093844,0,0
aiservice2018,2652342567225361185,0,1
aiservice2018,2651606630603387387,0,0
aiservice2018,2649453328666038736,0,0
aiservice2018,2648725746324204038,0,0
aiservice2018,2648002720456618150,0,0
aiservice2018,2647274296469886674,0,1
alanabreu.dev,2653424628239742148,0,0
alanabreu.dev,2649573610708265122,0,1
alanabreu.dev,2642954793787381873,0,1
alanabreu.dev,2642670221215536483,0,1
alanabreu.dev,2642613356871969224,0,1
alanabreu.dev,2641174046758945461,0,1
alanabreu.dev,2639006781078783648,0,1
alanabreu.dev,2623556142584756598,0,0
alanabreu.dev,2616904962177612151,0,1
alanabreu.dev,2615637486684915821,0,0
alanabreu.dev,2611748108652847756,0,0
alanabreu.dev,2611398757606890861,0,0
adilson_bm,2344822440670050195,0,1
adilson_bm,2340346556215113402,0,1
adilson_bm,2057772370848037568,0,1
adilson_bm,2001719110141462293,0,0
adilson_bm,1992619622021969715,0,0
coderdeveloper,2007982846303907398,0,0
coderdeveloper,2004950138573188015,0,0
coderdeveloper,2004510389966410882,0,0
coderdeveloper,2004490628452827809,0,0
coderdeveloper,1971037966734463967,1,0
coderdeveloper,1970334369522258010,1,0
coderdeveloper,1970144611911315042,1,0
coderdeveloper,1969669818241838874,0,0
coderdeveloper,1969069404378858664,0,0
coderdeveloper,1969064211662674528,0,0
coderdeveloper,1968472100970053089,0,0
coderdeveloper,1967488834293000101,0,0
forwardslashkrystle,2639583082332891897,0,1
forwardslashkrystle,2553119589789800785,0,0
forwardslashkrystle,2538680858937422918,0,1
forwardslashkrystle,2523520845956113385,0,1
forwardslashkrystle,2523157433614915033,0,1
forwardslashkrystle,2070688590479811926,1,0
forwardslashkrystle,2070675619485628344,0,1
forwardslashkrystle,2040921074597797649,0,0
forwardslashkrystle,2040245554919224235,1,1
forwardslashkrystle,2038530222827345611,0,1
forwardslashkrystle,2020058599967189081,0,1
forwardslashkrystle,2018265908946339223,0,1
creativedanniesstudio,1950816296132534486,1,0
creativedanniesstudio,1944578034929823132,1,0
creativedanniesstudio,1943539219234741017,1,0
creativedanniesstudio,1942961836144243488,0,0
creativedanniesstudio,1937791058864238546,1,0
creativedanniesstudio,1936255760451591770,1,0
creativedanniesstudio,1935756815275170189,1,0
creativedanniesstudio,1935503230993972125,1,0
creativedanniesstudio,1934844023693268415,1,0
creativedanniesstudio,1934187839403395098,1,0
creativedanniesstudio,1933603767413178923,1,0
creativedanniesstudio,1933444341045692037,1,0
simpl.solutions,2117967993228045086,0,0
simpl.solutions,2099069283886917868,0,0
simpl.solutions,1931409068921309935,1,0
simpl.solutions,1914092923765386320,1,0
simpl.solutions,1912517240621469093,1,0
simpl.solutions,1911908853906651867,0,0
simpl.solutions,1911115353405224038,0,0
simpl.solutions,1910452131610887266,0,0
simpl.solutions,1909911274037477075,0,0
simpl.solutions,1909071097761763597,0,0
simpl.solutions,1908455814008933476,0,0
madona_syombua,2655649140465320123,0,0
madona_syombua,2655516379571324848,0,0
madona_syombua,2655446327906897498,0,0
madona_syombua,2651771742908846089,0,1
madona_syombua,2651719450188991001,0,0
madona_syombua,2650542379823736931,0,1
madona_syombua,2650465418868014798,0,0
madona_syombua,2650441653488544411,0,0
madona_syombua,2649586231998143520,0,0
madona_syombua,2648992195584357233,0,1
madona_syombua,2648957461277746213,0,1
madona_syombua,2648264410683229539,0,0
cisco_440,2477262549336158771,1,0
cisco_440,2466418577638187411,0,0
cisco_440,2447741511845809302,0,0
cisco_440,2432014919010300560,0,0
cisco_440,2004768098196376572,0,0
cisco_440,1995039777381290794,0,0
cisco_440,1990799656992714951,0,0
cisco_440,1974366710556581172,0,0
cisco_440,1966375100937050523,0,1
cisco_440,1922216263359602452,0,0
cisco_440,1915417818716124263,0,0
cisco_440,1914574172114480322,0,0
bitcoindiamondofficial,2085172802840493674,0,0
bitcoindiamondofficial,2085172298391567605,0,0
bitcoindiamondofficial,2085171795268196175,0,0
bitcoindiamondofficial,2085171228332387102,0,0
bitcoindiamondofficial,2085170749871484409,0,0
bitcoindiamondofficial,2085169717057607218,0,0
bitcoindiamondofficial,2085169215175444619,0,0
bitcoindiamondofficial,2085168740531404061,0,0
bitcoindiamondofficial,2085168236703247824,0,0
bitcoindiamondofficial,2085167228627344245,0,0
bitcoindiamondofficial,2085166726938110794,0,0
bitcoindiamondofficial,2085165249603822222,0,0
muse_technology,1996639475414264186,1,0
muse_technology,1996444197520344490,1,0
muse_technology,1995940413459277989,1,0
muse_technology,1977526268602179251,1,0
muse_technology,1976784669292646959,1,0
muse_technology,1976232386746154711,1,0
muse_technology,1976127563606658509,1,0
muse_technology,1965257236720971329,1,0
muse_technology,1964877895738776677,1,0
muse_technology,1964154807619216281,1,0
muse_technology,1963828749707694302,1,0
muse_technology,1960857560958366092,1,0
nvjob.pro,2331100626991702231,0,0
nvjob.pro,2327865012985001630,0,0
nvjob.pro,2327858687571804339,0,0
nvjob.pro,2327855494783724281,0,0
nvjob.pro,2327853061223346869,0,0
nvjob.pro,2327841989074432698,0,0
nvjob.pro,2327840085011361373,0,0
nvjob.pro,2259130544584106950,0,1
nvjob.pro,2237248021343732025,0,1
nvjob.pro,2108340747247098628,0,0
nvjob.pro,2108336354821021111,0,0
nvjob.pro,2108334663912429330,0,0
shubhm.jangle,2597384633857330067,0,0
shubhm.jangle,2573361040874005004,0,0
shubhm.jangle,2494295966998136102,0,0
shubhm.jangle,2466955251796558314,0,0
shubhm.jangle,2466304948977898195,0,0
shubhm.jangle,2463376139324499640,0,0
shubhm.jangle,2364606252763182049,0,0
shubhm.jangle,2313283411338294059,0,0
shubhm.jangle,2312638459847597098,0,0
shubhm.jangle,2310130707044557161,0,0
shubhm.jangle,2295868301325922404,0,0
shubhm.jangle,2281397591689931466,0,0
thesascon,2514787332990684748,0,0
thesascon,2448751987277126815,0,0
thesascon,2446577659185910451,0,0
thesascon,2415590990543996437,0,0
thesascon,2415584017471598732,0,0
thesascon,2414868742174418040,0,0
thesascon,2414149004322646003,0,0
thesascon,2414052839996446625,0,0
thesascon,2414048317110681416,0,0
thesascon,2414046512905582864,0,0
thesascon,2414043530554155752,0,0
thesascon,2413998019008781106,0,0
techboisofsf,2646078219802651314,0,0
techboisofsf,2611149457958340299,1,0
techboisofsf,2603163418147959925,0,0
techboisofsf,2570688965975910553,0,0
techboisofsf,2532311095281019298,0,1
techboisofsf,2530201204097657386,0,0
techboisofsf,2504241518819322657,0,0
techboisofsf,2497529424854052739,0,0
techboisofsf,2496065753611171744,0,0
techboisofsf,2485924847759352731,0,0
techboisofsf,2476545803338950246,0,0
techboisofsf,2467098631895780886,0,0
rp_suharso,2272256686529434066,0,0
rp_suharso,1988276468187026701,0,0
rp_suharso,1988275724847365688,0,1
rp_suharso,1988162378982631758,0,0
rp_suharso,1985571181458004417,0,1
rp_suharso,1982014235337379574,0,0
rp_suharso,1980880832475008957,0,1
rp_suharso,1979476544708229559,0,1
rp_suharso,1978019514164361390,0,0
rp_suharso,1973837416729698257,0,0
rp_suharso,1973833718670599904,0,0
rp_suharso,1973692354317889429,0,1
_cybertech_,2641468145618217767,0,1
_cybertech_,2641467432796173375,0,1
_cybertech_,2641466859082594393,0,0
_cybertech_,2641374451938027927,0,0
_cybertech_,2641348092029224468,0,0
_cybertech_,2641347208533071959,0,0
_cybertech_,2640910426943393771,0,0
_cybertech_,2640713144214004102,0,0
_cybertech_,2640711953182876336,0,0
_cybertech_,2640711368924542522,0,1
_cybertech_,2640708601732593793,0,0
_cybertech_,2640707353893578097,0,0
fezebr,2600782528076100343,0,0
fezebr,2497276229435426720,0,1
fezebr,2483574749549486553,0,0
fezebr,2380759647159462956,0,1
fezebr,2362458396156208391,0,0
fezebr,2350375830599085476,1,0
fezebr,2348516703245453483,0,1
fezebr,2279059079379280870,0,1
fezebr,2211628263682779780,0,0
fezebr,2211626129520103923,0,0
fezebr,2172671775599775440,0,0
fezebr,2151699368739392095,0,0
t3ch.pro,2635272242707977375,0,0
t3ch.pro,2609855226429951283,0,0
t3ch.pro,2597447401296750723,0,0
t3ch.pro,2596129541240707320,0,0
t3ch.pro,2591749789176548964,0,0
t3ch.pro,2587343117389489076,0,0
t3ch.pro,2585970578331499667,0,0
t3ch.pro,2524160913104347833,0,0
t3ch.pro,2446816765456666250,0,0
t3ch.pro,2443924474618314491,0,0
t3ch.pro,2442487077804338675,0,0
t3ch.pro,2441742913089305326,0,0
burakn.ux,2374859890263927925,0,0
burakn.ux,2373361037677386292,0,0
burakn.ux,2369027131671587007,0,1
burakn.ux,2353889117085040509,0,1
burakn.ux,2352468123272525626,0,0
burakn.ux,2337975657654444632,0,0
burakn.ux,2264473563446808100,0,0
burakn.ux,2258348696284596304,0,0
burakn.ux,2250050552283178918,0,0
burakn.ux,2241716955172086044,0,0
burakn.ux,2238359864575489917,0,0
burakn.ux,2235262887381732813,0,0
hackerxone,2409751741938454910,0,0
hackerxone,2409469065721519609,0,0
hackerxone,2408651099031300830,0,0
hackerxone,2407142543962594109,0,0
hackerxone,2406559242558146568,0,0
hackerxone,2405793225259307988,0,0
hackerxone,2405388152137947579,0,0
hackerxone,2405229955725015102,0,0
hackerxone,2404725383730469877,0,0
hackerxone,2404347953253618306,0,0
hackerxone,2404299418973857392,0,0
hackerxone,2403939132555343980,0,0
shivaburade,2621332194484229797,1,0
shivaburade,2621023039693061210,0,1
shivaburade,2610286201441399402,0,1
shivaburade,2589981232909854767,0,1
shivaburade,2539441961350718465,1,0
shivaburade,2524192738418057468,0,0
shivaburade,2517063140244773703,0,0
shivaburade,2515456366714754062,0,0
shivaburade,2513893292656324153,1,0
shivaburade,2361887584997668018,1,0
shivaburade,1838584329662243521,1,0
shivaburade,1795906798916226186,1,1
norralaconsulting,2652273225958841095,0,0
norralaconsulting,2642085951539294659,0,0
norralaconsulting,2641734347648897224,0,0
norralaconsulting,2640377758798841553,0,0
norralaconsulting,2615655909670431780,0,0
norralaconsulting,2485949178749090555,0,0
norralaconsulting,2483751029276042144,0,0
norralaconsulting,2479149819277547271,0,1
norralaconsulting,2476576038902082313,0,0
norralaconsulting,2475064512403763115,0,1
norralaconsulting,2469987506456633719,0,0
norralaconsulting,2469242271204331546,0,0
codecrookshanks,2659647178242513730,0,0
codecrookshanks,2658189338357989796,0,0
codecrookshanks,2658013132634904122,0,1
codecrookshanks,2657511643848135086,0,0
codecrookshanks,2657418794658414056,0,0
codecrookshanks,2656754958984821503,0,0
codecrookshanks,2656099660674881366,0,1
codecrookshanks,2655321017337956154,0,0
codecrookshanks,2654577751076169888,0,0
codecrookshanks,2653865012452142246,0,0
codecrookshanks,2653127624197258924,0,0
codecrookshanks,2652417202120898652,0,0
_ithub_,2156037657858180277,0,0
_ithub_,2154510174205865368,1,0
_ithub_,2153748505468961578,0,0
_ithub_,2153747914751564238,0,0
_ithub_,2147332154789635124,1,0
_ithub_,2146603023877783808,0,0
_ithub_,2145887227404822894,0,0
_ithub_,2136428929874075169,0,0
_ithub_,2135762817138098884,0,0
_ithub_,2135029887201914654,0,0
_ithub_,2134294305693592556,0,0
_ithub_,2134294224944945393,0,0
dipesh1666,2658369480509811327,0,0
dipesh1666,2656918400701765727,0,0
dipesh1666,2656917506937365225,0,0
dipesh1666,2656184322642282870,0,0
dipesh1666,2656182624620225293,0,0
dipesh1666,2655455757516370475,0,0
dipesh1666,2655454647091126125,0,0
dipesh1666,2654690316631985350,0,0
dipesh1666,2654688449554499444,0,0
dipesh1666,2653830413713641914,0,0
dipesh1666,2653821316050151175,0,0
dipesh1666,2653819529498305869,0,0
alex_softto,2163461191866100700,1,1
alex_softto,2161593972074670688,1,0
alex_softto,2161237888357082491,1,0
alex_softto,2160996299894177563,0,0
alex_softto,2068351199383770032,1,0
alex_softto,2068326680724017137,1,0
alex_softto,2065222547435467447,1,0
alex_softto,2004649663181003145,0,0
alex_softto,2004548605620456510,0,0
alex_softto,2004504857846856890,0,0
alex_softto,2004452014406248849,0,0
alex_softto,2004352234044820842,0,0
curlswhocode,2318411484939497059,0,0
curlswhocode,2312535428579969953,0,0
curlswhocode,2312512114096343043,0,0
curlswhocode,2311945105356944426,0,0
curlswhocode,2294422565277661928,1,0
curlswhocode,2293611488243378550,0,1
curlswhocode,2292311476586765867,0,1
curlswhocode,2292311042375618655,0,0
curlswhocode,2186989589523304253,0,0
curlswhocode,2185625616450091881,0,0
curlswhocode,2185126941177363661,0,0
curlswhocode,1955459499999302412,1,1
rustcode.web,2656239162395417455,1,0
rustcode.web,2655887609373828757,0,0
rustcode.web,2655345337086797053,1,0
rustcode.web,2655150450714599732,0,0
rustcode.web,2654637709801687457,1,0
rustcode.web,2648875171632688717,0,1
rustcode.web,2645174159837767064,0,0
rustcode.web,2644938162741573171,1,0
rustcode.web,2644449374937823255,0,0
rustcode.web,2643788164694855450,0,1
rustcode.web,2643769081140754087,1,0
rustcode.web,2643724644990173157,0,0
tech_tips_and_tricks,2649344731649961540,0,0
tech_tips_and_tricks,2648104041729413790,0,1
tech_tips_and_tricks,2642455276297382503,0,0
tech_tips_and_tricks,2642014484332028483,0,0
tech_tips_and_tricks,2640862158640867079,0,0
tech_tips_and_tricks,2640686815745165906,0,0
tech_tips_and_tricks,2639317499388908853,0,0
tech_tips_and_tricks,2638812628298514685,0,0
tech_tips_and_tricks,2636255872032862047,0,1
tech_tips_and_tricks,2635723238374461308,0,0
tech_tips_and_tricks,2634836494837883972,0,0
tech_tips_and_tricks,2633548206277787016,0,0
wtfranco22,2656351357689376282,0,0
wtfranco22,2625222019606931237,0,0
wtfranco22,2614308896494714082,0,0
wtfranco22,2609709049854563117,0,0
wtfranco22,2538214608587799016,0,0
wtfranco22,2511201791154471268,0,0
wtfranco22,2478083492975802697,0,0
wtfranco22,2466147927892361849,0,0
wtfranco22,2215815438214353578,0,0
wtfranco22,2202389264188538673,0,0
wtfranco22,2179574925781986521,0,0
wtfranco22,2175850405170653224,0,0
kostanich_cryptoprizm,2303881709320341137,0,0
kostanich_cryptoprizm,2295838316430165284,0,0
kostanich_cryptoprizm,2223717216529111146,0,0
kostanich_cryptoprizm,2192476514338830003,0,0
kostanich_cryptoprizm,2159690716574465975,0,0
kostanich_cryptoprizm,2079076023397263674,0,0
kostanich_cryptoprizm,2029643267776151293,0,0
kostanich_cryptoprizm,2029219850363006599,0,0
kostanich_cryptoprizm,2029040977985781844,0,0
kostanich_cryptoprizm,2028962570329477917,0,0
kostanich_cryptoprizm,2028462676460334647,0,0
kostanich_cryptoprizm,2028315333144520683,0,0
hammad_naiar,2649045412300003541,0,1
hammad_naiar,2648876174408734734,0,1
hammad_naiar,2599317695858018665,1,1
hammad_naiar,2589478469356475874,1,1
hammad_naiar,2583384441966384171,0,0
hammad_naiar,2580488793425651721,1,1
hammad_naiar,2572189161679402525,0,1
hammad_naiar,2570729257374353921,1,1
hammad_naiar,2564073542432630598,0,0
hammad_naiar,2563480871185239380,0,1
hammad_naiar,2561684644256847693,1,1
hammad_naiar,2548174044179417220,0,0
jessicarayes_,2496733262975055729,0,0
jessicarayes_,2322755650618650892,0,0
jessicarayes_,2251853509626916046,0,0
jessicarayes_,2243866689225972248,0,0
jessicarayes_,2201216554071722958,0,0
jessicarayes_,2172708364054870167,0,0
jessicarayes_,2142264031011266675,0,0
jessicarayes_,2108966273118419571,0,0
jessicarayes_,2096575429816278648,0,0
jessicarayes_,2071485337112307814,0,0
jessicarayes_,2066291058710538880,1,0
jessicarayes_,2040855618819195076,1,0
frunkad,2461192901065124203,1,0
frunkad,2458025468925924833,0,0
frunkad,2455854126399168874,0,0
frunkad,2320994083387846860,1,1
frunkad,2319839578000656491,1,0
frunkad,2178497272744961062,1,0
frunkad,2099524118870178840,1,0
frunkad,2057473451955722949,1,0
frunkad,2011971587709702542,1,0
frunkad,1973419683715450312,1,0
frunkad,1955807525066469500,1,0
frunkad,1941314705029465905,1,0
coptratech_,2659738261681779368,0,0
coptratech_,2656055410373910102,0,0
coptratech_,2656052878339536858,0,0
coptratech_,2651795008816255728,0,0
coptratech_,2647968835740085160,0,0
coptratech_,2632920043563158911,0,0
coptratech_,2627176168755776759,0,0
coptratech_,2626452673872633553,0,0
coptratech_,2626177613119197947,0,0
coptratech_,2593026683624722482,0,1
coptratech_,2588459210090817294,0,1
coptratech_,2578596499605680568,0,0
gabrielfer_20,2651598702496257141,0,0
gabrielfer_20,2649019339066159561,0,0
gabrielfer_20,2647531783440663535,0,0
gabrielfer_20,2646803334139045362,0,0
gabrielfer_20,2640822687490819666,0,0
gabrielfer_20,2632386659536979203,0,0
gabrielfer_20,2629587778097164513,0,0
gabrielfer_20,2627833695845956676,0,0
gabrielfer_20,2626616132520601205,0,0
gabrielfer_20,2625643523158846718,0,0
gabrielfer_20,2624124074207494511,0,0
gabrielfer_20,2623508504051205417,0,0
i_thanvanth,2452853757312941509,0,0
i_thanvanth,2397735869925297417,0,0
i_thanvanth,2392662159879048613,0,0
i_thanvanth,2392659985669406189,0,0
i_thanvanth,2350965182414196663,0,0
i_thanvanth,2348029701460547857,0,0
i_thanvanth,2340707454022579719,0,0
i_thanvanth,2336310237941468669,0,0
i_thanvanth,2322440787530252510,0,0
i_thanvanth,2309615848855649128,0,0
i_thanvanth,2297005274967080561,0,0
i_thanvanth,2289788337233668370,0,0
mfhusen,2382085570680627507,0,0
mfhusen,2355193075724381465,0,0
mfhusen,2353743887723612000,0,0
mfhusen,2120289812268099897,0,0
mfhusen,2116081223961818718,0,0
mfhusen,2114496127140037135,0,0
mfhusen,2113641653949331680,0,0
mfhusen,2109460589311830848,0,0
mfhusen,2108789501644899942,0,0
mfhusen,2060899392958709594,0,0
mfhusen,2058041215854466625,0,0
mfhusen,2055866519570378503,0,0
xploud_app,1095259643174209169,1,0
xploud_app,1093285882355009070,1,0
xploud_app,1087672602454411248,1,0
xploud_app,1060239070132192763,1,0
xploud_app,1053180445966484660,1,0
xploud_app,1044071383920297223,1,0
xploud_app,1023213277640410222,1,0
xploud_app,954277981096265323,0,0
xploud_app,944711874895169488,0,0
xploud_app,904901972647757805,0,0
licencetoshill,2285321759434296728,0,0
licencetoshill,2144896477738521203,0,0
licencetoshill,2106222223555957091,0,0
licencetoshill,2090124623743139836,0,0
licencetoshill,2089588241419167686,0,0
licencetoshill,2078126252926302291,0,0
licencetoshill,2067815404295037586,0,0
licencetoshill,2067787070966252965,0,1
licencetoshill,2056009207225029259,1,0
licencetoshill,2051320802394317100,0,0
licencetoshill,2044795905031079922,0,0
licencetoshill,2040540668816241764,0,0
masaocodes,2386187233955784757,0,1
masaocodes,2363041499605825093,0,0
masaocodes,2258535547301772211,0,1
masaocodes,2253562651445777288,0,0
masaocodes,2207971470368361935,0,0
masaocodes,2135441748082669309,0,0
masaocodes,2018146948804284856,1,0
masaocodes,1981450159699296258,1,0
masaocodes,1978649856994191082,0,0
masaocodes,1976716739870015605,1,0
masaocodes,1975553714467307646,1,0
masaocodes,1974801738045383305,1,0
andsilvasp,2649874388345123717,1,0
andsilvasp,2629616167957211785,0,0
andsilvasp,2620047898468399085,1,0
andsilvasp,2615660770468690676,0,0
andsilvasp,2582204690978452602,0,0
andsilvasp,2578738242471058948,0,0
andsilvasp,2575245428894278163,0,0
andsilvasp,2573534185969700767,0,1
andsilvasp,2572744401890497632,0,1
khadija_gardezi,2318953542704028066,0,1
khadija_gardezi,2287374674444893440,0,0
khadija_gardezi,2203253470176353688,0,0
khadija_gardezi,2184089382515094585,0,0
khadija_gardezi,2159657890674287091,0,0
khadija_gardezi,2159649336550630279,0,0
khadija_gardezi,2055746089398752035,0,0
allthebigdeals,2304634558190872598,0,0
allthebigdeals,2048236943650461012,0,0
allthebigdeals,2046705604031737565,0,0
allthebigdeals,2046112883888256986,0,0
allthebigdeals,2032853953665883253,0,0
allthebigdeals,2029852263736032496,0,0
allthebigdeals,2027635377828946220,0,0
allthebigdeals,1964598119867701499,0,0
allthebigdeals,1953752872338285249,0,0
allthebigdeals,1951576450375073125,0,0
allthebigdeals,1949536347182175270,0,0
allthebigdeals,1948717643578177074,0,0
theashgames,2256840001320739838,1,0
theashgames,2253894691468475310,1,0
theashgames,2252426134112964708,0,0
theashgames,2241556631309509062,0,0
theashgames,2240324555490905341,0,1
theashgames,2219482331739996892,0,0
theashgames,2138546924404129681,0,0
theashgames,1954550872898043572,0,1
var_proger,1956548084407501108,0,0
var_proger,1954595728757498679,0,0
var_proger,1953183655859289393,1,1
var_proger,1952112515862725516,0,0
var_proger,1951784452108862298,0,0
var_proger,1950810191038823009,0,0
var_proger,1950648289906131233,0,0
var_proger,1950355462911593834,0,1
var_proger,1950205911345113899,0,0
var_proger,1949926970668060722,0,0
var_proger,1949629423286072818,0,1
var_proger,1949326987459568601,0,0
whynniethegr8,2592642238099449343,0,0
whynniethegr8,2591975295812953211,0,1
whynniethegr8,2338867584740266014,0,0
whynniethegr8,2331398521571090209,0,0
whynniethegr8,2156481502246684916,0,0
whynniethegr8,2114827599839253940,0,0
whynniethegr8,2104723413272922146,0,0
whynniethegr8,2082192643900385199,0,0
whynniethegr8,2077403171727911371,0,0
time_wraith_,2473955834369710151,1,0
time_wraith_,2371329387879874813,1,0
time_wraith_,2335047275560530687,0,1
time_wraith_,2334152912768797308,0,0
time_wraith_,2332937337451136802,0,0
time_wraith_,2329736985176344643,0,0
time_wraith_,2325761502176629197,0,1
time_wraith_,2325529217577799972,0,0
time_wraith_,2325005888236357428,0,0
time_wraith_,2324252454361176093,0,0
time_wraith_,2322756059787527920,0,0
time_wraith_,2321192974924902169,0,0
black_cyber_army,2381979015561893389,0,0
black_cyber_army,2374689178819647354,0,0
black_cyber_army,2356228107863661695,0,1
black_cyber_army,2337129119298472900,0,0
black_cyber_army,2320961989016303735,0,0
black_cyber_army,2305823585861692647,0,0
black_cyber_army,2292405752796714532,0,0
black_cyber_army,2287787177968629204,0,1
black_cyber_army,2287291779420180145,0,0
black_cyber_army,1969496019167292370,1,0
black_cyber_army,1968786947111527727,1,0
black_cyber_army,1965495029405551333,0,0
code_by_heart,2168755824283936149,0,0
code_by_heart,2155662142106265767,0,0
code_by_heart,2151212719624276551,0,0
code_by_heart,2107782387839637735,0,0
code_by_heart,2107068616510906021,0,0
code_by_heart,2095621721850662150,0,0
code_by_heart,2090384725913966904,0,0
code_by_heart,2089990477058312291,0,0
code_by_heart,2088957862264126228,0,0
code_by_heart,2086793025706711405,0,0
code_by_heart,2086460456893137993,0,0
code_by_heart,2086117820852288175,0,0
wildcodeschoolberlin,2662590036248040131,0,0
wildcodeschoolberlin,2658924343014990522,0,1
wildcodeschoolberlin,2657513485684601611,0,0
wildcodeschoolberlin,2653904737988826390,0,0
wildcodeschoolberlin,2652465419806145949,0,1
wildcodeschoolberlin,2649488893653422003,0,1
wildcodeschoolberlin,2647413549324775574,0,0
wildcodeschoolberlin,2643812380853458652,0,1
wildcodeschoolberlin,2642269776936598068,0,0
wildcodeschoolberlin,2639349759274190002,0,0
wildcodeschoolberlin,2638526042789082671,0,0
wildcodeschoolberlin,2637308807701463714,0,0
silent.developing,2567381139081948372,0,0
silent.developing,2565928641474935379,0,0
silent.developing,2565204335890022663,0,0
silent.developing,2554366064712791888,0,0
silent.developing,2533763638683305176,0,0
silent.developing,2520460313220883144,0,0
silent.developing,2520037264831034125,0,0
silent.developing,2519864412773439232,0,0
silent.developing,2515970665987845702,0,0
silent.developing,2514844233488175995,0,0
silent.developing,2513290667371926023,0,0
silent.developing,2512611163674573316,0,0
the_coderbyte,1982154117036257241,1,0
the_coderbyte,1967644731974691556,1,0
the_coderbyte,1967533916600810508,1,0
the_coderbyte,1966927376646928384,1,0
the_coderbyte,1962838021724572115,1,0
the_coderbyte,1962452427194371270,1,0
the_coderbyte,1961238125544261839,1,0
the_coderbyte,1959956908052191296,1,0
the_coderbyte,1957409223470290288,1,0
the_coderbyte,1956759131205682884,1,0
lnx_protocol,2227545806712348000,0,0
lnx_protocol,2221084003853696989,0,0
lnx_protocol,2142089495191883213,0,0
lnx_protocol,2129611152064380703,0,0
lnx_protocol,2125380249498701104,0,0
lnx_protocol,2116663067164254002,0,0
lnx_protocol,2114510616571014092,0,0
lnx_protocol,2109469993946204115,0,0
lnx_protocol,2095721741597978637,0,0
lnx_protocol,2095713958446102874,0,0
lnx_protocol,2094988968092243628,0,0
lnx_protocol,2088586831221330229,0,0
yomna.raouf,2505388507688537106,0,0
yomna.raouf,2438777284897631316,0,0
yomna.raouf,2431518310112495087,0,0
yomna.raouf,2430137909796288534,0,0
yomna.raouf,2421166076954737122,0,0
yomna.raouf,2392442154306736207,0,0
yomna.raouf,2374319241082881400,0,0
yomna.raouf,2374055641936139207,0,0
yomna.raouf,2361376149669326509,0,0
yomna.raouf,2358788900427986532,0,0
yomna.raouf,2358777197598392986,0,0
jaspreetsingh2727,2627187750756734887,0,1
jaspreetsingh2727,2616892051624300260,1,1
jaspreetsingh2727,2611264047788592532,0,0
jaspreetsingh2727,2609129833526060162,1,0
jaspreetsingh2727,2571250652197156225,0,0
jaspreetsingh2727,2570515880600614225,0,0
jaspreetsingh2727,2568175694722076129,0,0
jaspreetsingh2727,2566330636607476113,0,0
jaspreetsingh2727,2558386671522425871,0,0
jaspreetsingh2727,2557658274496322148,0,0
jaspreetsingh2727,2556891922928089463,0,0
jaspreetsingh2727,2556252206968880055,0,0
boycoder.tech,2609959666529030199,0,1
boycoder.tech,2327987211020213356,0,0
boycoder.tech,2314605385266318988,0,1
boycoder.tech,2309178345297957518,0,0
boycoder.tech,2306934311758285075,0,0
boycoder.tech,2306318898435280259,0,1
boycoder.tech,2304996380101500914,0,1
boycoder.tech,2304552175474354230,0,0
boycoder.tech,2303916617295417345,0,0
boycoder.tech,2303210562420718481,0,0
boycoder.tech,2301157940473748319,0,0
boycoder.tech,2298683455925437447,0,0
keyboardfanatics,1992708750772697729,0,0
keyboardfanatics,1990120668005173021,0,0
keyboardfanatics,1987968983929578707,0,0
keyboardfanatics,1986537765206211345,1,0
keyboardfanatics,1985108899733979568,0,0
keyboardfanatics,1984962802084658214,0,0
keyboardfanatics,1982918976205607628,0,0
keyboardfanatics,1982240445611931724,0,0
keyboardfanatics,1982001165610388150,0,0
keyboardfanatics,1979098513406758561,0,0
keyboardfanatics,1979095680078958259,0,0
keyboardfanatics,1979017190029832016,0,0
jitnegii,2475619873477216771,1,0
jitnegii,2432929157273998911,1,0
jitnegii,2407459360579045165,1,1
jitnegii,2369701345042283605,1,0
extrafeeel,2596626133104012092,0,0
extrafeeel,2596297434056051158,0,0
extrafeeel,2595950235475870657,0,0
extrafeeel,2593033204995689104,0,0
extrafeeel,2527450183468996563,0,0
extrafeeel,2527060726100491108,0,0
extrafeeel,2517322871439884187,0,0
extrafeeel,2516532084341507486,0,0
extrafeeel,2516138765053144779,0,0
extrafeeel,2512576848480569433,0,0
extrafeeel,2424758313788094125,0,1
extrafeeel,2419828455282849331,0,1
unix_life,1978002416855163674,1,0
unix_life,1977573212955341874,1,0
unix_life,1977112334057196045,1,0
unix_life,1976804191897011624,1,0
unix_life,1976616785101105486,1,0
unix_life,1975963388949561454,1,0
unix_life,1975901168664450754,1,0
unix_life,1975761047847824605,1,0
unix_life,1975607462686205553,1,0
unix_life,1975063900995396651,1,0
unix_life,1974892712457183215,1,0
unix_life,1974578643325967545,1,0
marvin_emmax,2661650765942898419,0,0
marvin_emmax,2409880110583173982,0,0
marvin_emmax,2396589709927618790,0,0
marvin_emmax,2309157227750229518,0,0
marvin_emmax,2217162284425649058,0,0
marvin_emmax,2206024956932709067,0,0
marvin_emmax,1989380220196564655,0,0
pubg_pub356,2166192209005990656,0,0
pubg_pub356,2042715202789047990,1,1
pubg_pub356,2042575133370759224,1,1
pubg_pub356,2041770473429049812,1,1
pubg_pub356,2034273071082530649,1,1
pubg_pub356,2030065565209944763,1,1
pubg_pub356,2026327141990701595,1,1
pubg_pub356,2026148024691431240,1,1
pubg_pub356,2025544107997634384,1,1
eng_developer1989,2555218474615972877,0,0
eng_developer1989,2529072777693164504,0,0
eng_developer1989,2445241896419753464,0,0
eng_developer1989,2442297944372746012,0,1
eng_developer1989,2379961107285653637,0,0
eng_developer1989,2374767745490236786,0,0
eng_developer1989,2285002785072138014,1,0
eng_developer1989,2283830998640766243,1,0
eng_developer1989,2277681037494690140,1,0
eng_developer1989,2275753897421218142,1,0
eng_developer1989,2271051314039509854,1,0
eng_developer1989,2265682608778252811,1,0
yasinyyucell,2071054775012763033,0,0
yasinyyucell,2034951718705810767,0,0
yasinyyucell,2011206006088091431,0,0
yasinyyucell,1905987384617578605,0,0
yasinyyucell,1872547853596174537,0,0
yasinyyucell,1679678564948810622,0,0
yasinyyucell,1679675777296997482,0,0
yasinyyucell,1679674224188133657,0,0
yasinyyucell,1668867005658081699,0,0
yasinyyucell,1668863646851132326,0,0
yasinyyucell,1659376148919796525,0,1
yasinyyucell,1545926656082836247,0,0
gunjans_programming_world_,2646752065841704147,0,0
gunjans_programming_world_,2645700298891100918,0,0
gunjans_programming_world_,2636173707136289440,0,0
gunjans_programming_world_,2625700632313394788,0,0
gunjans_programming_world_,2622108146303105604,0,0
gunjans_programming_world_,2613198802257948575,0,0
gunjans_programming_world_,2610145860978053167,0,0
gunjans_programming_world_,2605105644923998094,0,0
gunjans_programming_world_,2592265167945434536,0,0
gunjans_programming_world_,2587206192599053095,0,0
gunjans_programming_world_,2581496233177573192,0,0
gunjans_programming_world_,2581417713625599655,0,0
didin1453fatih,2098030062526887185,1,0
didin1453fatih,2092513355544872830,1,0
didin1453fatih,2082434101366536947,0,0
didin1453fatih,2077010524677073882,1,0
didin1453fatih,2063170527708540346,0,0
saifcodes,2470946420627091244,0,0
saifcodes,2446071899487314776,0,0
saifcodes,2269206371754977869,0,0
saifcodes,2225435190451331089,0,0
saifcodes,2211663884639628556,0,0
saifcodes,2140175313823407468,0,0
saifcodes,2074983905768887785,0,0
saifcodes,2072090474960757409,0,0
saifcodes,2044371704809054793,0,0
saifcodes,2038722758544081227,0,0
saifcodes,2025640083780420071,1,0
saifcodes,2024225427526370244,0,0
sakasoftware,2019748651504900504,0,0
sakasoftware,2013156408526457895,0,0
sakasoftware,2008691918258985651,0,0
sakasoftware,2007907525747617260,0,0
sakasoftware,2007303130903229529,0,0
sakasoftware,2004247288322742896,0,0
sakasoftware,2004054412926158333,0,0
sakasoftware,2003892517313355992,0,0
sakasoftware,2003053069218536174,0,0
sakasoftware,2002165299813978210,0,0
crypto.hill,1999937516869868508,0,0
crypto.hill,1998319514441455427,0,0
crypto.hill,1997687623904350599,0,0
crypto.hill,1989773153628180539,0,0
crypto.hill,1989140600667859833,1,0
crypto.hill,1988531064051370714,0,0
crypto.hill,1988131620676085352,0,0
crypto.hill,1987807659505425223,0,0
crypto.hill,1987807573849388813,0,0
crypto.hill,1987807492161026357,0,0
designcomwpf,2125618387970296990,0,0
designcomwpf,2119279366037910421,0,0
designcomwpf,2109159332552810365,0,0
designcomwpf,2105653559944160573,0,0
designcomwpf,2099020536117188627,0,0
designcomwpf,2095431798119999601,0,0
designcomwpf,2089391960883259650,0,0
designcomwpf,2085978178807079499,0,1
designcomwpf,2083853872834287478,0,0
designcomwpf,2080623273805916281,0,1
designcomwpf,2078803084156113689,0,0
designcomwpf,2075129507267618360,0,1
codes.master,2150154828108539196,0,0
codes.master,2143793385985727403,0,1
codes.master,2108669208207440128,0,0
codes.master,2102230958336953694,0,0
codes.master,2102222571910016962,0,0
codes.master,2090734449019993424,1,0
codes.master,2087091328826562490,0,0
codes.master,2087083743855613244,0,1
codes.master,2085581688657878562,1,0
codes.master,2030591458301934604,1,0
codes.master,2030586438365922781,1,0
codes.master,2018806665696425190,1,0
_swiftcoder_,2013247835260417044,1,0
_swiftcoder_,2011747031089246891,1,0
_swiftcoder_,2011073359420692870,1,0
_swiftcoder_,2008336451615694832,1,0
_swiftcoder_,2007563923817279065,1,0
_swiftcoder_,2005948117131986029,1,0
_swiftcoder_,2005209121007475904,1,0
_swiftcoder_,2004733395321823133,1,0
_swiftcoder_,2004507149765815052,1,0
_swiftcoder_,2003353771161512099,1,0
_swiftcoder_,2002687108552506158,1,0
_swiftcoder_,2002644234477737806,1,0
it.memez,2609240331405714276,0,0
it.memez,2468528100233761078,0,0
it.memez,2467131271055251550,0,0
it.memez,2466562022205211672,0,0
it.memez,2464225765122654834,0,0
it.memez,2348369793813434563,0,0
it.memez,2337189778237364340,0,0
it.memez,2309743649950491524,0,0
it.memez,2303335513001737276,0,0
it.memez,2301325154313237711,0,0
it.memez,2294394683314460789,0,0
it.memez,2245332221646959601,0,0
codewithkrishan,2612015960353999313,1,0
codewithkrishan,2569300829845357307,1,0
codewithkrishan,2418523689140063016,1,0
codewithkrishan,2401824706933914634,1,0
codewithkrishan,2362483820039441632,0,0
codewithkrishan,2262706307794929299,1,0
codewithkrishan,2211112757995407252,0,0
codewithkrishan,2188658404863358581,0,0
codewithkrishan,2188098787443924555,0,0
codewithkrishan,2187076315147673790,0,0
codewithkrishan,2178474419969488458,0,0
codewithkrishan,2167061257009282485,0,0
kattcode_,2355515207960433446,0,0
kattcode_,2354112828098739019,0,0
kattcode_,2353176293200621580,0,0
kattcode_,2351382029802039212,0,0
kattcode_,2064040306659045445,1,0
kattcode_,2062651399925259775,1,0
kattcode_,2061955938612460233,1,0
kattcode_,2059193958290121584,1,0
kattcode_,2053326185026314834,0,0
kattcode_,2048340115440439325,0,0
kattcode_,2036490280278181372,0,0
kattcode_,2029270848896378493,1,0
codecompilememe,2610942915900183646,0,1
codecompilememe,2610332129641252531,0,0
codecompilememe,2608680759242720210,0,0
codecompilememe,2607195612659941576,0,0
codecompilememe,2606765957444527966,0,0
codecompilememe,2605083962863700821,0,0
codecompilememe,2604576144972818119,1,1
codecompilememe,2604328298038148496,0,0
codecompilememe,2602961904507644061,0,0
codecompilememe,2602504695701095455,0,0
codecompilememe,2602143598439719877,0,0
codecompilememe,2601445650709988990,0,1
_chickychucks,2039050983954556893,0,0
_chickychucks,2032858046014976568,1,0
_chickychucks,2032435152009076427,1,0
_chickychucks,2031363498688516603,1,0
_chickychucks,2030618632417332389,1,0
_chickychucks,2030229638907143560,0,0
_chickychucks,2030178383455154870,0,0
_chickychucks,2030081507649155093,0,0
_chickychucks,2018004549398687277,0,0
_chickychucks,2017608027934747619,0,0
_chickychucks,2004833520597796568,0,0
_chickychucks,2004819913411400558,0,0
maria.eugenia.19,2662075199074978709,0,0
maria.eugenia.19,2659189288055258453,0,1
maria.eugenia.19,2652398023399540407,0,0
maria.eugenia.19,2641866921228851817,0,0
maria.eugenia.19,2635821242752339389,0,0
maria.eugenia.19,2634561830446361189,0,1
maria.eugenia.19,2633670341300466623,0,0
maria.eugenia.19,2632893285893259021,0,0
maria.eugenia.19,2631427599639757576,0,0
maria.eugenia.19,2630235305735565803,0,1
maria.eugenia.19,2629411211806833314,0,0
maria.eugenia.19,2622722736001199977,0,0
the_ghackingx0,2654805876989059550,0,1
the_ghackingx0,2651095926240555597,1,1
the_ghackingx0,2648703755235551815,0,0
the_ghackingx0,2647958746257183090,0,1
the_ghackingx0,2646732405235023506,0,1
the_ghackingx0,2638748576587394980,1,1
the_ghackingx0,2638661692947229442,0,1
the_ghackingx0,2633437069955793757,0,0
the_ghackingx0,2599466650148076241,0,0
the_ghackingx0,2587848312674339150,0,1
the_ghackingx0,2583055554273136756,0,0
the_ghackingx0,2573690625471898971,0,0
im4xpro,2294293586629498993,0,0
im4xpro,2291661520041561761,0,0
im4xpro,2288144554102306665,1,0
im4xpro,2287378830572163728,1,0
im4xpro,2283446618043296446,1,0
im4xpro,2281504761021338736,1,0
im4xpro,2280764518215288450,1,0
im4xpro,2280247469837358151,0,0
im4xpro,2278676284362495919,0,0
im4xpro,2277959319809594715,0,0
im4xpro,2276862298885253816,0,0
teen_developer,2665574258389558696,1,0
teen_developer,2573508793174765115,0,1
teen_developer,2500719816680506609,0,0
teen_developer,2485547877615925441,0,0
teen_developer,2467399133620073425,0,0
teen_developer,2467373676484725644,0,1
teen_developer,2466158209682193431,0,1
teen_developer,2447360824441139039,0,1
teen_developer,2430738249476787017,0,0
teen_developer,2417661900076017388,0,0
teen_developer,2386194757849657969,0,0
teen_developer,2380409479239082189,0,0
booleanacademia,2653306343551934885,0,0
booleanacademia,2642561994106708902,0,0
booleanacademia,2641669082049900863,0,0
booleanacademia,2641667730309476414,0,0
booleanacademia,2632482169694824893,0,0
booleanacademia,2613675066325525537,0,0
booleanacademia,2612891617874422486,0,1
booleanacademia,2609173038922571574,0,1
booleanacademia,2607854434822177621,0,1
booleanacademia,2606916243484321858,0,0
booleanacademia,2604798712359062905,0,0
booleanacademia,2602033758378152476,0,0
siddhant_says,2659626483122107240,0,0
siddhant_says,2658834786784111021,0,0
siddhant_says,2656022586860032500,0,0
siddhant_says,2652329902735723425,0,0
siddhant_says,2649736094617518366,0,0
siddhant_says,2640608912087500066,1,0
siddhant_says,2638336865620633299,0,0
siddhant_says,2633732667114668003,0,0
siddhant_says,2633317389544139557,0,0
siddhant_says,2632852349318866186,0,0
siddhant_says,2629349096622930533,0,0
siddhant_says,2626487348412286405,0,0
____mr_viktor,2654006755986209153,0,1
____mr_viktor,2651190854286885782,0,1
____mr_viktor,2651057509276264235,0,1
____mr_viktor,2649420261904481231,0,1
____mr_viktor,2648285641955684022,0,1
____mr_viktor,2638912165633370670,0,1
____mr_viktor,2629508423213640678,0,1
____mr_viktor,2623521650347920500,0,1
____mr_viktor,2596781349160320987,0,1
____mr_viktor,2592548427507122759,0,1
____mr_viktor,2587948663421957291,0,0
____mr_viktor,2584381664443793277,0,0
ujiriukiri,2444350177534653616,0,0
ujiriukiri,2166019149944186402,1,0
ujiriukiri,2160566956450051798,0,0
ujiriukiri,1797037090745432592,1,0
ujiriukiri,1790829215664671020,0,0
ujiriukiri,1789465778497956894,0,0
ujiriukiri,1769557076928364220,0,0
ujiriukiri,1734481545065686735,0,0
ujiriukiri,1676069115535707739,1,0
ujiriukiri,1657521657294529536,1,0
ujiriukiri,1654428285902206538,0,0
ujiriukiri,1633347297747127808,1,0
iloverobotsandcars,2057627280947508752,0,1
iloverobotsandcars,2056901547857842963,0,1
iloverobotsandcars,2054771964257948908,0,1
iloverobotsandcars,2052797951948334408,0,1
iloverobotsandcars,2051869910338150825,0,1
iloverobotsandcars,2049631118982140873,0,1
iloverobotsandcars,2046774832024311190,0,1
iloverobotsandcars,2046080177301360269,0,1
iloverobotsandcars,2045355384860132039,0,1
iloverobotsandcars,2044630613356897397,0,1
iloverobotsandcars,2043905865668684521,0,1
iloverobotsandcars,2043181095415300530,0,1
jacob_luetzow,2681503278014395436,0,0
jacob_luetzow,2680985907629416576,0,0
jacob_luetzow,2675754234886260165,0,0
jacob_luetzow,2672449170965595252,0,0
jacob_luetzow,2671508782807667431,0,0
jacob_luetzow,2658616306484321148,0,0
jacob_luetzow,2658273232493034279,0,0
jacob_luetzow,2654166595302950967,0,0
jacob_luetzow,2650457261592577195,0,0
jacob_luetzow,2638939800024251425,0,0
jacob_luetzow,2635343067524516805,0,1
jacob_luetzow,2631009009945904137,0,0
cryptohumans,2147169440970435583,0,0
cryptohumans,2146633560745022162,0,0
cryptohumans,2146349295515908063,0,0
cryptohumans,2145950393667064504,0,0
cryptohumans,2145790023656571488,0,0
cryptohumans,2145189049342665146,0,0
cryptohumans,2144507882587143097,0,0
cryptohumans,2144284245603011563,0,0
cryptohumans,2143763039200096171,0,0
cryptohumans,2143042072643494465,0,0
cryptohumans,2142761267362888771,0,0
cryptohumans,2142343917052599603,0,0
tech_box_in,2207888510843710231,0,0
tech_box_in,2201798936551902775,0,0
tech_box_in,2199168438650506322,0,0
tech_box_in,2196404742219897321,0,0
tech_box_in,2190675215229561981,0,0
tech_box_in,2184676435162219750,0,0
tech_box_in,2182891325798550254,0,0
tech_box_in,2182502823818707029,0,0
tech_box_in,2181776632182848907,0,0
tech_box_in,2180365684440213327,0,0
tech_box_in,2173824367887159341,0,0
tech_box_in,2171631140849405888,0,0
electric_empress_,2666333228149040877,0,1
electric_empress_,2665802246316740520,0,0
electric_empress_,2665778737806445492,0,0
electric_empress_,2661933035303652846,0,1
electric_empress_,2657715404956594763,0,0
electric_empress_,2655724587137649655,0,0
electric_empress_,2654111990821681065,0,1
electric_empress_,2654096267349031201,0,0
electric_empress_,2652002810112490231,0,1
electric_empress_,2651520574145643863,0,1
electric_empress_,2651280904955606991,0,0
electric_empress_,2651190298600218964,0,1
techrevolutions,2078036770595270634,0,1
techrevolutions,2077312055773729794,0,1
techrevolutions,2076587187666998709,0,1
techrevolutions,2073688334529950037,0,1
techrevolutions,2073236155725561792,0,1
techrevolutions,2072963562296611861,0,1
techrevolutions,2070788946350342602,0,1
techrevolutions,2070064373808107245,0,1
techrevolutions,2067890031180993559,0,1
techrevolutions,2067437944710112421,0,1
techrevolutions,2067165238780184027,0,0
techrevolutions,2066713084202189568,0,1
domenicbrz,2581022723595570876,0,1
domenicbrz,2510003766961245184,0,0
domenicbrz,2497699459255609579,0,0
domenicbrz,2319416901191198494,0,1
domenicbrz,2259688540979771780,1,0
domenicbrz,2251655686564049966,1,1
domenicbrz,2227738470726574793,1,1
domenicbrz,2224277999973561969,0,1
domenicbrz,2184581148445782067,0,1
domenicbrz,2182832390066532444,1,1
domenicbrz,2166319430426827945,1,1
domenicbrz,2165808875476084707,1,0
code_casm,2405890779290783222,0,0
code_casm,2405260217978789867,0,0
code_casm,2405051290729300690,0,0
code_casm,2404495917660036879,0,0
code_casm,2284925642828951353,0,0
code_casm,2284404019680090358,0,0
code_casm,2273154816844817517,0,0
code_casm,2256696952215339309,0,0
code_casm,2256541759108706248,0,0
code_casm,2255941405534860953,1,0
code_casm,2255773058361028435,0,0
code_casm,2255069949917809964,1,0
lark_tech,2658960874523284034,0,0
lark_tech,2656900430350452568,0,0
lark_tech,2656722645423104545,0,0
lark_tech,2656196103721861078,0,0
lark_tech,2654572553000772786,0,0
lark_tech,2645591655573440945,0,0
lark_tech,2629483159756115746,0,0
lark_tech,2628012306898735334,0,0
lark_tech,2626099498857202093,0,0
lark_tech,2623779712686463347,0,1
lark_tech,2623563541471090725,0,0
lark_tech,2622729880629214021,0,0
chrisv____,2631196638343822102,0,0
chrisv____,2619499895814319308,0,0
chrisv____,2472129484420879329,0,0
chrisv____,2086894596006351659,0,0
chrisv____,2035840511203770153,0,0
chrisv____,1051063253136121387,0,0
itsajayaj,2667011773277955690,0,0
itsajayaj,2666783261833130417,0,0
itsajayaj,2666781996730542023,0,0
itsajayaj,2666780813500603382,0,0
itsajayaj,2649915341461298998,0,0
itsajayaj,2637827300995411657,0,0
itsajayaj,2618098123665050157,0,0
itsajayaj,2614452495034819398,0,0
itsajayaj,2613322307274090317,0,0
itsajayaj,2610067008249645224,0,0
itsajayaj,2610066275580233399,0,0
itsajayaj,2592659830890917107,0,0
codiebeeyou,2352271696901225896,0,0
codiebeeyou,2104341208334761946,1,0
codiebeeyou,2101773120443642186,1,0
codiebeeyou,2100243481069981956,1,0
codiebeeyou,2099541951706818622,1,0
codiebeeyou,2097853429119711365,1,0
codiebeeyou,2097058725180330895,1,0
codiebeeyou,2086631810544050995,1,0
codiebeeyou,2085898221154061210,1,0
codiebeeyou,2083638663899674076,1,0
codiebeeyou,2080151815546107576,1,0
codiebeeyou,2078305502630021703,0,0
new_.hackers._,2034902369170738911,1,0
new_.hackers._,2034901999115609826,1,0
new_.hackers._,2034898670004249152,0,1
new_.hackers._,2030492495678668062,1,0
new_.hackers._,2030492287901135144,1,0
new_.hackers._,2030490106561087427,0,1
new_.hackers._,2029026575919761324,1,0
new_.hackers._,2029025162464343380,1,0
new_.hackers._,2029013195167126572,0,1
new_.hackers._,2026892240425033735,1,0
new_.hackers._,2026891797816759892,0,0
new_.hackers._,2026851355146441701,0,1
microtrontechnologies1,2655873507948486804,0,0
microtrontechnologies1,2636474687758040376,0,1
microtrontechnologies1,2589286467902047248,0,0
microtrontechnologies1,2556455515995955619,0,0
microtrontechnologies1,2471734327982405637,0,0
microtrontechnologies1,2382943206653800899,0,0
microtrontechnologies1,2334426361014667743,0,0
microtrontechnologies1,2326404472026572440,0,0
microtrontechnologies1,2322665700445162066,0,1
microtrontechnologies1,2319661185819253003,0,0
microtrontechnologies1,2318956935753667229,0,0
microtrontechnologies1,2246332170371420756,0,0
techgrabyte.ai,2190031767363143288,0,0
techgrabyte.ai,2180609224957180211,0,0
techgrabyte.ai,2174812684699165321,0,0
techgrabyte.ai,2171197721749350103,0,0
techgrabyte.ai,2167568158125298979,1,0
techgrabyte.ai,2162504043975554309,0,0
techgrabyte.ai,2157405623883524972,0,0
techgrabyte.ai,2139757745065223094,0,0
techgrabyte.ai,2134242448719899075,0,0
techgrabyte.ai,2131343507468593213,0,0
techgrabyte.ai,2127717897169098997,0,0
techgrabyte.ai,2124824624217964192,0,0
max.base,2212623419720014417,0,0
max.base,2205968910662788119,1,0
max.base,2204419846259585761,0,0
max.base,2197585183456924130,1,0
max.base,2105804233520576236,1,0
max.base,2074753120417426055,1,0
max.base,2072773705290674527,1,0
max.base,2034072034486513717,0,0
max.base,2030767694837227005,0,0
max.base,2023334401110349527,0,0
max.base,2020508793363829067,0,0
max.base,2020504341470898955,0,0
sumitsaini_lc_928,2605583881814737809,0,1
sumitsaini_lc_928,2599599646318749887,0,0
sumitsaini_lc_928,2592602510951516387,0,0
sumitsaini_lc_928,2591519797141439467,0,0
sumitsaini_lc_928,2456799984880755624,0,1
sumitsaini_lc_928,2456350172821683763,0,0
sumitsaini_lc_928,2424377204260540378,0,0
sumitsaini_lc_928,2421832426734011966,0,1
sumitsaini_lc_928,2420466898597688590,0,1
sumitsaini_lc_928,2420368287239075240,0,1
sumitsaini_lc_928,2419781870750469076,0,1
sumitsaini_lc_928,2419632667495651635,0,1
pedrooladeira,2641957677335102997,0,0
pedrooladeira,2638698533048150843,0,0
pedrooladeira,2633627428168041927,0,0
pedrooladeira,2623489954564003008,0,0
pedrooladeira,2618403614167939202,0,0
pedrooladeira,2613329543369659182,0,0
pedrooladeira,2556072237484921618,0,0
pedrooladeira,2550998202010873850,0,0
pedrooladeira,2548106258805109151,0,0
pedrooladeira,2545938360373284577,0,0
pedrooladeira,2543033937241154275,0,0
pedrooladeira,2540848930150000048,0,0
leavenly_,2643077245737657557,0,0
leavenly_,2638721806887800779,0,0
leavenly_,2637299739432652793,0,1
leavenly_,2637238885895052054,0,0
leavenly_,2621460328326036167,0,1
leavenly_,2616299727795665581,0,0
leavenly_,2615472481240484893,0,0
leavenly_,2614099974327407678,0,0
leavenly_,2613338365174854625,0,0
leavenly_,2612778168496707661,0,0
leavenly_,2606911017500204097,0,0
leavenly_,2603210697083313272,0,0
daily.programming,2037988338405131886,1,0
daily.programming,2037453523020937218,1,0
daily.programming,2035813498264949602,1,0
daily.programming,2035151977151002873,1,0
daily.programming,2034655725346678037,1,0
daily.programming,2033634658838660578,1,0
daily.programming,2032917501666734465,1,0
daily.programming,2030309693104375909,1,0
daily.programming,2028558310382514796,1,0
daily.programming,2027834428961019181,1,0
daily.programming,2026531553483937141,1,0
daily.programming,2025668066733675436,1,0
openstream,2667548904046342043,0,0
openstream,2647328423234014605,0,0
openstream,2616179857302613292,0,0
openstream,2607640094597644166,0,0
openstream,2593628821237169464,0,0
openstream,2581254737845283903,0,0
openstream,2576474056296290891,0,0
openstream,2568419144991838655,0,0
openstream,2562657374599845559,0,0
openstream,2561001609954697604,0,0
openstream,2557643827574652414,0,0
openstream,2535687520571386868,0,0
android_exploiter,2546644466017313018,0,0
android_exploiter,2541322523965841924,0,0
android_exploiter,2541309027257437123,0,0
android_exploiter,2541300149375583974,0,0
les.enovateurs,2602552470629200610,0,0
les.enovateurs,2562473271975310306,0,0
les.enovateurs,2561968040370141078,0,0
les.enovateurs,2557382867852445408,0,0
les.enovateurs,2556889551725515563,0,0
les.enovateurs,2547262839375044265,0,0
les.enovateurs,2547236019141595553,0,0
les.enovateurs,2546742694265361465,0,0
les.enovateurs,2541669263092804181,0,0
les.enovateurs,2537119352485806234,0,0
les.enovateurs,2536626030049005353,0,0
les.enovateurs,2530553484336657245,0,0
ejgeek,2618091764938373948,0,0
ejgeek,2580434688255431711,0,0
ejgeek,2484673324127440187,0,0
ejgeek,2449298230039574621,0,0
ejgeek,2435846948960392212,0,0
ejgeek,2346283148991983921,0,0
ejgeek,2303903376559418016,0,0
ejgeek,2289687951005038968,0,0
ejgeek,2192403885653995533,0,0
ejgeek,2192227930398478530,0,0
ejgeek,2151583035833693430,0,0
ejgeek,2132222618832826370,0,0
noelmnw19,2622488433613086670,0,0
noelmnw19,2603058847809873991,1,1
noelmnw19,2587863252752282734,0,0
noelmnw19,2582865274555828687,0,0
noelmnw19,2514862522005692253,0,0
noelmnw19,2487007004599935371,0,0
noelmnw19,2467403038920762181,0,0
noelmnw19,2459613512731128352,0,0
noelmnw19,2451645117528197105,0,0
noelmnw19,2437227374083277417,0,0
noelmnw19,2433516220148239846,0,0
noelmnw19,2429082945535087942,0,0
mr_javascript,2658022675138405269,0,0
mr_javascript,2657642576790022581,0,0
mr_javascript,2652231825158452327,0,0
mr_javascript,2649743610630981222,0,0
mr_javascript,2646099043469870032,0,0
mr_javascript,2638126385604196861,0,0
mr_javascript,2615483831260417448,0,0
mr_javascript,2615302883331857450,0,0
mr_javascript,2611909117850096144,0,0
mr_javascript,2610419465645456041,0,0
mr_javascript,2609773465670884619,0,0
mr_javascript,2607271927031401726,0,0
admiremyart,2371070451675070761,0,0
admiremyart,2311486010942608755,0,0
admiremyart,2234701751154749753,0,0
admiremyart,2104967197326941043,0,0
admiremyart,2104921270100823668,0,0
admiremyart,2104912119320804444,0,0
admiremyart,2104889465289066094,0,0
admiremyart,2097708308122438567,0,0
admiremyart,2095664325032599687,0,0
admiremyart,2094635406300983263,0,0
admiremyart,2093404109775666152,0,0
admiremyart,2091246810365874042,0,0
rich_iosdev,2292268950966252881,0,0
rich_iosdev,2290585056391033263,0,0
rich_iosdev,2287935092766553128,1,0
rich_iosdev,2087881457090520246,0,0
rich_iosdev,2083943568761880147,0,0
rich_iosdev,2083216876107809225,0,0
rich_iosdev,2074544506312695496,1,0
rich_iosdev,2073207128692099524,0,0
rich_iosdev,2070996015883750421,0,0
rich_iosdev,2070292496365375846,0,0
rich_iosdev,2066037875170028666,0,0
rich_iosdev,2065051748690682224,0,0
themissingcolon,2318422161424773269,0,0
themissingcolon,2317689538711044289,0,1
themissingcolon,2316927879144579820,0,0
themissingcolon,2316292616712361730,0,1
themissingcolon,2313474458999816669,0,0
themissingcolon,2313125554219380946,0,0
themissingcolon,2312392943058541144,0,0
themissingcolon,2311713977069882784,0,1
themissingcolon,2310869128004295391,0,0
themissingcolon,2265190234509324014,0,0
themissingcolon,2262474197611321860,0,0
themissingcolon,2093496225668822973,0,0
hadinajafi.dev,2249555312222583753,1,0
hadinajafi.dev,2191582637540377752,1,0
hadinajafi.dev,2140550463446533672,1,0
hadinajafi.dev,2136444144208355917,1,0
hadinajafi.dev,2088630475781411264,1,0
hadinajafi.dev,2085056846179490101,1,0
hadinajafi.dev,2058571688110589131,1,0
hadinajafi.dev,2041624347868779885,1,0
hadinajafi.dev,2036429912566887003,1,0
hadinajafi.dev,2034968882611328490,1,0
hadinajafi.dev,2034815283197455655,1,0
nitw_ai,2238394012855010049,0,0
nitw_ai,2237801168410779946,0,0
nitw_ai,2236972938779054018,0,0
nitw_ai,2236221373348613860,0,0
nitw_ai,2231878312619475533,0,0
nitw_ai,2231135829274997657,0,0
nitw_ai,2230468874817867231,0,0
nitw_ai,2228204825858217119,0,0
nitw_ai,2227506489224132839,0,0
nitw_ai,2226881680853303739,0,0
nitw_ai,2226035860494894300,0,0
nitw_ai,2225357600392003384,0,0
waleedviews,2155524756531936894,0,0
waleedviews,2113767088721392258,0,0
waleedviews,2111959157662250341,0,0
waleedviews,2059482631139289998,0,0
waleedviews,2027070562024926139,0,0
waleedviews,2027068808629817673,0,0
waleedviews,2027067599646674329,0,0
waleedviews,1818223622604821023,0,0
waleedviews,1803743534270233253,0,0
waleedviews,1802853718372535237,0,0
waleedviews,1781174965527632418,0,0
waleedviews,1712940306939748841,0,0
corregou,2665104033397759951,0,0
corregou,2660789934395056173,0,0
corregou,2659967497895492384,0,0
corregou,2657879642033088834,0,0
corregou,2648428182576731442,0,0
corregou,2646100016122204080,0,0
corregou,2645366904186479179,0,0
corregou,2639678683792468539,0,0
corregou,2635956357766666925,0,0
corregou,2627374111577185376,0,0
corregou,2622397540923745781,0,0
corregou,2620644902527877407,0,0
goodrella,2448882450806377476,0,0
goodrella,2440925711481970743,0,0
goodrella,2439374567979027807,0,0
goodrella,2437272808729545616,0,1
goodrella,2436491523467236253,0,0
goodrella,2435068571542375361,0,0
goodrella,2430681145143338907,0,0
goodrella,2429219841400631170,0,0
goodrella,2427784738722887601,0,0
goodrella,2426453456187170487,0,0
goodrella,2406093611504304220,0,0
goodrella,2403194672972933390,0,0
mubi.says,2662669225121792660,0,0
mubi.says,2627629874513623212,0,0
mubi.says,2519234201737563389,0,0
mubi.says,2502151773206447445,0,0
mubi.says,2447962126348084526,0,0
mubi.says,2447496155632193440,0,0
mubi.says,2440206173783488821,0,0
mubi.says,2432658652475627563,0,0
mubi.says,2414156882619300082,0,1
mubi.says,2408864433126614369,0,0
mubi.says,2366727305190389937,0,0
mubi.says,2332262860250826606,0,1
stevensdotb.dev,2582845826968316221,0,1
stevensdotb.dev,2572714766339251185,0,0
stevensdotb.dev,2562921031149601105,1,0
stevensdotb.dev,2527056845076433280,0,0
stevensdotb.dev,2504964896530213841,0,0
stevensdotb.dev,2440991135218227060,0,0
stevensdotb.dev,2261515572059646537,0,0
stevensdotb.dev,2218708458885624736,0,0
stevensdotb.dev,2200821414914194600,1,0
stevensdotb.dev,2075570180986965976,1,0
stevensdotb.dev,2054556302274520540,0,0
stevensdotb.dev,2040516933837614277,0,0
all_aboutprogramming,2250386427248466631,0,0
all_aboutprogramming,2195837883477356614,0,0
all_aboutprogramming,2195241771712351063,0,0
all_aboutprogramming,2058544459536365489,0,0
all_aboutprogramming,2056710739128844222,0,0
all_aboutprogramming,2052437915434389430,1,0
all_aboutprogramming,2051291478084412818,1,0
all_aboutprogramming,2051091597671663153,1,0
all_aboutprogramming,2050570314018169664,1,0
all_aboutprogramming,2049824593778051567,1,0
all_aboutprogramming,2049628512398323947,1,0
all_aboutprogramming,2049626064409521211,1,0
pypanda1,2376249486751188534,0,1
pypanda1,2375297160817218214,0,0
pypanda1,2371391623214110809,0,1
pypanda1,2353706119886593356,0,1
pypanda1,2350118864232374239,1,0
pypanda1,2345736451983289947,0,0
pypanda1,2344965565229260076,0,0
pypanda1,2326205174630233378,0,0
pypanda1,2325813126617910491,0,1
pypanda1,2325127835043676048,0,0
pypanda1,2325123331938201287,0,0
pypanda1,2325122095641905151,0,0
1kitap_kardesligi,2653344875683002863,0,0
1kitap_kardesligi,2651670531443107128,0,0
1kitap_kardesligi,2641515368028017055,0,0
1kitap_kardesligi,2636498649462964562,0,0
1kitap_kardesligi,2569009181777343799,0,0
1kitap_kardesligi,2551881821624404650,1,0
1kitap_kardesligi,2539549360869452327,0,0
1kitap_kardesligi,2534129371792234563,1,0
1kitap_kardesligi,2530802651387340445,0,0
1kitap_kardesligi,2530108520532875002,0,0
1kitap_kardesligi,2529183153127318553,0,0
1kitap_kardesligi,2518558624151615598,1,0
amyholt_identifyup,2627075641229391489,0,0
amyholt_identifyup,2604610964834608941,0,0
amyholt_identifyup,2599720115118046154,0,0
amyholt_identifyup,2599034671539837880,0,0
amyholt_identifyup,2598390368891113841,0,0
amyholt_identifyup,2597584950518605571,0,0
amyholt_identifyup,2593176655435319258,0,0
amyholt_identifyup,2591058081975614979,0,0
amyholt_identifyup,2590271355661286671,0,0
amyholt_identifyup,2590207644929936564,0,0
amyholt_identifyup,2588920065232322168,0,0
amyholt_identifyup,2568521553126762328,0,0
techntales_,2499325676067738724,0,0
techntales_,2497151182647086922,0,0
techntales_,2495701676995063559,0,0
techntales_,2494251837292416993,0,0
techntales_,2493548024146552524,0,0
techntales_,2489163319121309708,0,0
techntales_,2487950466493905178,0,0
techntales_,2485554552425167712,0,0
techntales_,2484829685834644838,0,0
techntales_,2484105352913359946,0,0
techntales_,2483546609529417484,0,0
techntales_,2482970130597572185,0,0
garageman2,2664957312565196779,0,1
garageman2,2661480185377225270,0,0
garageman2,2660939420390083151,0,0
garageman2,2660242322585810482,1,0
garageman2,2638297738761289438,0,0
garageman2,2636864185842280408,0,0
garageman2,2630800205378073222,1,0
garageman2,2617018345742861041,0,0
garageman2,2614071005780343953,0,0
garageman2,2612907018697975398,0,1
garageman2,2605645929716304356,0,0
garageman2,2603276240197371128,0,0
giuli.codes,2324306147911274692,0,0
giuli.codes,2316478803083501728,0,0
giuli.codes,2311140345607495692,0,0
giuli.codes,2306787474996873983,0,0
giuli.codes,2302494488586804461,0,0
giuli.codes,2296970078488559848,0,0
giuli.codes,2296240033654508165,0,0
giuli.codes,2291686962270087315,0,0
giuli.codes,2288214899501020562,0,0
giuli.codes,2284488576228008242,0,1
giuli.codes,2277941316287704852,0,0
giuli.codes,2277310580593280483,0,0
varanasiroshan,2583469430535463964,1,0
varanasiroshan,2566972228501936275,1,0
varanasiroshan,2540703168189445793,1,1
varanasiroshan,2507195182125315686,0,0
varanasiroshan,2495705918485101266,0,0
varanasiroshan,2491705177814705048,0,0
varanasiroshan,2486948090131794454,0,0
varanasiroshan,2472525361857359761,1,0
varanasiroshan,2467592901482590096,1,0
varanasiroshan,2447427589718358039,1,0
varanasiroshan,2446619562714973074,1,0
varanasiroshan,2437312527649236044,1,0
manasdroid,2627771809307462065,0,1
manasdroid,2625475918500401152,0,1
manasdroid,2624845044939449506,0,1
manasdroid,2622853231718263723,0,1
manasdroid,2618869082909285987,0,0
manasdroid,2618630496653689135,1,0
manasdroid,2494669257941709494,1,0
manasdroid,2494666083197275502,1,0
manasdroid,2484322650217781450,1,0
manasdroid,2482698791886687663,1,0
manasdroid,2467046323148307394,1,0
manasdroid,2465913794882204203,1,0
coerente.ai,2600898194850598509,0,0
coerente.ai,2599449944645785995,0,0
coerente.ai,2424737033088957116,0,0
coerente.ai,2410926295660802220,0,0
coerente.ai,2396430963514266456,0,0
coerente.ai,2394994528579893487,0,0
coerente.ai,2390744232358014038,0,0
coerente.ai,2389284819013196450,0,0
coerente.ai,2388558720373207982,0,0
coerente.ai,2387084570869792528,0,0
coerente.ai,2384939773765696360,0,0
coerente.ai,2383230069062668115,0,0
guia.vitor,2660019121656629151,0,0
guia.vitor,2656793534705470834,0,0
guia.vitor,2622013400333914217,0,0
guia.vitor,2603138084293267446,0,0
guia.vitor,2596553309232073234,0,1
guia.vitor,2588620476793596146,0,0
guia.vitor,2578851126322912940,0,0
guia.vitor,2567633653590355138,0,0
guia.vitor,2512536149572198293,0,0
guia.vitor,2503073031041542301,0,0
guia.vitor,2502295487417665920,0,0
guia.vitor,2386392887972051441,0,0
acatesmedia,2580410000648385869,0,0
acatesmedia,2577150701943796818,0,0
acatesmedia,2541147177737139744,0,0
acatesmedia,2541116285681659715,0,1
acatesmedia,2501192851560532415,0,0
acatesmedia,2483285275984520703,0,1
acatesmedia,2483282426827138184,0,1
acatesmedia,2438270039863034560,0,1
acatesmedia,2438263252044520478,0,1
acatesmedia,2377999159021410052,0,1
acatesmedia,2320823896607894668,0,1
acatesmedia,2311578043015966653,0,0
takara.777,2668381184803093940,0,0
takara.777,2668372867590481477,0,0
takara.777,2667674904090234354,0,0
takara.777,2667547834573060994,0,0
takara.777,2665447965184088137,0,0
takara.777,2662495428873152209,0,0
takara.777,2660517062371571862,0,0
takara.777,2658207337467594036,0,0
takara.777,2656086893901663645,0,0
takara.777,2655813909949673499,0,0
takara.777,2655279130728487293,0,0
takara.777,2654551373015097780,0,0
daniilaks,2666302907785771749,0,1
daniilaks,2664125353201127181,0,0
daniilaks,2661359442052292996,0,0
daniilaks,2627919735916749315,0,0
daniilaks,2601430222490437083,0,0
daniilaks,2598640388910782101,0,0
daniilaks,2574770482599564617,0,0
daniilaks,2489641674876196325,0,0
daniilaks,2396631741264663798,1,1
daniilaks,2361141448925330880,0,0
daniilaks,2307595751603157572,1,0
daniilaks,2294910755746616618,0,1
_technically,2484396697204051267,0,0
_technically,2482231540034132130,0,1
_technically,2479336231671077386,0,0
_technically,2469135154644322601,0,0
_technically,2466397625973330474,0,0
_technically,2466282696146490367,1,1
_technically,2464816209527339621,0,1
_technically,2464201577209203351,0,0
_technically,2461307264011859478,1,1
_technically,2460576377196422610,0,0
_technically,2456118847066030412,0,0
_technically,2436542251158154950,0,0
developer.king,2599403472764638198,0,0
developer.king,2385528337746454119,0,0
developer.king,2364767512576454608,0,0
developer.king,2347021851336851180,0,0
developer.king,2345074490473581178,0,0
developer.king,2339060649759397772,0,0
developer.king,2336267209430625180,0,1
developer.king,2332230999611554113,0,0
developer.king,2326285508822448631,0,0
developer.king,2325292285236878142,0,0
developer.king,2325022818007261197,0,0
developer.king,2324912416116216134,0,0
coding.dreams,2071992743467914335,0,0
coding.dreams,2071992182580342011,1,0
coding.dreams,2071991128191040699,1,0
coding.dreams,2071990746056290405,0,0
coding.dreams,2065352409212062445,1,0
coding.dreams,2062286174069032069,1,0
coding.dreams,2061017047991913435,1,0
coding.dreams,2061016162314430825,1,0
coding.dreams,2061015813885102269,0,0
coding.dreams,2061015536121422200,1,0
coding.dreams,2057108135903338389,1,0
coding.dreams,2056557054395718525,1,0
doctorcode9,2507004411084180886,0,0
doctorcode9,2489472856312945425,0,0
doctorcode9,2464239242025514232,0,0
doctorcode9,2404101012907506568,0,0
doctorcode9,2399702767619860385,0,0
doctorcode9,2398325731823224000,0,0
doctorcode9,2396879763017862309,0,0
doctorcode9,2395774013973682301,0,0
doctorcode9,2394385250122737118,0,0
doctorcode9,2380763402361554679,0,0
doctorcode9,2377724949457657990,0,0
doctorcode9,2376584397521587533,0,0
carlosnani80,2632178769605967209,0,0
carlosnani80,2507166234303599661,0,0
carlosnani80,2506768626498167480,0,0
carlosnani80,2488294420869690402,0,0
carlosnani80,2451165228139184667,0,0
carlosnani80,2390262371714364381,0,0
carlosnani80,2366230611406116449,0,0
carlosnani80,2323471208802533580,0,0
carlosnani80,2293264019257476976,0,0
carlosnani80,2291170451801794464,0,0
carlosnani80,2282908493151610958,0,0
carlosnani80,2265726683774861795,0,0
connection_loops,2669063809417313982,0,0
connection_loops,2667622706851704524,0,0
connection_loops,2665966520444286719,0,1
connection_loops,2664008761708400663,0,0
connection_loops,2663170826675411620,0,0
connection_loops,2661827980789595092,0,0
connection_loops,2659401578668779304,0,0
connection_loops,2658192839672460448,1,1
connection_loops,2655838155586460093,0,0
connection_loops,2654568320445459662,0,0
connection_loops,2653132281646633697,0,0
connection_loops,2651466147390275305,0,0
l_agent_titi,2669249611295017796,0,0
l_agent_titi,2669122176880616387,0,0
l_agent_titi,2668716815803686943,0,0
l_agent_titi,2667895557977530890,0,0
l_agent_titi,2665134293622648358,0,0
l_agent_titi,2664737955323905644,0,0
abda.mrdhtllh,2492162916201958330,0,0
lets_linux,2413721718653726319,0,0
lets_linux,2413720448450706073,0,0
lets_linux,2413077948363171445,0,0
lets_linux,2319341730572510634,0,1
lets_linux,2313138716966902297,0,1
lets_linux,2285840383260782338,0,1
lets_linux,2270960845569900627,0,0
lets_linux,2264580140216480314,0,0
lets_linux,2264330994725253225,0,0
lets_linux,2263031196407716713,1,1
lets_linux,2262169770537449428,0,0
lets_linux,2211144693750795884,0,1
coding.hub,2155018721621955243,0,0
coding.hub,2151713236213643868,1,0
coding.hub,2150817869372726451,1,0
coding.hub,2145658482044745653,1,0
coding.hub,2143673871726042033,1,0
coding.hub,2143448432484061625,1,0
coding.hub,2143032625266625456,1,0
coding.hub,2142316602972334320,0,0
coding.hub,2142198587396153900,1,0
coding.hub,2141659450846975438,1,0
coding.hub,2141332839396098744,1,0
coding.hub,2140607762446861329,1,0
_carmellajones,2664165371382971646,0,0
_carmellajones,2664137402841172838,0,0
_carmellajones,2658249316941115260,0,0
_carmellajones,2657592308462169344,0,0
_carmellajones,2654924669822577217,0,0
_carmellajones,2652550324472155162,0,1
_carmellajones,2651051989512980314,0,1
_carmellajones,2649491398905005644,0,0
_carmellajones,2649256447341475333,0,0
_carmellajones,2647018715146681554,0,0
_carmellajones,2630127492092887300,0,0
_carmellajones,2614555145986461593,0,0
bharasyah_,2669607117811834221,0,0
bharasyah_,2532341909599596322,1,0
bharasyah_,2532341537279683124,1,0
bharasyah_,2532341209830501809,0,0
bharasyah_,2489877395684156559,0,0
bharasyah_,2489876927666892860,1,0
bharasyah_,2489876529174502089,0,0
bharasyah_,2415511856073791523,1,0
bharasyah_,2374541965879760494,1,0
bharasyah_,2324971193020817439,1,0
officialkyleberry,2500514980227543095,0,0
officialkyleberry,2500007517132817906,0,0
officialkyleberry,2499588230287164225,0,0
officialkyleberry,2499121990003158816,0,0
officialkyleberry,2447005434310079940,0,0
officialkyleberry,2423369694640666327,0,0
officialkyleberry,2409480806944640348,0,0
officialkyleberry,2401575877357717214,0,0
officialkyleberry,2400851928365208948,0,0
officialkyleberry,2395705820882877529,0,0
infokiecz,2333050571889616930,0,0
infokiecz,2314598993709356626,0,0
infokiecz,2313217311144026909,0,0
infokiecz,2313150063951487480,0,0
infokiecz,2311699579013443053,0,0
infokiecz,2310938364435515214,0,0
infokiecz,2309526989998041002,1,0
infokiecz,2309060493199190810,0,0
infokiecz,2308104804699932634,0,0
infokiecz,2306223875530582653,0,0
e.micheldev,2624288717374511509,0,0
e.micheldev,2622782171745827510,0,0
e.micheldev,2617554535733832314,0,0
e.micheldev,2606033318140962306,0,0
e.micheldev,2595979727447608230,0,0
e.micheldev,2541302843986689155,0,1
e.micheldev,2537860648665126134,0,0
e.micheldev,2536432705821631226,0,0
e.micheldev,2536375327773564386,0,0
e.micheldev,2516081610873634450,0,1
e.micheldev,2504411660047895641,0,0
e.micheldev,2503734498713205728,0,0
oil_exploration,2664950352629408174,0,0
oil_exploration,2664946877052941540,0,0
oil_exploration,2662843750300317247,0,0
oil_exploration,2662568659106885175,0,0
oil_exploration,2661265360954446268,0,0
oil_exploration,2659779473614045576,0,0
oil_exploration,2659606517218906645,0,0
oil_exploration,2656939898358753457,0,0
oil_exploration,2642508327793580479,0,0
oil_exploration,2640334832328435744,0,0
oil_exploration,2629779749855386461,0,0
oil_exploration,2624701641553944927,0,0
xtybells,2209045743863743488,0,0
xtybells,2101198949830794692,0,1
xtybells,2099669668550545476,0,0
xtybells,2063421810129775569,0,0
xtybells,2049277898415632747,0,0
xtybells,1956533607004577978,0,1
xtybells,1943968617936461392,0,0
xtybells,1937858181117931490,0,0
xtybells,1932193693748315756,0,0
xtybells,1931901971206055470,0,0
xtybells,1886439383293512081,0,0
xtybells,1873424205267411416,0,1
creativcode.ru,2668297015549253756,0,1
creativcode.ru,2662535470788317038,0,1
creativcode.ru,2650943959745706063,0,1
creativcode.ru,2648079505378236022,0,0
creativcode.ru,2645228901954864010,0,1
creativcode.ru,2599418052274535256,1,0
creativcode.ru,2595874679566881968,0,1
creativcode.ru,2592882848852286302,0,1
creativcode.ru,2519701856583278374,1,1
creativcode.ru,2517570023065674690,1,1
creativcode.ru,2516264494011922514,1,0
creativcode.ru,2506777826595300062,1,1
sobhanbera_,2564655438238885398,1,0
sobhanbera_,2461733096874203513,1,0
sobhanbera_,2461731628574198220,0,0
sobhanbera_,2451074376897053257,0,0
sobhanbera_,2412717648228985376,0,0
sobhanbera_,2182770031040071373,1,0
geek_eletronic,2462789286114792883,0,0
geek_eletronic,2461969244208829155,0,0
geek_eletronic,2451057973494284206,0,0
geek_eletronic,2450318556278077846,0,0
geek_eletronic,2435329663854242123,0,0
geek_eletronic,2434629215732336618,0,0
geek_eletronic,2433767828910825004,0,0
geek_eletronic,2432888480402173882,0,0
geek_eletronic,2314283522195701532,0,0
geek_eletronic,2309215543321740191,0,0
geek_eletronic,2309101093516309904,0,0
geek_eletronic,2304855161962751328,0,0
techgirlalchemy,2508540017586823437,0,0
techgirlalchemy,2479250015841471451,0,0
techgirlalchemy,2473736294776005497,0,0
techgirlalchemy,2381492482574631227,0,0
techgirlalchemy,2298127451263325048,0,0
techgirlalchemy,2274182884361146540,0,0
techgirlalchemy,2266150646407070583,0,0
techgirlalchemy,2242261563083722499,0,0
techgirlalchemy,2160519103809774180,0,0
techgirlalchemy,2146005930108803603,0,0
techgirlalchemy,2145407194454459839,0,0
techgirlalchemy,2143630662920692237,0,0
mbilal.ashraf1991,2661805213786422177,0,0
mbilal.ashraf1991,2661679026581942248,0,0
mbilal.ashraf1991,2648882680947406369,0,0
mbilal.ashraf1991,2640000108121271993,0,0
mbilal.ashraf1991,2623339461031645247,0,0
mbilal.ashraf1991,2611130728671114815,0,0
mbilal.ashraf1991,2580777554991175925,0,0
mbilal.ashraf1991,2579449734075738644,0,0
mbilal.ashraf1991,2570135274135548996,1,0
mbilal.ashraf1991,2547382829193452093,0,0
mbilal.ashraf1991,2533387462471618273,0,0
mbilal.ashraf1991,2533386041768599105,0,0
your_it_recruiter,2638682877188019410,1,0
your_it_recruiter,2489982114444132414,0,0
your_it_recruiter,2475703637595594454,1,0
your_it_recruiter,2402428472497595290,1,0
your_it_recruiter,2301637158882237731,1,0
your_it_recruiter,2273936084171966540,1,0
your_it_recruiter,2267558059146672288,1,1
your_it_recruiter,2261746075956264389,0,0
your_it_recruiter,2247908210274285619,0,0
your_it_recruiter,2242185767201833987,0,0
your_it_recruiter,2238597969030954860,0,0
your_it_recruiter,2161010960779766563,0,0
adelinopsilva,2665736366047349624,0,0
adelinopsilva,2581522479839510043,0,0
adelinopsilva,2521296769636542130,0,0
adelinopsilva,2521250803654856991,0,0
adelinopsilva,2463483546330177913,0,0
adelinopsilva,2376624860031222281,0,0
adelinopsilva,2376622225295192034,0,0
adelinopsilva,2366476379090061143,0,0
adelinopsilva,2363462309286150367,0,0
adelinopsilva,2358404714527710492,0,0
adelinopsilva,2353184570826080294,0,0
adelinopsilva,2353060793375015864,0,0
import.coder.forever,2607308911263173265,0,0
import.coder.forever,2574194668388599931,0,0
import.coder.forever,2573653812686378793,0,0
import.coder.forever,2528687925697280788,0,0
import.coder.forever,2528683469643568747,0,0
import.coder.forever,2460912309959168655,0,0
import.coder.forever,2460883614594950363,0,0
import.coder.forever,2460879996638576206,0,0
import.coder.forever,2435584372141889815,0,0
import.coder.forever,2435526022595222936,0,0
import.coder.forever,2389858152444221878,0,0
import.coder.forever,2387498663430643951,0,0
bootstrapstarter,2667164327700886306,0,0
bootstrapstarter,2665476949259983969,0,0
bootstrapstarter,2659588525994968802,0,0
bootstrapstarter,2659029828428660967,0,0
bootstrapstarter,2647556075341139620,0,0
bootstrapstarter,2642896176040431366,0,0
bootstrapstarter,2639977173106181956,0,0
bootstrapstarter,2632147532156765484,0,1
bootstrapstarter,2631621660882723149,0,0
bootstrapstarter,2630064262472722416,0,0
bootstrapstarter,2628491788165446336,0,1
bootstrapstarter,2627997235498992411,0,0
the_logical_coder,2313815764479508792,0,0
the_logical_coder,2309642855834040040,0,0
the_logical_coder,2305182632557906606,0,0
the_logical_coder,2156188828250018791,0,0
the_logical_coder,2156175200897560402,0,1
the_logical_coder,2155371251168876744,0,0
the_logical_coder,2154687128066510191,0,0
the_logical_coder,2154682238338509383,0,1
the_logical_coder,2144574947341836405,0,0
the_logical_coder,2144570332198112280,0,1
the_logical_coder,2125418223494012119,0,0
the_logical_coder,2125012392135040123,0,0
memes_d_ti,2091174153863652944,0,0
memes_d_ti,2090802636625745304,1,0
memes_d_ti,2090801691900665941,0,1
memes_d_ti,2090798781028589843,0,0
memes_d_ti,2090797962677872067,0,0
memes_d_ti,2085090476261611195,0,0
memes_d_ti,2085006172873399857,0,0
memes_d_ti,2084933814762570591,0,0
memes_d_ti,2084932320382253078,0,0
memes_d_ti,2084619375500849271,0,0
memes_d_ti,2084617611628215266,0,0
memes_d_ti,2084386833774192329,1,0
gamemega4,2664836354441923240,0,0
gamemega4,2664832309245502465,0,0
gamemega4,2664780828140004844,0,0
gamemega4,2663875523012420154,0,0
gamemega4,2663873138047127281,0,0
gamemega4,2663870933638337419,0,0
gamemega4,2663481295312535305,0,0
gamemega4,2663479008813116437,0,0
gamemega4,2663474484324978728,0,0
gamemega4,2663462083034679802,0,0
gamemega4,2663455846834375964,0,0
gamemega4,2663452838193214376,0,0
official_nanakai,2475880039973827186,0,0
official_nanakai,2475876543853649720,1,0
official_nanakai,2475865253089234962,1,0
official_nanakai,2475863842427491352,0,0
official_nanakai,2475856590433756797,0,0
official_nanakai,2432789789118752894,1,0
official_nanakai,2432611151891093974,0,1
official_nanakai,2407194892777031015,1,0
official_nanakai,2348077728698552377,1,0
official_nanakai,2334349686042119507,1,0
official_nanakai,2332865598588321356,1,0
official_nanakai,2329315516782409447,1,1
lawless8021,2140903350022304143,0,0
lawless8021,2140735011773718868,0,1
lawless8021,2140638179412515956,0,0
lawless8021,2140608101253191469,0,0
lawless8021,2140591176565488557,0,0
lawless8021,2140067186361048211,0,0
lawless8021,2139389770596771255,0,0
lawless8021,2128551489772695084,0,0
lawless8021,2128550559098508407,0,0
lawless8021,2127884775699414090,0,0
lawless8021,2122344786991461055,0,0
lawless8021,2122294556870596611,0,0
basssilisk,2657363981667569502,0,0
basssilisk,2636571710934851042,0,1
basssilisk,2633615645293194065,0,1
basssilisk,2632952805297383766,0,1
basssilisk,2632044373929241728,0,1
basssilisk,2631421323290590572,0,1
basssilisk,2629951230626921258,0,1
basssilisk,2627141646109975952,0,0
basssilisk,2626573905674121450,0,1
basssilisk,2626519840575683150,0,0
basssilisk,2622890993078721345,0,1
basssilisk,2621469753143067293,0,0
techwithabett,2653956591046662670,0,1
techwithabett,2640564403741992687,0,0
techwithabett,2598587363160705528,0,0
techwithabett,2590576537775214772,0,0
techwithabett,2586251812202699433,0,0
techwithabett,2581842083120576859,1,0
techwithabett,2580390384333796842,0,0
techwithabett,2579667796175449699,0,0
techwithabett,2579331603995018503,0,0
techwithabett,2578500117007734713,0,0
techwithabett,2578448451596348347,0,0
techwithabett,2577902754962733324,0,0
bboi_tech,2645715390441590679,0,1
bboi_tech,2642948039774085411,0,1
bboi_tech,2600359707697602794,0,0
bboi_tech,2594654450828988858,0,0
bboi_tech,2480237371719729279,0,1
bboi_tech,2421308956388543029,0,1
bboi_tech,2364935416456733267,1,0
bboi_tech,2360201863710090569,1,0
bboi_tech,2359539818778064394,0,0
bboi_tech,2354610659370747864,0,1
bboi_tech,2320479890639437983,0,1
bboi_tech,2320039952796508176,0,0
google.play.gift.coode,2153944285136689828,0,0
google.play.gift.coode,2153401318047109867,0,0
google.play.gift.coode,2153400294427087566,0,0
google.play.gift.coode,2153399943020088719,0,0
google.play.gift.coode,2153399195930681070,0,0
google.play.gift.coode,2153398184214113875,0,0
google.play.gift.coode,2153365562033255194,0,0
google.play.gift.coode,2153362530021219955,0,0
google.play.gift.coode,2153360601513944264,0,0
google.play.gift.coode,2153360351080390952,0,0
google.play.gift.coode,2153360025820409140,0,0
google.play.gift.coode,2153145475082988437,0,0
divyansh_patel90,2600030801184435697,0,0
divyansh_patel90,2551029092299227355,1,0
divyansh_patel90,2535846314465172256,0,0
divyansh_patel90,2535127729199548987,0,0
divyansh_patel90,2514792580989623133,0,0
divyansh_patel90,2501701012212762538,0,0
divyansh_patel90,2500790312783141860,0,0
divyansh_patel90,2494877410595300673,0,0
divyansh_patel90,2492340761386657262,0,0
divyansh_patel90,2490935742452052950,0,0
divyansh_patel90,2487942860585666402,0,0
divyansh_patel90,2487206704801903662,0,0
lidermuhendis,2642294140222343783,0,0
lidermuhendis,2627021033708530760,0,0
lidermuhendis,2623412095591323997,0,0
lidermuhendis,2616203733883660709,0,0
lidermuhendis,2577016057658032461,0,0
lidermuhendis,2574107981514687782,0,0
lidermuhendis,2573415762172573460,0,0
lidermuhendis,2573410432218579933,0,0
lidermuhendis,2562154017151912605,0,0
lidermuhendis,2562099795916093933,0,0
lidermuhendis,2560689151253874258,0,0
lidermuhendis,2472158004756982766,0,0
ag_the_coder,2660467475892103067,0,1
ag_the_coder,2659834191378102622,0,1
ag_the_coder,2644983969472615082,0,1
ag_the_coder,2634062635112806036,0,1
ag_the_coder,2595105822003360869,0,1
ag_the_coder,2588831809325034232,0,1
ag_the_coder,2584371697869011963,0,1
ag_the_coder,2575427870537103135,0,0
ag_the_coder,2574951237246082340,0,1
ag_the_coder,2509848399168284507,0,0
ag_the_coder,2508365838424337764,1,0
ag_the_coder,2502926392770073827,1,0
ui_point,2135004699779351772,0,0
ui_point,2130661295058555287,0,0
ui_point,2130429769662270989,0,0
ui_point,2129931495339650828,0,0
ui_point,2129720265735716123,0,0
ui_point,2127564155880745197,0,0
ui_point,2124857865849089779,0,0
ui_point,2124616556819331684,0,0
ui_point,2121943677497697638,0,0
ui_point,2121717681922112533,0,0
ui_point,2121218993697198226,0,0
ui_point,2120992501977331600,0,0
webcooks.in,2656701994748939014,0,0
webcooks.in,2647897770027634392,0,0
webcooks.in,2639137212122566827,0,0
webcooks.in,2638705518996370459,0,0
webcooks.in,2632232740214743196,0,0
webcooks.in,2630625341917642861,0,0
webcooks.in,2630022609234120537,0,0
webcooks.in,2629175025439441499,0,0
webcooks.in,2628494325543401995,0,0
webcooks.in,2627734133260241396,0,0
webcooks.in,2627712475141019729,0,0
webcooks.in,2626878856415921958,0,0
viktorstargazer,2662769476527145188,0,1
viktorstargazer,2649783561622008145,0,1
viktorstargazer,2634576535878948476,0,0
viktorstargazer,2633937530014416823,0,0
viktorstargazer,2615777124386360716,0,1
viktorstargazer,2615076919559197343,0,1
viktorstargazer,2601289232993889062,0,0
viktorstargazer,2593292284210872121,0,0
viktorstargazer,2588753602820766088,0,0
viktorstargazer,2588320241165879869,0,0
viktorstargazer,2543893587974992756,0,0
viktorstargazer,2538269139364391007,0,0
kroyx,2331488291278706372,0,0
kroyx,2306989380907353714,0,0
kroyx,2043951080854650996,0,0
kroyx,2022303929211404421,0,0
kroyx,2017729633903347167,0,0
kroyx,1838730803322560648,0,0
kroyx,1737376541103790663,1,0
kroyx,1677758452464388619,0,1
kroyx,1421109988915289046,1,0
alive.dev,2322945812038878116,0,0
alive.dev,2321551421906014772,0,0
alive.dev,2316303504345493368,0,0
alive.dev,2315049016724902392,0,0
alive.dev,2312108181549961450,0,0
alive.dev,2309096464372898724,0,0
alive.dev,2303258834506774580,0,0
alive.dev,2298896079640417270,0,1
alive.dev,2153115801062691582,0,0
alive.dev,2140394971018843200,0,0
alive.dev,2139608830103682212,0,0
alive.dev,2138661642225818773,0,0
creativetocoder,2582188292221762922,0,1
creativetocoder,2567793504076894850,0,0
creativetocoder,2558377869858767691,0,1
creativetocoder,2557660796092073290,0,0
creativetocoder,2557651756125458370,0,0
creativetocoder,2556822251399846123,0,0
creativetocoder,2553991768194625604,0,0
creativetocoder,2548225551110393704,0,0
creativetocoder,2548222062123004366,0,1
creativetocoder,2547744734160521258,0,0
creativetocoder,2546876677883963003,0,0
creativetocoder,2546771523279442550,0,1
fordprefect02,2671197134855940411,0,0
fordprefect02,2671093282044816567,0,0
fordprefect02,2654634751913375712,0,0
fordprefect02,2649633984008593630,0,0
fordprefect02,2533052486764577817,0,0
fordprefect02,2496092844293772230,0,0
fordprefect02,2468207016020523266,1,0
fordprefect02,2428433436042965855,0,0
fordprefect02,2427998429860171231,0,0
fordprefect02,2427961627862456672,0,0
fordprefect02,2422808451475818319,0,0
fordprefect02,2422777937234543523,0,0
cyphervew,2598532624183298077,0,0
cyphervew,2597230036410265139,0,0
cyphervew,2596560371761669336,0,0
cyphervew,2595859790663432686,0,0
cyphervew,2595788898402868149,0,0
cyphervew,2593491804317113146,0,0
cyphervew,2592258797880076868,0,0
cyphervew,2591480445091183839,0,0
cyphervew,2591343757010277560,1,1
cyphervew,2591278738721577048,0,0
cyphervew,2590912173169826001,0,0
cyphervew,2590766266377916384,0,0
ux_ui_xd,2519335589120185380,0,0
ux_ui_xd,2517099152312213483,0,0
ux_ui_xd,2516935372953388867,0,0
ux_ui_xd,2516443341005042513,0,0
ux_ui_xd,2516443110033112051,0,0
ux_ui_xd,2516442732579488508,0,0
ux_ui_xd,2514956591233674508,0,0
ux_ui_xd,2514949721215348645,0,0
ux_ui_xd,2514946840877648590,0,0
ux_ui_xd,2104690946154434659,1,0
ux_ui_xd,2104690943285622230,0,0
ux_ui_xd,2104689359088733614,0,0
programemos.ok,2545479793407761006,0,0
programemos.ok,2536733519146541425,0,0
programemos.ok,2534657408535328921,0,0
programemos.ok,2530986637535246415,0,0
programemos.ok,2530986508635904186,0,0
programemos.ok,2530986393149982097,0,0
programemos.ok,2473719930395180930,0,0
programemos.ok,2469309561119649500,0,0
programemos.ok,2438920396393807647,0,0
programemos.ok,2434540531913591709,0,0
programemos.ok,2431633037419635087,0,0
programemos.ok,2428103997010456778,0,0
neonaurk,2609764531955019999,0,0
neonaurk,2606118503817036013,0,0
neonaurk,2605270523106868886,0,0
neonaurk,2565462302708347836,0,0
neonaurk,2553738011503720897,0,0
neonaurk,2534220581966346239,0,0
neonaurk,2492948118389398180,0,0
neonaurk,2435943569368190569,0,0
neonaurk,2431552837060421464,0,0
neonaurk,2429350359384711224,0,0
neonaurk,2414101531857348035,0,0
neonaurk,2353035608325531635,0,0
codingforcats,2374971568163060088,0,0
codingforcats,2362783134992380479,0,0
codingforcats,2360518817513446086,0,0
codingforcats,2359852747408523340,0,0
codingforcats,2359106944079366711,0,0
codingforcats,2357695757487864765,0,0
codingforcats,2356197842252529705,0,0
codingforcats,2355471139951854278,0,0
codingforcats,2354785017491688444,0,0
codingforcats,2354095316711696959,0,0
codingforcats,2353364766254378480,0,0
codingforcats,2352587810353160829,0,0
vijay_kumar_jadon,2669144747926300032,0,0
vijay_kumar_jadon,2668325151849581489,0,0
vijay_kumar_jadon,2666840237564378513,0,0
vijay_kumar_jadon,2666832857149723486,0,0
vijay_kumar_jadon,2665367483044538448,0,0
vijay_kumar_jadon,2662522261054899948,0,0
vijay_kumar_jadon,2662504538518108580,0,0
vijay_kumar_jadon,2661956291168959312,0,0
vijay_kumar_jadon,2658275298279508481,0,0
vijay_kumar_jadon,2658270730657458148,0,0
vijay_kumar_jadon,2655188905782806179,0,0
vijay_kumar_jadon,2655182041258949038,0,0
r1faldo,2617353652133923783,0,1
r1faldo,2616052473235850387,0,1
r1faldo,2614652732707113412,1,1
r1faldo,2613934452098882953,0,1
r1faldo,2612902203324817372,0,1
r1faldo,2612290280149380838,0,1
r1faldo,2612203934454078996,0,1
r1faldo,2611458962679188145,0,1
r1faldo,2611179509239584026,0,1
kiustudios,2668617241535282314,0,1
kiustudios,2667896194867778975,0,0
kiustudios,2666450041291659638,0,1
kiustudios,2664976650001509520,0,1
kiustudios,2663547601018128552,0,0
kiustudios,2662818499091665199,0,1
kiustudios,2662000141473308211,0,1
kiustudios,2661995662109662570,0,0
kiustudios,2661365374577259358,0,1
kiustudios,2659742636736491655,0,0
kiustudios,2658292976557641797,0,0
kiustudios,2653219362679050055,0,0
josephali,2605949232268712652,0,0
josephali,2581513808486288731,0,0
josephali,2500246787975316391,0,0
josephali,2465662006281561907,0,0
josephali,2410993135973082401,0,0
josephali,2403078942762601065,0,0
josephali,2399514894544426413,0,1
josephali,2398224600117152413,0,0
josephali,2381412840685038385,0,0
josephali,2380875239259485279,0,1
josephali,2367019725874472655,0,1
josephali,2365679005309718687,0,0
psit_cse_wale,2671405140187382596,0,0
psit_cse_wale,2669131125966115249,0,0
psit_cse_wale,2663153146256640088,0,0
psit_cse_wale,2661658391422132844,0,0
psit_cse_wale,2654627615002324502,0,0
psit_cse_wale,2647965519019659576,0,0
psit_cse_wale,2645659820604278826,0,0
psit_cse_wale,2627212280195963558,0,1
psit_cse_wale,2626239805555440716,0,1
psit_cse_wale,2625691341511649013,0,1
psit_cse_wale,2621443012813881066,0,0
psit_cse_wale,2621432150296344001,0,0
_.the_idiotic_programmer._,2219091450027813677,0,0
_.the_idiotic_programmer._,2206576419717482257,0,0
_.the_idiotic_programmer._,2205979202199692006,0,0
_.the_idiotic_programmer._,2205689115301794793,0,0
_.the_idiotic_programmer._,2204301869151517583,0,0
_.the_idiotic_programmer._,2203834784948527223,0,0
_.the_idiotic_programmer._,2203206810834349686,0,1
_.the_idiotic_programmer._,2203102389131747084,0,0
_.the_idiotic_programmer._,2202821758023837012,0,0
_.the_idiotic_programmer._,2202518578077502622,0,1
_.the_idiotic_programmer._,2196535849838128517,0,0
_.the_idiotic_programmer._,2196321446203099853,0,0
blank_bin,2663894909908733135,0,0
blank_bin,2662468453877960772,0,0
blank_bin,2652604423209431945,0,0
blank_bin,2650117753973755278,0,0
blank_bin,2644272963046997034,0,0
blank_bin,2641418873266851224,0,0
blank_bin,2638466278227247771,0,0
blank_bin,2637274489327219033,0,0
blank_bin,2635518303347905688,0,0
blank_bin,2634371787429532385,0,0
blank_bin,2633311775383595069,0,0
blank_bin,2632071619506773413,0,0
codewithsagban,2528313206502335869,0,0
codewithsagban,2485161388666959751,0,0
codewithsagban,2471013020705274067,0,0
codewithsagban,2469203530540528056,0,0
codewithsagban,2457372151582347066,0,0
codewithsagban,2456179463306646052,0,0
codewithsagban,2329246290229319966,0,0
codewithsagban,2329117608487499295,0,0
codewithsagban,2328362211392869545,0,0
codewithsagban,2326921081094520939,0,0
codewithsagban,2326132899121821661,0,0
codewithsagban,2320540332137183303,0,0
natiicodes,2665765629549526050,0,0
natiicodes,2658318651777928968,0,1
natiicodes,2656522829903457441,0,1
natiicodes,2652905889441213061,0,0
natiicodes,2650562833097759798,0,0
natiicodes,2647028343028262547,0,0
natiicodes,2599729429484651166,0,0
natiicodes,2598296133626124400,0,0
natiicodes,2551919009637382309,0,0
natiicodes,2537422454424207333,0,0
natiicodes,2531715362749033551,0,0
natiicodes,2525783909078177266,0,1
bugajskypl,2583601709612665207,0,0
bugajskypl,2569145563633730296,0,0
bugajskypl,2547857835455176888,0,0
bugajskypl,2475655240788019883,0,0
bugajskypl,2392798340749429152,0,0
bugajskypl,2387724931845603597,0,0
bugajskypl,2384048112315496290,0,0
bugajskypl,2382651511131047571,0,0
bugajskypl,2381941806943324211,0,0
bugajskypl,2373906910572247700,0,0
bugajskypl,2370027375556595296,0,0
bugajskypl,2359411775658696139,0,0
a_programmer.life,2601549022017070056,0,0
a_programmer.life,2596464118085380314,0,0
a_programmer.life,2596460559319108819,0,0
a_programmer.life,2593102630416037494,0,0
a_programmer.life,2593101344241130671,0,0
a_programmer.life,2593100742861959869,0,0
a_programmer.life,2593100044854135648,0,0
a_programmer.life,2593099612908094107,0,0
a_programmer.life,2589460746685850364,0,0
a_programmer.life,2589459336015432916,0,0
a_programmer.life,2589458449675225937,0,0
a_programmer.life,2589076945346334023,0,0
selfgamedeveloper,2579275562566515637,0,1
selfgamedeveloper,2561287161267545688,0,0
selfgamedeveloper,2514954314198071945,0,1
selfgamedeveloper,2513918186800242456,0,1
selfgamedeveloper,2512619090592392205,0,0
selfgamedeveloper,2474151085906725340,0,0
selfgamedeveloper,2446865523168510250,0,0
selfgamedeveloper,2408943447246360264,0,0
selfgamedeveloper,2355885243755375492,0,1
selfgamedeveloper,2325632879752547307,0,0
selfgamedeveloper,2323412734007215903,0,0
selfgamedeveloper,2286614986042003334,0,0
ssdc_hive.of.developers,2663106295001782089,0,0
ssdc_hive.of.developers,2663102032574131223,0,0
ssdc_hive.of.developers,2655853359768445846,0,0
ssdc_hive.of.developers,2649426963194042871,0,0
ssdc_hive.of.developers,2646393037085005137,0,0
ssdc_hive.of.developers,2641556928891152671,0,0
ssdc_hive.of.developers,2640611327928032038,0,0
ssdc_hive.of.developers,2639936179008909755,0,0
ssdc_hive.of.developers,2637708432278717042,0,0
ssdc_hive.of.developers,2637009908754973929,0,0
ssdc_hive.of.developers,2635538536971114478,0,0
ssdc_hive.of.developers,2634103067758577466,0,0
evert7877,2629455414226285208,0,0
evert7877,2616496439000224234,0,0
evert7877,2610260557603609833,0,0
evert7877,2595126028506904710,0,0
evert7877,2585356348028185679,0,1
evert7877,2581305987418576713,0,0
evert7877,2572732276059036622,0,0
evert7877,2565361616476757758,0,0
evert7877,2564005786720589337,0,0
evert7877,2561239760522143114,0,0
evert7877,2561005523415991638,0,0
evert7877,2558930554821351523,0,0
lucas.dclrcq,2665563681461599161,0,0
lucas.dclrcq,2577264614585102789,0,0
lucas.dclrcq,2557682621496961918,0,0
lucas.dclrcq,2551160751649990583,0,1
lucas.dclrcq,2545341082875918629,0,0
lucas.dclrcq,2114848076983508452,0,0
lucas.dclrcq,2111959379774545936,0,0
lucas.dclrcq,1913379997370159554,0,0
lucas.dclrcq,1904633259260018555,0,1
lucas.dclrcq,1901769407967091467,0,0
lucas.dclrcq,1790875971500341584,0,0
lucas.dclrcq,1707511453940913888,0,0
amudrevskyi,2045285780621734088,0,0
amudrevskyi,1983671965861613718,0,0
amudrevskyi,1959708524549516470,0,0
amudrevskyi,1952302160302878225,0,0
amudrevskyi,1940833267280651651,0,0
amudrevskyi,1937975725546275419,0,0
amudrevskyi,1935505209967358932,0,0
amudrevskyi,1933717082617601746,0,0
amudrevskyi,1776343210399104119,0,0
amudrevskyi,1720208040346417697,0,0
amudrevskyi,1707632435956544115,0,0
amudrevskyi,1686161350618609321,0,0
bigdaddy999k,2669947428557333577,0,1
bigdaddy999k,2667575280211852366,1,0
bigdaddy999k,2663493414957522629,0,0
bigdaddy999k,2658436923535483437,0,0
bigdaddy999k,2649484923283181891,0,0
bigdaddy999k,2637408537454316653,0,0
bigdaddy999k,2635836964788286914,0,0
bigdaddy999k,2632304659584315632,1,0
bigdaddy999k,2584902013974278633,0,1
bigdaddy999k,2584884282260594070,0,1
bigdaddy999k,2583719461174215150,0,0
bigdaddy999k,2582899311877376821,0,0
manuel_entrena,2671358554355321794,0,0
manuel_entrena,2661209937661470611,0,0
manuel_entrena,2655404607839395768,0,0
manuel_entrena,2652600226416715878,0,0
manuel_entrena,2640913325477610110,0,0
manuel_entrena,2635889491502681657,0,0
manuel_entrena,2635132640661959346,0,0
manuel_entrena,2624950038537748785,0,0
manuel_entrena,2620569936232417028,0,0
manuel_entrena,2616281258815251497,0,0
manuel_entrena,2610487282644452826,0,0
manuel_entrena,2605478708444863712,0,0
software_hq,2444037734113781704,0,0
software_hq,2436567538247850180,0,0
software_hq,2339558671157251966,0,0
software_hq,2329387966503393229,0,0
software_hq,2320583197580970150,0,0
software_hq,2318097028818472219,0,0
software_hq,2318091227802504192,0,0
software_hq,2318083244506818407,0,0
13override,2165318368492695217,0,0
13override,2165317235267201133,0,0
13override,2165316262540928575,0,0
13override,2165312881890032808,0,0
13override,2153847537426064740,0,0
13override,2153847321243321903,0,0
13override,2153846113954815055,0,0
13override,2153321343375007806,0,0
13override,2150095492416111133,0,0
13override,2150026654097923524,0,0
13override,2149366770566381543,0,0
13override,2148868920455544933,0,0
owais.codes,2668515449415044647,0,0
owais.codes,2668198380619246181,0,0
owais.codes,2667584126124927054,0,0
owais.codes,2664561353593068427,0,0
owais.codes,2664078677274677943,0,0
owais.codes,2659482284174104664,0,0
owais.codes,2653158055535310104,0,0
owais.codes,2652598383839357881,0,0
owais.codes,2651781903394602136,0,0
owais.codes,2637819703607992459,0,0
owais.codes,2632678720012630038,0,0
owais.codes,2631341148950827281,0,0
androidapp_programmer,2588465366565256936,0,1
androidapp_programmer,2570662993344327242,0,1
androidapp_programmer,2569097618592847132,0,1
androidapp_programmer,2545778484819844523,0,0
androidapp_programmer,2524230338188902136,0,0
androidapp_programmer,2486374728621721011,0,1
androidapp_programmer,2468160906937307089,1,1
androidapp_programmer,2457390199716328428,1,1
androidapp_programmer,2455394130323465427,0,1
androidapp_programmer,2449689012328256838,0,1
androidapp_programmer,2449337487424771473,0,1
androidapp_programmer,2442082364747380526,0,1
sha_code,2614088956509958259,0,1
sha_code,2611879677292144549,0,0
sha_code,2611134703093118649,0,1
sha_code,2607513385235675554,0,1
sha_code,2603879397124380711,0,0
sha_code,2602428858993786370,1,0
sha_code,2600992285706384107,0,0
sha_code,2598849720659740601,0,0
sha_code,2598073787464267294,0,1
sha_code,2597369627534107809,0,0
sha_code,2596633239200448263,0,0
sha_code,2595912854478499575,0,0
python_gate,2476199672528703100,0,0
python_gate,2475522785447942118,0,0
python_gate,2435854526809506549,0,0
python_gate,2388426884514869848,0,0
python_gate,2379174288084175376,0,0
python_gate,2378596202615688093,0,0
python_gate,2377651585998915883,0,0
python_gate,2376957939073206344,0,0
python_gate,2373448694981810561,0,0
python_gate,2372591937531209449,0,0
python_gate,2371814628746451428,0,0
python_gate,2371188538428603327,0,0
nael_coder,2384298818515713421,0,0
nael_coder,2374705647544657330,0,0
nael_coder,2361811669660778076,0,0
nael_coder,2354597293128392908,0,0
nael_coder,2350967167022975408,0,0
nael_coder,2348021910631111990,0,0
nael_coder,2343785643559297109,0,0
nael_coder,2340586860256148245,0,0
nael_coder,2338025402821425050,0,0
nael_coder,2334996076909977161,0,1
nael_coder,2331500627445679238,0,1
nael_coder,2329877223626071146,0,0
ingress_academy,2672365791808203849,0,0
ingress_academy,2671791966041190984,0,0
ingress_academy,2668741966134597858,0,0
ingress_academy,2667292250565809585,0,0
ingress_academy,2663668229102238570,0,0
ingress_academy,2663105225486793935,0,0
ingress_academy,2660219107892451209,0,0
ingress_academy,2657145130097802464,0,0
ingress_academy,2654970795748663273,0,0
ingress_academy,2654246302361317913,0,0
ingress_academy,2653521423760453009,0,0
ingress_academy,2652796895937771638,0,0
didyousayprogramming_,2613429542144878376,0,0
didyousayprogramming_,2538960361794455966,0,0
didyousayprogramming_,2490722178874722209,0,0
didyousayprogramming_,2488268506286699587,0,0
didyousayprogramming_,2461377429030266940,0,0
didyousayprogramming_,2445391741185121033,0,0
didyousayprogramming_,2430984996706823429,0,0
didyousayprogramming_,2426471425574638740,0,0
didyousayprogramming_,2402737481939341978,0,0
didyousayprogramming_,2390223187662191693,0,0
didyousayprogramming_,2388853606888679000,0,0
didyousayprogramming_,2370121005315135782,0,0
devtalkyt,2635457752421453643,0,0
devtalkyt,2573866497697179501,0,0
devtalkyt,2573385618764051471,0,0
devtalkyt,2573193243605238179,0,0
devtalkyt,2564763704642290847,0,0
devtalkyt,2556743726135684460,0,0
devtalkyt,2555169058769527840,0,0
devtalkyt,2550255049861396249,0,0
devtalkyt,2547290187730769078,0,0
devtalkyt,2547275983275452568,0,0
devtalkyt,2545985864054518724,0,0
devtalkyt,2543696681355410532,0,0
squigglyhl,2621975275578408101,0,0
squigglyhl,2615758869996351612,0,0
squigglyhl,2614370237150397746,0,0
squigglyhl,2584558628244919120,0,0
squigglyhl,2570841515793619966,0,0
squigglyhl,2556499415948066818,0,0
squigglyhl,2555350670263116274,0,0
squigglyhl,2550003851601578285,0,0
squigglyhl,2535442116928351882,0,0
squigglyhl,2510791204478028719,0,0
squigglyhl,2505714410846460344,0,0
squigglyhl,2501812504076186628,0,0
ai_makery,2568571552744584725,0,0
ai_makery,2563920915524191762,0,0
ai_makery,2558892726689830371,0,0
ai_makery,2555563275539928340,0,0
ai_makery,2551946962361272115,0,0
ai_makery,2551214627577028668,0,0
ai_makery,2536726684614241841,0,0
ai_makery,2536051181207648691,0,0
ai_makery,2530203705038332049,0,0
ai_makery,2528014503190075690,0,0
ai_makery,2527357427585630037,0,0
ai_makery,2525594155099628070,0,1
hack__the__hacker,2277043142022707978,0,0
hack__the__hacker,2259331809575932473,0,0
hack__the__hacker,2245217865819101123,0,0
hack__the__hacker,2242682829848724823,0,0
hack__the__hacker,2235740358778657410,0,0
hack__the__hacker,2232642565876803821,0,0
hack__the__hacker,2231503174395556948,0,0
hack__the__hacker,2204296381097656179,0,0
hack__the__hacker,2186204358243671193,0,0
hack__the__hacker,2186107073937679855,0,0
hack__the__hacker,2185399432517150614,0,0
hack__the__hacker,2184907230196026670,0,1
skystone1000,2368938493587125911,0,0
skystone1000,2360222791104802160,0,0
skystone1000,2358113306482457403,0,1
skystone1000,2358101332232472024,0,0
skystone1000,2347129988613967782,0,0
skystone1000,2347128130478592913,0,0
skystone1000,2347125004690458659,0,0
skystone1000,2345690937583243388,0,0
skystone1000,2345671408284450934,0,0
skystone1000,2345669395999983483,0,0
skystone1000,2345629451973807732,0,0
skystone1000,2345156930811768510,0,0
shad.aan,2640684992354957450,0,1
shad.aan,2619221166502964025,0,1
shad.aan,2614784381123224896,0,1
shad.aan,2613392360890372668,0,1
shad.aan,2612548844169115438,0,1
shad.aan,2402221859312880596,0,0
shad.aan,2351688472814948309,0,0
shad.aan,2325566810185103984,0,0
shad.aan,2322131617151541664,0,0
shad.aan,2278965980569588020,0,1
shad.aan,2275548834174909426,0,1
shad.aan,2264089662191026421,0,0
martin.kubovcik,2662334070650782389,0,1
martin.kubovcik,2634906561016173421,0,0
martin.kubovcik,2503880691018977653,0,0
martin.kubovcik,2502970218543263435,0,0
martin.kubovcik,2467807710228550656,0,1
martin.kubovcik,2467802515851580109,0,1
martin.kubovcik,2433022417843839988,0,1
martin.kubovcik,2433011419959368831,0,1
martin.kubovcik,2430600567549561125,0,1
martin.kubovcik,2426981544588954255,0,1
martin.kubovcik,2426956703747980962,0,0
martin.kubovcik,2426952063656408403,0,0
brainery.xyz,2393125096282814655,0,0
brainery.xyz,2390883435100091320,0,0
brainery.xyz,2389391395942177799,0,0
brainery.xyz,2387936725063388735,0,0
brainery.xyz,2290173542983028942,0,0
brainery.xyz,2288071041694358961,0,0
brainery.xyz,2286595705109843937,0,0
brainery.xyz,2283744765554185785,1,0
brainery.xyz,2282203178344774019,0,0
brainery.xyz,2279327639632089408,0,0
brainery.xyz,2277917571099433591,0,0
brainery.xyz,2275047013567674125,0,0
discord_developer,2207608569153675559,0,1
discord_developer,2196371581054351094,0,0
discord_developer,2188479342525390695,0,0
discord_developer,2180832740339984825,0,0
discord_developer,2177180684374995548,0,0
discord_developer,2174459814674010876,0,0
discord_developer,2174213416385325830,0,0
discord_developer,2174188764430708742,0,0
discord_developer,2174072395613813152,0,0
discord_developer,2173961730471300034,0,0
discord_developer,2173959195769451818,0,0
discord_developer,2173674524397635939,0,0
code_l0vers,2652446729618502237,0,0
code_l0vers,2643740719668082014,0,0
code_l0vers,2628592574571250439,0,0
code_l0vers,2625008755654019597,0,0
code_l0vers,2613396753970201676,0,0
code_l0vers,2613395923405726457,0,0
code_l0vers,2613395773400682570,0,0
code_l0vers,2613395588851200251,0,0
code_l0vers,2611881036137517226,0,0
code_l0vers,2611880808755758965,0,0
code_l0vers,2607467805809773047,0,0
code_l0vers,2605766566302671654,0,0
geeky_bharat99,2631530451387268179,1,0
geeky_bharat99,2611281777360904709,1,0
geeky_bharat99,2598368853168094438,1,0
geeky_bharat99,2513943537557519803,1,0
geeky_bharat99,2511624612085855097,0,0
geeky_bharat99,2494458982983451554,0,0
geeky_bharat99,2476107700048540088,0,0
geeky_bharat99,2427647676903200611,0,0
geeky_bharat99,2421183538538697729,0,1
geeky_bharat99,2343547336830780898,0,0
geeky_bharat99,2301556501160366328,0,1
geeky_bharat99,2300074206502875332,0,1
pallangyo_tz,2670997460753092500,0,0
pallangyo_tz,2669712638441162976,0,0
pallangyo_tz,2666423229591605941,0,0
pallangyo_tz,2666410535773882651,0,1
pallangyo_tz,2664092310222421317,0,0
pallangyo_tz,2661601349475069086,0,0
pallangyo_tz,2661599225781439863,0,0
pallangyo_tz,2656789638524169132,0,0
pallangyo_tz,2656052530071004998,0,0
pallangyo_tz,2654049946598728120,0,0
pallangyo_tz,2653175675529779761,0,1
pallangyo_tz,2652315486089922163,0,0
bixbcoins,2419922755274570842,0,0
bixbcoins,2419151641854314918,0,0
bixbcoins,2418453453505597781,0,0
bixbcoins,2418436046062027960,0,1
bixbcoins,2418358880481670651,0,0
bixbcoins,2409732797037369125,0,0
bixbcoins,2409527347612482440,0,0
bixbcoins,2407575086292252042,0,0
bixbcoins,2404088396617569053,0,0
bixbcoins,2403005168251032812,0,1
bixbcoins,2401842982740728439,0,1
bixbcoins,2401502245226346438,0,1
mr._hacker_2.0,2662647000501538240,0,0
mr._hacker_2.0,2649694538215946021,0,0
mr._hacker_2.0,2614129641671132598,0,0
mr._hacker_2.0,2606911993448716330,0,0
mr._hacker_2.0,2601806266275000074,0,0
mr._hacker_2.0,2598894815722053618,0,0
mr._hacker_2.0,2585175150231305437,0,0
mr._hacker_2.0,2584463834010650293,0,1
mr._hacker_2.0,2582278807158774864,0,0
mr._hacker_2.0,2579373758528520799,0,1
mr._hacker_2.0,2579362916646990047,0,1
mr._hacker_2.0,2577893263389565300,0,0
ilosrim,2676374318338761566,0,0
ilosrim,2675402891267434914,0,0
ilosrim,2675401084923383937,0,0
ilosrim,2653134690273995050,0,0
ilosrim,2651454220641563976,0,1
ilosrim,2650381061817592197,0,0
ilosrim,2635998776095762270,0,0
ilosrim,2632717349627620942,0,0
ilosrim,2632717075655599109,0,0
ilosrim,2628291623411005336,0,1
ilosrim,2625833726488075928,0,0
ilosrim,2625833475719021923,0,0
bestcodingsetups,2201643071458803773,1,0
bestcodingsetups,2197387987330003269,1,0
bestcodingsetups,2194028275930524664,1,0
bestcodingsetups,2193004460618493179,1,0
bestcodingsetups,2192428184019112969,1,0
bestcodingsetups,2190955728376759618,1,0
bestcodingsetups,2190298633570638009,1,0
bestcodingsetups,2188888899298796469,1,0
bestcodingsetups,2188592185912532389,1,0
bestcodingsetups,2188080921880596110,1,0
bestcodingsetups,2187383668308233396,1,0
bestcodingsetups,2187133379869258737,1,0
brandon.uxui,2372240893655791735,0,0
brandon.uxui,2369196665203830812,0,0
brandon.uxui,2365678864035818806,0,0
brandon.uxui,2362892420963777365,0,1
brandon.uxui,2352678519391181211,0,0
brandon.uxui,2349843144218170615,0,1
brandon.uxui,2348164481340812276,0,1
brandon.uxui,2347017106656226764,0,0
brandon.uxui,2346001728991757508,0,0
brandon.uxui,2345589916857158611,0,0
brandon.uxui,2327260395129082922,0,1
brandon.uxui,2325949571286591463,0,0
s4ifullahkhan,2562471371043969386,0,0
s4ifullahkhan,2461861660287939692,0,0
s4ifullahkhan,2460412008772844675,0,0
s4ifullahkhan,2459689633326114904,0,0
s4ifullahkhan,2458994781378837065,0,0
s4ifullahkhan,2456820285976702944,0,0
s4ifullahkhan,2456095756048509284,0,0
s4ifullahkhan,2455370957550777289,0,0
s4ifullahkhan,2444479304325445638,0,0
s4ifullahkhan,2414783389701146652,0,0
s4ifullahkhan,2414058512971173787,0,0
s4ifullahkhan,2374877353309310747,0,0
0river_song,2630118357810154713,0,0
0river_song,2611681518438945212,0,0
0river_song,2597193054272324981,0,0
0river_song,2538627081760203525,0,0
0river_song,2508931317526424925,0,0
0river_song,2442312568996477142,0,0
0river_song,2429518757945719109,0,0
0river_song,2414798399753899589,0,0
0river_song,2343958477069711607,0,0
0river_song,2343605810426343290,0,0
0river_song,2341573636852468377,0,0
0river_song,2317489095330359414,0,0
coding_abdullah,2621915898938368679,1,0
coding_abdullah,2614648190009878545,0,0
coding_abdullah,2575455296883883940,0,0
coding_abdullah,2525976612692931706,0,0
coding_abdullah,2525543697639077346,0,0
coding_abdullah,2524986192018153197,0,0
coding_abdullah,2521466930653666486,0,0
coding_abdullah,2519835554871350634,0,0
coding_abdullah,2517743391199005649,0,0
coding_abdullah,2516437731182240144,0,0
hifrontcode,2655671553006276826,0,0
hifrontcode,2647445382086510133,0,0
hifrontcode,2608265345433913801,0,1
hifrontcode,2510646556001247490,0,1
hifrontcode,2487358217101771593,0,0
hifrontcode,2474164420847224887,0,1
hifrontcode,2460469953493620956,0,1
hifrontcode,2319203990805715624,0,1
hifrontcode,2305452734192635031,0,0
hifrontcode,2304904263538618096,0,1
hifrontcode,2301179990223451260,0,1
hifrontcode,2299520176842040790,0,1
continentecnc,2398947427157280787,0,0
continentecnc,2345868386590756321,0,1
continentecnc,2344478180251688045,0,1
continentecnc,2341730204911640413,0,0
continentecnc,2341648225444815960,0,1
continentecnc,2340927521199794959,0,0
continentecnc,2332139508756036863,0,0
continentecnc,2330741504560022931,0,0
continentecnc,2325122103475182847,0,0
continentecnc,2324995838282980090,0,1
continentecnc,2324948346353801538,0,0
continentecnc,2324889970877946802,0,0
ctrlfuturepl,2408994822946955678,1,0
ctrlfuturepl,2405238996772031698,0,0
ctrlfuturepl,2395230393948224394,0,0
ctrlfuturepl,2389310761898956134,0,0
ctrlfuturepl,2379858714527074608,0,0
ctrlfuturepl,2375572290114149268,0,0
ctrlfuturepl,2369855160087560609,0,0
ctrlfuturepl,2363867787503641764,0,0
ctrlfuturepl,2360392785852733565,0,0
ctrlfuturepl,2358291795041267342,0,0
ctrlfuturepl,2352456933231203384,0,0
ctrlfuturepl,2350117445855141530,0,1
geekat07,2605425786333010777,0,1
geekat07,2577784819431004627,1,0
geekat07,2568316071783656055,0,0
geekat07,2560334459280108550,0,1
geekat07,2554434111416023521,0,1
geekat07,2524091369523652410,0,0
geekat07,2521343039370462919,0,1
geekat07,2489088189681403497,0,1
geekat07,2457885516466958338,0,0
geekat07,2457845136946026447,0,1
geekat07,2454319144159739750,0,0
geekat07,2453258418896871724,0,0
codingknite,2537992537127181332,0,0
codingknite,2535784462563436557,0,0
codingknite,2535069716428237416,0,0
codingknite,2530689713367599804,0,0
codingknite,2529269313777519569,0,0
codingknite,2526382086219192887,0,0
codingknite,2517693589509811254,0,0
codingknite,2516233553361218194,0,0
codingknite,2514784679043796706,0,0
codingknite,2476373950607872716,0,0
codingknite,2432904114158565055,1,0
codingknite,2431446565769172589,0,0
oriontechworld,2609765707628837215,0,0
oriontechworld,2441464763105074933,0,0
oriontechworld,2439513815709267869,0,0
oriontechworld,2420533868076621145,0,0
oriontechworld,2398755685463633520,0,0
oriontechworld,2384795903862121933,0,0
oriontechworld,2381473344508762692,0,0
oriontechworld,2381057767080363019,0,0
oriontechworld,2381054670283071998,0,0
oriontechworld,2381053705291054566,0,0
oriontechworld,2325394761051121414,0,0
oriontechworld,2325013601812821988,0,0
techpreta,2382185342594939466,0,0
techpreta,2375138715967372624,0,1
techpreta,2371303557551995033,0,0
techpreta,2369945109627540530,0,0
techpreta,2367796521862170404,0,0
techpreta,2366429605520392858,0,0
techpreta,2356773882966728606,0,0
techpreta,2354883061413744341,0,0
techpreta,2344032065705866976,0,0
techpreta,2343342918750157994,0,0
techpreta,2339655307814564170,0,0
techpreta,2338785127861535366,0,0
hopeinjavascript,2647213955307535306,0,0
hopeinjavascript,2644303321133502099,0,0
hopeinjavascript,2642927807038913623,0,0
hopeinjavascript,2640693163891387189,0,0
hopeinjavascript,2576154611962415942,0,0
hopeinjavascript,2573994772322610621,0,0
hopeinjavascript,2571309187791333980,0,0
hopeinjavascript,2555227641158552315,0,0
hopeinjavascript,2550270813882389653,0,0
hopeinjavascript,2524671325600203965,0,0
hopeinjavascript,2519004132266870160,0,0
hopeinjavascript,2517449684902068817,0,0
share.ware_,2578448094661076732,0,0
share.ware_,2447346574444072951,0,0
share.ware_,2444241870679787662,0,0
share.ware_,2442954531122910715,0,0
share.ware_,2437823720258147140,0,0
share.ware_,2434185586387643039,0,0
share.ware_,2432169099292432739,0,0
share.ware_,2429834613925992749,0,0
share.ware_,2428985871437995375,0,0
share.ware_,2414402483217617835,0,0
share.ware_,2413112479153517385,0,0
share.ware_,2411684935330161372,0,0
miguelfitnss,2672903724608211509,0,0
miguelfitnss,2666877422850395322,0,1
miguelfitnss,2664198068950588109,0,0
miguelfitnss,2658397417771564847,0,0
miguelfitnss,2656942376149812396,0,1
miguelfitnss,2651188273431923828,0,0
miguelfitnss,2649698187141851334,0,1
miguelfitnss,2648252198438667755,0,0
miguelfitnss,2646062433865926930,0,1
miguelfitnss,2641144247865493961,0,0
miguelfitnss,2636623529396039749,0,1
miguelfitnss,2636006967622269577,0,0
timmy_codes,2436133951946033456,0,0
timmy_codes,2343582212047377272,0,0
timmy_codes,2341446790336788272,0,0
timmy_codes,2337211790674363315,0,0
timmy_codes,2334041319846077902,0,0
timmy_codes,2330530988196761375,0,0
timmy_codes,2328452834439403291,0,0
timmy_codes,2327161250364087658,0,0
timmy_codes,2324752801986645936,0,0
timmy_codes,2321856186971957989,0,0
timmy_codes,2320627050857260273,0,0
timmy_codes,2318893999265472662,0,0
delta231_,2470408299821027644,0,0
delta231_,2305358742711387705,0,0
delta231_,2274681032662240381,1,0
delta231_,2269636158967641248,0,0
delta231_,2240568146960723276,0,0
delta231_,2229047925498416201,0,0
delta231_,2211655158803570280,0,0
delta231_,2206433350843739658,0,0
delta231_,2205765774261846434,0,0
delta231_,2205356143643800256,0,0
delta231_,2203183024451166873,0,0
manuellugo.dev,2503281721507359349,0,0
manuellugo.dev,2501127843651285456,0,0
manuellugo.dev,2500490372433427175,0,0
manuellugo.dev,2497522770333643003,0,0
manuellugo.dev,2496103951241238063,0,0
manuellugo.dev,2495346337263738040,0,0
manuellugo.dev,2494619727024898688,0,0
manuellugo.dev,2493965887815298768,0,0
manuellugo.dev,2467141776565057622,0,0
manuellugo.dev,2427331579457352195,0,0
manuellugo.dev,2413644187003086592,0,0
manuellugo.dev,2389791972459150245,0,1
guhan_sensam,2672392035299060147,0,1
guhan_sensam,2671338063972863196,0,1
guhan_sensam,2670672833500147552,0,1
guhan_sensam,2658134962688485392,0,1
guhan_sensam,2656128626663771347,1,1
guhan_sensam,2655530931204785968,0,0
guhan_sensam,2654715067228732505,0,1
guhan_sensam,2645341699070874524,1,0
guhan_sensam,2537910976956566983,0,0
guhan_sensam,2464781537062460333,1,0
guhan_sensam,2397242167627972612,0,0
guhan_sensam,2336420415545532742,1,0
codingrs,2574007132173334581,0,0
codingrs,2573265925247838983,0,0
codingrs,2572538957145435951,0,0
codingrs,2570427381403844366,0,0
codingrs,2548575008876361054,0,0
codingrs,2541998739678275817,0,0
codingrs,2541366602650886149,0,0
codingrs,2540755614612329675,0,1
codingrs,2471881608140038570,0,0
codingrs,2466818116416505786,0,1
codingrs,2388243729099158894,0,0
codingrs,2380863114985016488,0,0
deltatechservices,2651047374664067738,0,0
deltatechservices,2640632569805414711,0,0
deltatechservices,2613809899180625168,0,0
deltatechservices,2605845451337850603,0,0
deltatechservices,2598647284825474744,0,0
deltatechservices,2597950195317530522,0,0
deltatechservices,2597200375127827579,0,0
deltatechservices,2596552120119389318,0,0
deltatechservices,2595772419533608873,0,0
deltatechservices,2593621853810237586,0,0
deltatechservices,2592845609036444254,0,1
deltatechservices,2592189655197835720,0,0
amal.codes,2313489983803160929,0,0
amal.codes,2312572199917141154,0,0
amal.codes,2311851150816678274,0,0
amal.codes,2311129021523654336,0,0
amal.codes,2310328078028514099,0,0
amal.codes,2309578553076857622,0,0
amal.codes,2308846471430053218,0,0
amal.codes,2308129463952607274,0,0
amal.codes,2307388873615041261,0,0
amal.codes,2306668366972310639,0,0
amal.codes,2240544411031374524,1,0
amal.codes,2237844983921078763,1,0
elite_.coder,2660493756109436911,0,0
elite_.coder,2582006956530058972,0,0
elite_.coder,2553554982561445329,0,0
elite_.coder,2551509015808980058,0,0
elite_.coder,2541586380455966578,0,0
elite_.coder,2517783680399731430,0,0
elite_.coder,2474161785700127452,0,0
elite_.coder,2471295655373581270,0,0
elite_.coder,2469904128256707580,0,0
elite_.coder,2460202064219782113,0,0
elite_.coder,2458662015833478455,0,0
elite_.coder,2428658563581864637,0,0
kamila_code,2676431608403379950,0,0
kamila_code,2674852393824415436,0,0
kamila_code,2672787562795462264,0,0
kamila_code,2672063805130840147,0,1
kamila_code,2671248983791472657,0,0
kamila_code,2669175822337770466,0,0
kamila_code,2668653918900425102,0,0
kamila_code,2667634155327833845,0,0
kamila_code,2667217723997723144,0,0
kamila_code,2666915220223497354,0,0
kamila_code,2666505066038502169,0,0
kamila_code,2666308911636957354,0,0
codewtuna,2675406841437944227,0,1
codewtuna,2658160172208190422,0,0
codewtuna,2657457413469056623,0,0
codewtuna,2598584444739478868,0,0
codewtuna,2590655887824477883,0,0
codewtuna,2587947512166631777,0,0
codewtuna,2585210162248579863,0,0
codewtuna,2584339280101753936,0,0
codewtuna,2575666060950845721,0,0
codewtuna,2574095422498890031,0,0
codewtuna,2571902387946180852,0,0
codewtuna,2567746764857916960,0,0
aoflavio,2630162909354839137,0,1
aoflavio,2608458297719974389,0,0
aoflavio,2549743030198378529,1,1
javaknowledgehub,2402426840955403777,0,0
javaknowledgehub,2401727973758778252,0,0
javaknowledgehub,2398544405704436966,0,0
javaknowledgehub,2395224674217892816,0,0
javaknowledgehub,2393047538811946918,0,0
javaknowledgehub,2391418459595540715,0,0
javaknowledgehub,2389912242700313612,0,0
javaknowledgehub,2388627768649716482,0,0
javaknowledgehub,2357962611322113712,0,0
javaknowledgehub,2356805138641002325,0,0
javaknowledgehub,2348913241931041631,0,0
javaknowledgehub,2345917112935247317,0,0
l3nn13k,2662773785476079779,0,1
l3nn13k,2657616406489033205,0,1
l3nn13k,2654119715060125399,0,1
l3nn13k,2646411204982243707,0,1
l3nn13k,2638224818153207535,0,1
l3nn13k,2630617350694342211,0,1
l3nn13k,2618266343077911115,0,1
l3nn13k,2616547398390187195,0,1
l3nn13k,2612236923082914807,0,1
l3nn13k,2611407674864560316,0,1
l3nn13k,2604004043718608697,0,1
l3nn13k,2598671764964097742,0,1
kubracayazilim,2637221808905338023,0,0
kubracayazilim,2595173099288033081,0,0
kubracayazilim,2566294369677437969,0,0
kubracayazilim,2501056155739460940,0,0
kubracayazilim,2501055850989623846,0,0
kubracayazilim,2494573626844833956,0,0
kubracayazilim,2485847891535787853,0,0
kubracayazilim,2484401839003788405,0,0
kubracayazilim,2474277051761461214,0,0
kubracayazilim,2468349854546282487,0,1
kubracayazilim,2468348694770917783,0,0
kubracayazilim,2459059715445701989,0,0
_program.com_,2568885145293779899,0,0
_program.com_,2566036122274796965,0,0
_program.com_,2534179127595736448,0,0
_program.com_,2526892387280767335,0,0
_program.com_,2421121623281159962,0,0
_program.com_,2417601081764848159,0,0
_program.com_,2417567888688839831,0,0
_program.com_,2410206248918173004,0,0
_program.com_,2410085338366256921,0,0
projectsbyveerle,2285532443870046275,0,0
projectsbyveerle,2282132794819915700,1,0
projectsbyveerle,2266713130136804747,0,0
projectsbyveerle,2253736639027573150,1,0
projectsbyveerle,2252320703158528481,0,0
projectsbyveerle,2242281913979330238,1,0
projectsbyveerle,2231307270049017752,0,0
projectsbyveerle,2224821106010021835,1,0
_.itz__prince._,2661780073677134681,0,0
_.itz__prince._,2659532387217322492,0,0
_.itz__prince._,2647779036553941427,0,1
_.itz__prince._,2642796757001844167,0,0
_.itz__prince._,2626980200235344936,0,0
_.itz__prince._,2624960000713314590,0,0
_.itz__prince._,2622556124435509057,0,1
_.itz__prince._,2621069333861814862,0,0
_.itz__prince._,2607156079678178887,0,0
_.itz__prince._,2605013361435552904,0,0
_.itz__prince._,2596628886997656085,0,1
_.itz__prince._,2586930013014309218,0,1
coders.forlife,2245966333370094808,1,0
coders.forlife,2244982311894593631,0,0
coders.forlife,2244048057723435531,0,0
coders.forlife,2242663538902503912,1,0
coders.forlife,2241598285427234279,0,0
coders.forlife,2240747927477890830,0,0
coders.forlife,2240109863118156169,0,0
coders.forlife,2238849645969290026,1,0
coders.forlife,2238077493108123005,0,0
coders.forlife,2237612109779419858,0,0
coders.forlife,2236627751392213948,1,0
coders.forlife,2234346233818941342,1,0
datascience_adda,2401527846964189875,0,0
datascience_adda,2401522273958896461,0,0
datascience_adda,2401521972421937436,0,0
datascience_adda,2377129267675836887,0,0
datascience_adda,2377048387989158405,0,1
datascience_adda,2373905382386035366,0,0
datascience_adda,2373903369623425582,0,0
datascience_adda,2373895095838645281,0,0
datascience_adda,2372781378220699784,0,0
datascience_adda,2371854826889008484,0,0
datascience_adda,2371850395808166004,0,0
datascience_adda,2366271937388329188,0,0
codewithzaid,2595702241890330124,0,0
codewithzaid,2594619409331704068,0,0
codewithzaid,2589396669523191346,0,0
codewithzaid,2585952801444857793,0,0
codewithzaid,2574189804866614837,0,1
codewithzaid,2574174233663956787,0,0
codewithzaid,2572093932356644910,0,0
codewithzaid,2571315104092820529,0,0
codewithzaid,2571208973654998028,0,0
codewithzaid,2567989821134853623,0,0
codewithzaid,2548792093023865055,0,0
codewithzaid,2548309034184932071,0,0
realesser50k,2646520929452223157,0,0
realesser50k,2619921552338418428,0,0
realesser50k,2598376943569590456,0,1
realesser50k,2595114014065670431,0,0
realesser50k,2594507446211218259,0,0
realesser50k,2542189867291856424,0,0
realesser50k,2537274479883846448,0,1
realesser50k,2531969017376664162,0,1
realesser50k,2514193793407017548,0,1
realesser50k,2501260239463303961,1,0
realesser50k,2477188149487790348,0,0
realesser50k,2471900623478905147,0,0
abolfazlm.py,2417505568887755474,0,0
abolfazlm.py,2391455420232230637,0,1
abolfazlm.py,2383467432402803309,0,0
abolfazlm.py,2358314183320501132,0,0
abolfazlm.py,2346062202694704419,0,0
asp.netcore.mvc,2669684987615305545,0,0
asp.netcore.mvc,2650907444553594843,0,0
asp.netcore.mvc,2646756114812891743,0,0
asp.netcore.mvc,2631232356841667985,0,1
asp.netcore.mvc,2615959612772094110,0,1
asp.netcore.mvc,2608921807059503384,0,1
asp.netcore.mvc,2600152267840498782,1,1
asp.netcore.mvc,2596526488643808693,0,0
asp.netcore.mvc,2592903486212325374,0,1
asp.netcore.mvc,2591558736975895136,0,0
asp.netcore.mvc,2583560489016430171,0,0
asp.netcore.mvc,2557594086735402518,0,0
remoteclub_,2598831039346533486,0,0
remoteclub_,2588715838750982535,0,0
remoteclub_,2586582795896521902,0,0
remoteclub_,2580712083884812274,0,0
remoteclub_,2578537996118848706,0,0
remoteclub_,2577089965655497297,0,0
remoteclub_,2575703525147021794,0,0
remoteclub_,2572064085084562072,0,0
remoteclub_,2570589824191634258,0,0
remoteclub_,2514940248849544364,0,0
remoteclub_,2507618264145724343,0,0
remoteclub_,2500536350520012421,0,0
kodlogs,2516392311307556948,0,0
kodlogs,2514114979800591645,0,0
kodlogs,2507664586187122244,0,0
kodlogs,2507053956174249319,0,0
kodlogs,2501866203027467930,0,0
kodlogs,2500861295536914565,0,0
kodlogs,2499834820817944441,0,0
kodlogs,2498313366578289885,0,0
kodlogs,2496872223621682771,0,0
kodlogs,2494711697441400450,0,1
kodlogs,2494708690201025988,0,1
kodlogs,2493586689554088903,0,0
3n.coding,2490256624216882963,0,0
3n.coding,2409932027701828156,0,0
3n.coding,2374224071568209973,0,0
3n.coding,2342336962725185136,0,0
3n.coding,2338038742629013279,0,0
3n.coding,2331494002408450534,0,0
3n.coding,2324312267501512216,0,0
3n.coding,2322690964617131668,0,0
3n.coding,2306781873159828201,0,0
3n.coding,2301258367663948362,0,0
3n.coding,2298943039588074463,0,0
3n.coding,2282342721286891450,1,0
machine_learning_.py,2614815126687930789,0,0
machine_learning_.py,2614514040378999248,0,0
machine_learning_.py,2614083087898581768,0,0
machine_learning_.py,2558761241053045820,0,0
machine_learning_.py,2428498053137741162,0,0
machine_learning_.py,2370300168418816793,0,0
machine_learning_.py,2369528933715851486,1,0
machine_learning_.py,2368938457870708231,0,0
machine_learning_.py,2368220764951576310,0,0
machine_learning_.py,2367350871654056467,0,0
machine_learning_.py,2366874626579491558,0,0
machine_learning_.py,2366612365063343416,1,0
mhalmenschlager,2672209698107980045,0,0
mhalmenschlager,2666556920588051062,0,0
mhalmenschlager,2664694635521986700,0,0
mhalmenschlager,2663577084718384349,0,0
mhalmenschlager,2659169175621502955,0,0
mhalmenschlager,2654220585588867944,0,0
mhalmenschlager,2653224939741719563,0,0
mhalmenschlager,2648235561773720021,0,0
mhalmenschlager,2642494880778545097,0,0
mhalmenschlager,2641800362294969956,0,0
mhalmenschlager,2638632000154261722,0,0
mhalmenschlager,2635799851606042818,0,0
nikhil_pathak,2458878643599818579,0,0
nikhil_pathak,2322855129282188557,0,0
nikhil_pathak,2042987735215553522,0,0
nikhil_pathak,2037894214850873160,1,0
nikhil_pathak,2024890487239990374,0,0
nikhil_pathak,2023398585579821988,0,0
nikhil_pathak,2003307549956423953,0,0
nikhil_pathak,1999527756161023422,0,0
nikhil_pathak,1987979479292685822,0,0
nikhil_pathak,1985941548784776601,0,0
nikhil_pathak,1985536101279883306,0,0
nikhil_pathak,1979269158403143741,0,0
mat_sacchi,2677738512017415034,0,1
mat_sacchi,2659586585758059262,0,1
mat_sacchi,2658962819237291144,0,1
mat_sacchi,2616155810216554485,0,1
mat_sacchi,2613953826025591011,0,0
mat_sacchi,2458196330330664343,0,0
mat_sacchi,2456120915520888581,0,0
mat_sacchi,2453800639760193912,0,1
mat_sacchi,2452360610047438833,0,1
mat_sacchi,2450966182133057300,0,1
mat_sacchi,2450257076019682096,0,1
mat_sacchi,2450254813335135516,0,1
androidstep,2578230094183893384,0,0
androidstep,2399830554330701735,0,0
androidstep,2374805127006741995,0,0
androidstep,2374805032106347808,0,0
androidstep,2374804501132714210,0,0
androidstep,2371825326536872695,0,0
androidstep,2336271074875988310,0,1
androidstep,2322425579393231280,0,0
androidstep,2320791016250116079,0,0
androidstep,2304846070733104178,0,0
androidstep,2288465569638492432,0,0
androidstep,2274441824842229062,0,0
the_webdevelopers,2295211410713674887,0,0
the_webdevelopers,2294430616227165444,0,0
the_webdevelopers,2293661288447942548,0,0
the_webdevelopers,2292972021644838262,0,0
the_webdevelopers,2292376782193606638,1,0
the_webdevelopers,2283605091632235388,1,0
the_webdevelopers,2280653624155647330,0,0
the_webdevelopers,2278459461997694143,1,0
the_webdevelopers,2274823339983822189,1,0
the_webdevelopers,2272823125773214913,1,0
the_webdevelopers,2271980693112289231,1,0
the_webdevelopers,2269622745169999701,0,0
sasha_talks_tech,2601290544198284356,0,0
sasha_talks_tech,2598248118516966856,0,0
sasha_talks_tech,2562034745060169625,0,0
sasha_talks_tech,2455807349152379475,0,0
sasha_talks_tech,2436987794095387019,0,0
sasha_talks_tech,2436862004234203007,0,0
sasha_talks_tech,2428819379203704409,0,0
sasha_talks_tech,2356931200293486066,0,0
sasha_talks_tech,2354064277587189305,0,0
sasha_talks_tech,2319532284002255944,0,1
sasha_talks_tech,2300676203142463290,0,0
sasha_talks_tech,2278658165480701622,0,0
codegrammer.py,2386202852067449784,0,0
codegrammer.py,2385093950072563546,0,0
codegrammer.py,2384341344177948323,0,0
codegrammer.py,2384097884955152542,0,0
codegrammer.py,2383630025518998145,0,0
codegrammer.py,2383499183098313316,0,0
codegrammer.py,2382804182756373095,0,0
codegrammer.py,2345908158240116009,0,0
codegrammer.py,2344317465426872724,0,0
codegrammer.py,2341595540942475323,0,0
codegrammer.py,2340857700868494287,0,0
codegrammer.py,2338691920921229568,0,0
pur3function,2674211430605820178,0,1
pur3function,2635799631540240254,0,1
pur3function,2590822568206585789,1,1
pur3function,2588553013434361583,0,1
pur3function,2584144381775013563,0,1
pur3function,2577099884344007723,0,1
pur3function,2575646436599714725,0,1
pur3function,2568415207076675935,0,1
pur3function,2566079071335507136,0,1
pur3function,2562542653774568349,0,1
pur3function,2560392542344771863,0,1
pur3function,2555997733676958299,0,1
real.yassermob,2673706329385038000,0,0
real.yassermob,2582550587252848524,0,0
mumbai.coders,2627772939656534600,0,0
mumbai.coders,2625760376718809303,0,0
mumbai.coders,2608210771089121617,0,0
mumbai.coders,2607696290898548707,0,1
mumbai.coders,2603058548646598585,0,0
mumbai.coders,2598814179731136085,0,0
mumbai.coders,2594573124206742694,0,0
mumbai.coders,2589493142761636483,0,1
mumbai.coders,2589350468192637250,0,0
mumbai.coders,2585799721580667197,0,0
mumbai.coders,2584392703330297443,0,0
mumbai.coders,2583024971951294638,1,1
_pythondev,2568493653992159542,0,0
_pythondev,2526670770634216526,0,0
_pythondev,2526484996437323148,0,0
_pythondev,2520268278899683227,0,0
_pythondev,2491311760770883972,0,0
_pythondev,2464154594872148968,0,1
_pythondev,2462948480461786617,0,0
_pythondev,2453338029184571234,0,0
_pythondev,2409939892214882253,0,0
_pythondev,2407195299488516610,0,1
_pythondev,2405608885504356272,0,0
_pythondev,2405394693648139733,0,0
python.memes_,2629198910633891745,0,0
python.memes_,2626311226699697322,0,0
python.memes_,2623406332288421365,0,0
python.memes_,2622067571931570577,0,0
python.memes_,2613305975751252988,0,0
python.memes_,2607462302245196234,0,0
python.memes_,2602398355104298731,0,0
python.memes_,2599534961703687665,0,1
python.memes_,2595884076813427276,0,0
python.memes_,2586402271424165406,0,0
python.memes_,2582767998679810114,1,0
python.memes_,2580641522126983938,1,0
lisawritescode,2439964809815393143,0,0
lisawritescode,2409851109561828853,0,0
lisawritescode,2387452308972658971,0,0
lisawritescode,2374928320769897638,0,0
lisawritescode,2373612226406838223,0,0
lisawritescode,2372214128233313539,0,0
lisawritescode,2371930426827770980,0,0
lisawritescode,2370523531957008543,0,0
lisawritescode,2369060306828690258,0,0
lisawritescode,2363203155992251097,0,0
lisawritescode,2355294941091132371,0,1
lisawritescode,2355106198686130686,0,0
nbsdevelopment,2670685852929162938,0,0
nbsdevelopment,2656775238235118700,0,0
nbsdevelopment,2651665462610163893,0,0
nbsdevelopment,2273357713322909524,0,0
nbsdevelopment,2256160770679923888,0,0
nbsdevelopment,2252456363400576737,0,0
nbsdevelopment,2251106292473801231,0,0
nbsdevelopment,2250313546813330453,0,0
nbsdevelopment,2250009999890453865,0,0
nbsdevelopment,2249723605507048183,0,0
nbsdevelopment,2249417804833859005,0,0
nbsdevelopment,2248931594002100678,0,0
nialljoemaher,2675522345254352082,0,0
nialljoemaher,2658230371057868158,0,0
nialljoemaher,2657466095720449239,0,0
nialljoemaher,2653180456371887211,0,0
nialljoemaher,2651881926671771607,0,0
nialljoemaher,2649444732480996086,0,0
nialljoemaher,2648814235701813084,0,0
nialljoemaher,2646494755978848589,0,0
nialljoemaher,2634413948204469649,0,0
nialljoemaher,2632773859174849695,0,0
nialljoemaher,2599550273303919248,0,0
nialljoemaher,2595307373368046191,0,0
ribeirosilvaquiel,2675922211234294479,0,0
ribeirosilvaquiel,2639028604186215356,0,1
ribeirosilvaquiel,2635859089568272290,0,0
russell_shimoyama,2676214200254565135,0,0
russell_shimoyama,2661594330447483243,0,1
russell_shimoyama,2653189406881769505,0,0
russell_shimoyama,2637736430953991153,0,0
russell_shimoyama,2618279720072859305,0,1
russell_shimoyama,2589163575508434808,0,0
russell_shimoyama,2571778926612211450,0,0
russell_shimoyama,2539375001250644865,0,0
russell_shimoyama,2537811663588818835,0,0
russell_shimoyama,2535627037583820820,0,0
russell_shimoyama,2498811204434062245,0,0
russell_shimoyama,2477470213135488292,0,0
anaveecodes,2674948484786697336,0,0
anaveecodes,2543039955381529224,0,0
anaveecodes,2508303096241737978,0,0
anaveecodes,2491640427045046436,0,0
anaveecodes,2483007159429068189,0,0
anaveecodes,2479987790423874396,0,0
anaveecodes,2476734076166447929,0,0
anaveecodes,2452515349933907708,0,0
anaveecodes,2446076377468894465,0,0
anaveecodes,2444557281662508718,0,0
anaveecodes,2440904598447525366,0,0
anaveecodes,2435122313530028314,0,0
codergandhi,2672439798891668938,0,0
codergandhi,2669610393681132695,0,0
codergandhi,2667652891384347769,0,0
codergandhi,2666724604810180964,0,0
codergandhi,2663001601406527501,0,0
codergandhi,2662370058801528275,1,0
codergandhi,2660830101190679549,0,0
codergandhi,2657231056059409855,0,0
codergandhi,2652253001989748450,0,0
codergandhi,2651755318493419918,0,0
codergandhi,2651635153798400673,0,0
codergandhi,2651459606631200533,0,0
programmersbrain,2476252281683730613,0,0
programmersbrain,2461675117256772288,0,0
programmersbrain,2460892939119755533,0,0
programmersbrain,2460370679820957536,0,0
programmersbrain,2456963621851369276,0,0
programmersbrain,2356608326462251918,0,0
programmersbrain,2350972049939305649,0,0
programmersbrain,2350057533944855352,0,0
programmersbrain,2349406757773689386,0,0
programmersbrain,2348611909827297934,0,0
programmersbrain,2347886881733107180,0,0
programmersbrain,2347292222237532304,0,0
simplexcode,2677935536091499002,0,0
simplexcode,2672849057644460522,0,0
simplexcode,2667775437549750330,0,0
simplexcode,2659793043159049553,0,0
simplexcode,2657614478510444368,0,0
simplexcode,2653980422753393883,0,0
simplexcode,2637310341474601692,0,0
simplexcode,2632960892048718850,0,0
simplexcode,2627154403077902720,0,0
simplexcode,2613393106830032594,0,0
simplexcode,2612669863345057204,0,0
simplexcode,2608308491861679609,0,0
elechipro,2391591593351071189,0,0
elechipro,2388687797763577786,0,0
elechipro,2376356323827716974,0,0
elechipro,2367716474375829482,0,0
elechipro,2362588642842561721,0,0
elechipro,2359029692012467400,0,0
elechipro,2357579635203650021,0,0
elechipro,2354600310820912823,0,0
elechipro,2352414648453685609,0,0
elechipro,2350341801405112239,0,0
elechipro,2348883310639439795,0,0
elechipro,2347361963857718587,0,0
opensourcelovers,2678632300724640319,0,0
opensourcelovers,2677998462026658285,0,0
opensourcelovers,2674280784002844125,0,0
opensourcelovers,2673556304053086624,0,0
opensourcelovers,2672831556331455430,0,0
opensourcelovers,2672106617987135361,0,0
opensourcelovers,2669934626416769426,0,0
opensourcelovers,2669209856289063248,0,0
opensourcelovers,2668485139160752957,0,0
opensourcelovers,2667760511991894270,0,0
opensourcelovers,2667036015283429324,0,0
opensourcelovers,2664861320551535640,0,0
lionelbaquero,2653262204060802592,0,1
lionelbaquero,2652571124472534312,0,1
lionelbaquero,2651892779559820107,0,0
lionelbaquero,2638825977518865928,0,0
lionelbaquero,2638748878383534650,0,1
lionelbaquero,2638181321483393060,0,0
lionelbaquero,2637362962399472344,0,0
lionelbaquero,2637294708161799589,0,1
lionelbaquero,2636596920696480873,0,1
lionelbaquero,2634452161930430401,0,1
lionelbaquero,2634311117500991912,0,0
lionelbaquero,2633817798246604133,0,0
cyber_educate,2610394941012952619,1,0
cyber_educate,2606045858505845262,1,0
cyber_educate,2599523831439526025,0,0
cyber_educate,2598850850413419974,0,0
cyber_educate,2597333588498167241,0,0
cyber_educate,2594885151357707645,0,0
cyber_educate,2593722839515155909,0,0
cyber_educate,2590828476170605296,0,0
cyber_educate,2590164171062470228,0,0
cyber_educate,2587941425813250841,0,0
cyber_educate,2583547758541512242,0,0
cyber_educate,2582149781071425602,0,0
rachelsdesignlab,2603145797358717522,0,0
rachelsdesignlab,2586026013022244085,0,0
rachelsdesignlab,2581595173823514678,0,0
rachelsdesignlab,2580680933596101069,0,0
rachelsdesignlab,2577286329882544588,0,0
rachelsdesignlab,2569873068094597408,0,0
rachelsdesignlab,2531328067823893877,0,0
rachelsdesignlab,2529917036253714050,1,0
rachelsdesignlab,2527727946804600062,1,0
rachelsdesignlab,2527112350006135650,1,1
rachelsdesignlab,2448044192545155319,0,0
rachelsdesignlab,2445993852702376671,0,0
edithson_drmario,2669125324312868930,0,0
edithson_drmario,2484568252492810551,0,0
edithson_drmario,2171729068109593153,0,0
edithson_drmario,2121026728428471099,0,0
edithson_drmario,2052651189015661986,0,0
edithson_drmario,1959991334815145707,1,0
edithson_drmario,1946642132661960586,0,0
edithson_drmario,1909125942607785476,0,0
edithson_drmario,1907051792959463760,0,0
edithson_drmario,1735949540443219713,0,0
iamcodenerd,2588741218817869690,0,0
iamcodenerd,2587274877841778197,0,0
iamcodenerd,2586521134074507043,0,1
iamcodenerd,2585843065852639309,0,1
iamcodenerd,2585095278559135105,0,1
iamcodenerd,2585040675096422913,0,0
iamcodenerd,2584798298725316171,0,0
iamcodenerd,2584360935653996018,0,0
iamcodenerd,2584116059846898084,0,0
iamcodenerd,2583432251980001779,0,1
iamcodenerd,2582905084330194653,0,1
iamcodenerd,2582689574573338855,0,0
rittenburgenterprisellc,2678676839853296112,0,0
rittenburgenterprisellc,2677887114838173439,0,0
rittenburgenterprisellc,2674870563038992435,0,1
rittenburgenterprisellc,2674373146450436511,0,1
rittenburgenterprisellc,2672744596068631940,0,1
rittenburgenterprisellc,2672091960076311835,0,1
rittenburgenterprisellc,2670797896814965264,0,1
rittenburgenterprisellc,2669913515527382076,0,1
rittenburgenterprisellc,2669235084666068034,0,1
rittenburgenterprisellc,2667042602679045116,0,1
rittenburgenterprisellc,2664875660304190291,0,1
rittenburgenterprisellc,2663427290259991434,0,1
merveille_tmb,2592836204232588368,0,0
merveille_tmb,2440646215973724899,0,1
merveille_tmb,2429338264252182994,0,0
merveille_tmb,2428834904688131405,0,0
merveille_tmb,2423200276551981631,0,0
merveille_tmb,2413236121858469966,0,0
merveille_tmb,2411255145410171164,0,0
merveille_tmb,2402999904751542151,0,0
merveille_tmb,2295032180640301168,0,0
merveille_tmb,2281999524260344539,0,0
merveille_tmb,2279008503071243742,0,0
merveille_tmb,2278711456220598396,0,0
coding_tm,2672107700924166217,0,0
coding_tm,2666830541724674220,0,0
coding_tm,2661984743899760428,0,0
coding_tm,2644709202180383423,0,0
coding_tm,2639469354024559091,0,0
coding_tm,2634308796946057343,0,0
coding_tm,2621478195373996957,0,0
coding_tm,2615258042103383630,0,0
coding_tm,2576322812781099135,0,1
coding_tm,2574940763918858112,0,0
coding_tm,2530708685362307453,0,1
coding_tm,2448234042580496479,0,0
i_eh_dreamer,2643072686410305956,0,0
i_eh_dreamer,2608322306415364705,0,0
i_eh_dreamer,2601420426535837994,0,0
i_eh_dreamer,2590792165862878098,0,0
i_eh_dreamer,2589149594073893219,0,0
i_eh_dreamer,2584019574070434789,0,0
i_eh_dreamer,2581447111453039046,0,0
i_eh_dreamer,2577816722809368972,0,0
i_eh_dreamer,2572910400079111399,0,0
i_eh_dreamer,2566307778085682511,0,1
i_eh_dreamer,2546060693063283740,0,1
i_eh_dreamer,2542876427630345644,0,0
dirtycode_11,2679385743457107326,0,0
dirtycode_11,2677923227719696527,0,0
dirtycode_11,2673829539125369876,0,0
dirtycode_11,2672081203640809521,0,0
dirtycode_11,2669286597800052120,0,0
dirtycode_11,2667734549223614264,0,0
dirtycode_11,2661971069603426872,0,0
dirtycode_11,2646731285447441612,0,0
dirtycode_11,2643931194086248131,0,0
dirtycode_11,2638126092557702540,0,0
dirtycode_11,2632560333333388635,0,0
dirtycode_11,2631874181855206395,0,0
akumosolutions,2664942611498678610,0,0
akumosolutions,2662221293560833367,0,0
akumosolutions,2658507419602951516,0,0
akumosolutions,2654022705106197703,0,0
akumosolutions,2651736598679150819,0,0
akumosolutions,2647365015347097189,0,1
akumosolutions,2645363250579865164,0,0
akumosolutions,2641670155094919548,0,0
akumosolutions,2633161861976014590,0,0
akumosolutions,2628079160507924699,0,0
akumosolutions,2602750132514261904,0,0
akumosolutions,2599735819927132791,0,0
ml_enthusiast_,2307345755081603311,0,0
ml_enthusiast_,2307344098088212925,0,0
ml_enthusiast_,2307342293019199510,0,0
ml_enthusiast_,2307340461358282863,0,0
ml_enthusiast_,2307337825842111692,0,0
ml_enthusiast_,2307336001437482890,0,0
ml_enthusiast_,2307334006567848980,0,0
ml_enthusiast_,2307332826315740195,0,0
ml_enthusiast_,2307331601503400997,0,0
ml_enthusiast_,2307329818605460517,0,0
ml_enthusiast_,2307328032855543804,0,0
ml_enthusiast_,2307326113088832956,0,0
bytebearbree,2675726624787397336,0,0
bytebearbree,2633665698781491705,0,1
bytebearbree,2516480969909851676,0,0
bytebearbree,2515522771539333688,0,0
bytebearbree,2511872589144595203,0,0
bytebearbree,2499464233364841069,0,0
bytebearbree,2495176487938898760,0,0
bytebearbree,2484370064103658945,0,0
bytebearbree,2462159256481427159,0,0
bytebearbree,2459047384878063537,0,0
bytebearbree,2456837410445664530,0,0
bytebearbree,2454807032058932973,0,0
frontendvale,2481373847807343802,0,0
frontendvale,2451585921519282501,0,0
frontendvale,2450320029888026451,0,0
frontendvale,2449505700154486403,0,0
frontendvale,2448953786899706799,0,0
frontendvale,2448077908112110016,0,0
frontendvale,2446792658116049556,0,1
frontendvale,2446585649214630330,0,0
frontendvale,2445794218266959567,0,0
frontendvale,2445355415912051285,0,0
frontendvale,2444618375331067290,0,0
frontendvale,2443976332682659289,0,0
vidalcode,2662278025546085972,0,0
vidalcode,2647030238903345024,0,0
vidalcode,2639773212238301058,0,0
vidalcode,2629660028579939549,0,0
vidalcode,2625768585583064550,0,0
vidalcode,2622363172804188515,0,0
vidalcode,2607255372281271096,0,0
vidalcode,2603568302224566374,0,0
vidalcode,2602002624635824210,0,0
vidalcode,2591140605175166504,0,0
vidalcode,2586207696731364535,0,0
vidalcode,2572371565829112538,0,0
yasserakbbach,2674470474204066186,1,0
yasserakbbach,2669109428664412413,1,0
yasserakbbach,2661381979096855264,1,0
yasserakbbach,2659927185761061045,1,0
yasserakbbach,2657072911658338787,1,0
yasserakbbach,2638863655641482853,1,0
yasserakbbach,2635661972631340696,1,0
yasserakbbach,2627920289624610259,1,0
yasserakbbach,2624340395854562994,0,1
yasserakbbach,2596858628759372488,1,0
yasserakbbach,2593032908853620104,0,0
yasserakbbach,2589609213858585606,0,0
the_youngtech,2652195308163634475,0,0
the_youngtech,2637845530706102175,0,0
the_youngtech,2634349408334821190,0,0
the_youngtech,2611605591152392010,0,0
the_youngtech,2600823670239476169,0,0
the_youngtech,2598999511435175147,0,0
the_youngtech,2576922105723649850,0,0
the_youngtech,2574226299698734164,0,0
the_youngtech,2572703068526058554,0,0
the_youngtech,2517072914239571592,0,0
the_youngtech,2517072500530277938,0,0
the_youngtech,2513389604401480059,0,0
surajparik_,2614779815580697128,0,1
surajparik_,2612452542286423948,0,0
surajparik_,2609059473319028209,0,0
surajparik_,2547066923259074297,0,0
surajparik_,2540056551474766863,0,0
surajparik_,2535815694466825578,0,0
surajparik_,2529249738524467893,0,0
surajparik_,2504561183663781335,0,0
surajparik_,2503003962865806841,0,1
surajparik_,2500301109780868607,0,0
surajparik_,2499436073889868663,0,0
surajparik_,2467522995107668055,0,0
mahnerak,2653344701141278524,0,0
mahnerak,2610374245069537239,0,0
mahnerak,2481369423717434290,0,0
mahnerak,2459868054280115136,0,0
mahnerak,2376908120769421785,0,0
mahnerak,2370725427148901811,0,0
mahnerak,2366129840512529681,0,0
mahnerak,2293807800068752278,0,0
mahnerak,2288748242081833112,1,0
mahnerak,2277875434955128816,0,0
mahnerak,2269842252511469868,0,0
mahnerak,2260976132522057595,0,0
talei.tech,2525707079512122170,0,0
talei.tech,2525062186540321820,0,0
talei.tech,2522094787704781228,0,0
talei.tech,2446786442089980698,1,0
talei.tech,2440971900576242480,0,1
talei.tech,2437335968957742151,0,0
talei.tech,2436573225296154136,0,0
talei.tech,2435172376984638507,0,0
talei.tech,2433075152121102640,0,0
talei.tech,2431487952031849949,0,0
talei.tech,2419172723550669725,0,0
talei.tech,2416601442778488712,0,0
eberwein_webdesign,2318312894697572762,1,0
eberwein_webdesign,2314673017724083622,1,0
eberwein_webdesign,2313313975809045236,0,0
eberwein_webdesign,2310332004862370263,1,0
eberwein_webdesign,2307429168034081194,1,0
eberwein_webdesign,2305350359554107004,0,0
eberwein_webdesign,2303892922657502229,0,0
eberwein_webdesign,2299627057121949503,0,0
eberwein_webdesign,2295955231959239022,0,0
eberwein_webdesign,2294521926042957217,0,0
eberwein_webdesign,2293097681391958653,0,0
eberwein_webdesign,2291619126443131368,0,0
mervydev,2642316404587646853,0,0
mervydev,2635083838609553143,0,0
mervydev,2634418475345530558,0,0
mervydev,2563597140506885652,0,1
mervydev,2558552673886168216,0,1
mervydev,2558330374658553006,0,0
mervydev,2555411887464264253,0,1
mervydev,2477906527051073448,0,0
mervydev,2462133083831349460,0,0
mervydev,2448013345492736902,0,0
mervydev,2443143906624377812,0,0
mervydev,2437871556605728310,0,0
dud_codes,2365456607573202534,0,0
dud_codes,2288762926833639309,0,0
dud_codes,2288137308567875523,0,0
dud_codes,2287197956916572109,0,0
dud_codes,2283745531031447749,0,0
dud_codes,2282912916674009119,0,0
dud_codes,2282109669583538914,0,0
dud_codes,2280707354676093113,0,0
dud_codes,2280229513828229562,0,0
dud_codes,2279396812078331782,0,0
dud_codes,2278599937167221223,0,0
dud_codes,2278214327554345673,0,0
techgirl.exe,2340849698556044215,1,0
techgirl.exe,2336485815665840046,0,0
techgirl.exe,2331386917322589828,0,0
techgirl.exe,2328541711078485755,0,0
techgirl.exe,2328422157559806934,0,0
techgirl.exe,2326961360228934544,0,0
techgirl.exe,2326891279952296556,0,0
techgirl.exe,2326412955241082656,0,0
techgirl.exe,2325734722694671931,0,0
techgirl.exe,2288377787637268222,0,0
techgirl.exe,2283601490612331891,0,0
techgirl.exe,2277253003202716077,0,0
maddstyle_code,2672571495752890912,0,0
maddstyle_code,2660401212918130173,0,0
maddstyle_code,2642943758471970982,0,0
maddstyle_code,2634147403800512770,0,0
maddstyle_code,2631750285681033841,0,0
maddstyle_code,2631576005278244172,0,0
maddstyle_code,2629998995561175919,0,0
maddstyle_code,2628691352334734630,0,0
maddstyle_code,2619299262932960712,0,0
maddstyle_code,2616307640532043342,0,0
maddstyle_code,2614153831001214596,0,0
maddstyle_code,2611896153323547290,0,0
sedemquame,2652708807147087556,0,1
sedemquame,2638061078362150739,0,1
sedemquame,2620611111821348964,0,0
sedemquame,2614163563002892803,0,0
sedemquame,2610631415763482583,0,0
sedemquame,2610600294355018119,0,0
sedemquame,2610598670353920281,0,0
sedemquame,2610596253310676268,0,0
sedemquame,2610503951007352391,0,0
sedemquame,2610503445795179990,0,0
sedemquame,2610501065762604624,0,0
sedemquame,2610500798568552540,0,0
tech.jokes,2551769064703938807,0,0
tech.jokes,2415602842439179549,0,0
tech.jokes,2402674872657486763,0,0
tech.jokes,2395795150304475620,0,1
tech.jokes,2386596877752653869,0,0
tech.jokes,2379823400886662855,0,0
tech.jokes,2373561610360028764,0,0
tech.jokes,2317544960574018136,1,0
tech.jokes,2302430094217701563,1,0
tech.jokes,2299760389094850720,1,0
tech.jokes,2281243927723977774,1,0
tech.jokes,2279372815777853075,1,0
rebecca_codes,2517599661477334024,0,0
rebecca_codes,2504003533020337691,0,0
rebecca_codes,2492337082878514620,0,0
rebecca_codes,2476386577274873168,0,0
rebecca_codes,2471309255546946854,0,0
rebecca_codes,2468539370949459524,0,0
rebecca_codes,2461789014403850117,0,0
rebecca_codes,2456612191730760419,1,0
rebecca_codes,2449690050854718353,0,0
rebecca_codes,2448211379405134514,0,0
rebecca_codes,2444619934664391510,0,0
rebecca_codes,2443025783053119882,1,0
thefrontendrish,2588747514049797123,1,0
thefrontendrish,2583496715588170576,1,0
thefrontendrish,2577840782813536514,1,0
thefrontendrish,2574009026817672430,1,0
thefrontendrish,2564117426939443789,1,0
thefrontendrish,2552487879349443861,1,0
codewithpav,2524535915297326383,0,0
codewithpav,2521214429285041381,0,1
codewithpav,2517985451235696841,0,0
codewithpav,2517565062202409839,0,0
codewithpav,2516756700451773838,0,0
codewithpav,2445766884776299159,0,0
codewithpav,2440203211378825072,0,0
codewithpav,2440181400570172182,0,0
codewithpav,2435662712622158875,0,0
codewithpav,2428241548262006426,0,0
codewithpav,2428231237278694666,0,0
codewithpav,2424966099650027231,0,0
thelinuxworld,2566051054148068834,0,0
thelinuxworld,2555373707300389825,0,0
thelinuxworld,2391603491861798648,0,0
thelinuxworld,2390159851297902825,0,0
thelinuxworld,2388028891521585317,0,0
thelinuxworld,2385587131327381960,0,0
thelinuxworld,2385069683280964692,0,0
thelinuxworld,2381495225974615437,0,0
thelinuxworld,2378591699166430993,0,0
thelinuxworld,2376409354829043495,0,0
thelinuxworld,2373516561328715623,0,0
thelinuxworld,2370588340874570132,0,0
websitesedge,2576526682295058669,0,0
websitesedge,2424555994815183291,0,0
websitesedge,2416308007383098961,0,0
websitesedge,2412738827123837467,0,0
websitesedge,2411874500984574561,0,0
websitesedge,2410450160309147570,0,0
websitesedge,2409023268817221803,0,0
websitesedge,2408266464533476894,0,0
websitesedge,2407525995008556341,0,0
websitesedge,2396320459995148660,0,0
websitesedge,2394440598686961550,0,0
websitesedge,2381401630273848649,0,0
init.js,2312378768381096234,0,0
init.js,2308987135509794371,0,0
init.js,2305276179327933107,0,0
init.js,2303575895098600637,0,0
init.js,2303574939434902035,0,0
init.js,2298105120208030734,0,0
init.js,2298103738998572239,0,0
init.js,2298099852968366531,0,0
init.js,2293091585488880627,0,0
init.js,2290908583753177498,0,0
init.js,2288827963887651045,0,0
init.js,2288070723246221536,0,0
cyangineer,2620090475141905550,0,0
cyangineer,2619875627119002109,0,0
cyangineer,2611235483686926777,0,1
cyangineer,2577928902681200016,0,0
cyangineer,2495222213528278138,0,0
cyangineer,2446682497961418911,0,0
cyangineer,2444482681485376354,0,0
cyangineer,2443125298469162960,0,0
cyangineer,2441620444497787195,0,0
cyangineer,2438659227068110450,0,0
cyangineer,2433233441372581851,0,0
cyangineer,2418480818824302516,0,0
undestine_life,2459112620406596968,0,1
undestine_life,2458830613994641814,0,1
undestine_life,2458278181250138142,0,1
undestine_life,2438317483346872611,0,0
undestine_life,2399926258491233145,1,0
undestine_life,2391460915037046934,1,0
undestine_life,2389594353246001996,0,0
undestine_life,2382104369786256902,1,1
undestine_life,2381199634094880670,1,0
undestine_life,2380374630025260436,1,0
undestine_life,2379674139289741890,1,1
undestine_life,2379562796532615991,1,0
milano.dev,2496155729937863164,0,0
milano.dev,2491070709095315177,0,0
milano.dev,2480189192009860937,0,0
milano.dev,2467233118613052460,0,0
milano.dev,2450537467221275308,0,0
milano.dev,2444009118885751233,0,0
milano.dev,2403200338543917175,0,0
milano.dev,2393945949509624648,0,0
milano.dev,2388118501551277693,0,0
milano.dev,2374359744023524322,0,0
milano.dev,2373628826346390607,0,0
milano.dev,2370650001522158912,0,1
arash_mehrzadi,2435942261709452756,1,0
arash_mehrzadi,2391524673407715382,1,0
arash_mehrzadi,2364161946993567428,1,1
arash_mehrzadi,2355425953977421200,1,1
arash_mehrzadi,2323510805196228685,1,1
arash_mehrzadi,2309621462190854902,1,1
arash_mehrzadi,2294176371436354364,1,1
arash_mehrzadi,2284297837192591518,1,1
arash_mehrzadi,2282887796719775671,1,1
arash_mehrzadi,2281924479167701425,0,1
tech.embark,2353797510409416461,0,0
tech.embark,2348032481862872681,0,0
tech.embark,2347274781281254025,0,0
tech.embark,2345848047117819925,0,0
tech.embark,2344416973267615311,0,0
tech.embark,2343661594157837827,0,0
tech.embark,2341493214428636392,0,0
tech.embark,2340787798128269443,0,0
tech.embark,2339236923304047721,0,0
tech.embark,2337867473266885012,0,0
tech.embark,2335712318522064469,0,0
tech.embark,2334257779855952721,0,0
python.tips,2663777405374906075,0,0
python.tips,2528914166086272744,0,0
python.tips,2527449792121346867,0,0
python.tips,2526843377274933407,0,0
python.tips,2526156625577040189,0,0
python.tips,2525432495928160128,0,0
python.tips,2524730231311678547,0,0
python.tips,2516129861402474912,0,0
python.tips,2515362553029716487,0,0
python.tips,2513658451430191183,0,0
wizdomqa.ie,2608117095210603651,0,1
wizdomqa.ie,2606924249724060295,0,0
wizdomqa.ie,2605293485503143600,0,0
wizdomqa.ie,2603768430696633624,0,0
wizdomqa.ie,2603104545849250589,0,1
wizdomqa.ie,2602273797646919573,0,0
wizdomqa.ie,2601068674008392590,0,1
wizdomqa.ie,2600431471879880863,0,0
wizdomqa.ie,2599012136836354100,0,0
wizdomqa.ie,2597320986298745610,0,0
wizdomqa.ie,2596445268942391897,0,0
wizdomqa.ie,2595078691392747425,0,0
irina_webdev,2628317625352333053,0,0
irina_webdev,2427722138550431607,0,0
irina_webdev,2426272114666861222,0,0
irina_webdev,2425086551330698278,0,0
irina_webdev,2419833809498581494,0,0
irina_webdev,2417388697040632653,0,0
irina_webdev,2415647188222152668,0,0
irina_webdev,2413891332719521772,0,0
irina_webdev,2412508680087219115,0,0
irina_webdev,2404059789973164443,0,0
irina_webdev,2287136993186362916,1,0
irina_webdev,2283698354892824704,1,0
takeswagbrand,2482030504535565865,0,0
takeswagbrand,2482030132853186075,0,0
takeswagbrand,2482028834640563284,0,0
takeswagbrand,2474766087425171652,0,0
takeswagbrand,2474765789570841986,0,0
takeswagbrand,2474758350586962134,0,0
takeswagbrand,2474416784286924773,0,0
takeswagbrand,2474416258771953704,0,0
takeswagbrand,2474355913234027919,0,0
takeswagbrand,2471928393369943719,0,0
takeswagbrand,2471927889407592276,0,0
takeswagbrand,2471926727744825737,0,0
initialcommit,2646701098815858265,0,0
initialcommit,2645309357361723896,0,0
initialcommit,2639504677117256782,0,0
initialcommit,2631447579237796252,0,0
initialcommit,2628614276487494781,0,0
initialcommit,2627349487622673689,0,0
initialcommit,2624388125849777508,0,0
initialcommit,2622972247350910441,0,0
initialcommit,2621594086776090556,0,0
initialcommit,2619412328500481947,0,0
initialcommit,2617918662363759177,0,0
initialcommit,2616405120334477182,0,0
rahultaak1702,2679813789917071320,0,0
rahultaak1702,2672472271302264425,0,1
rahultaak1702,2671084564409183491,0,1
rahultaak1702,2669872221718222684,0,0
rahultaak1702,2666227382488753334,0,1
rahultaak1702,2660932406825080788,0,1
rahultaak1702,2658081240724580321,0,1
rahultaak1702,2657608688986988271,0,0
rahultaak1702,2652644856040063557,0,1
rahultaak1702,2641660401020799539,0,1
rahultaak1702,2640475799834217906,0,1
rahultaak1702,2640151971655178200,0,1
coding.womann,2667877854867511426,0,0
coding.womann,2664028776212385618,0,0
coding.womann,2661822196950898845,0,1
coding.womann,2660605352420243835,0,0
coding.womann,2658852841565553366,0,0
coding.womann,2656248457073734678,0,1
coding.womann,2647302424486514486,0,1
coding.womann,2646080467200052292,0,0
coding.womann,2645100530481624002,0,1
coding.womann,2644664842707555340,0,1
coding.womann,2643150139258969550,0,0
coding.womann,2642345573294628356,0,0
modernlearningsolutions,2680642103935890139,0,0
modernlearningsolutions,2679811327749025521,0,0
modernlearningsolutions,2679173238945174005,0,0
modernlearningsolutions,2678410669472896751,0,0
modernlearningsolutions,2677707665098774092,0,0
modernlearningsolutions,2677095424196595313,0,0
modernlearningsolutions,2674804048649867485,0,0
modernlearningsolutions,2673324523659302955,0,0
modernlearningsolutions,2672645219418060248,0,0
modernlearningsolutions,2671965875875951191,0,0
modernlearningsolutions,2669708321720417574,0,0
modernlearningsolutions,2668994998846727141,0,0
aditechdev,2363757300751075552,0,0
aditechdev,2349514326689310807,0,0
aditechdev,2348839357824052331,0,0
aditechdev,2348092367296502797,1,0
aditechdev,2333563571146931785,1,0
aditechdev,2332021380310181137,0,1
aditechdev,2322017545221089814,0,0
aditechdev,2319064241400812806,0,0
aditechdev,2318122452061823021,0,0
aditechdev,2316959842675378364,0,0
aditechdev,2312958123181972795,0,1
aditechdev,2311181113740934012,0,0
_py4u_,2598197071841235572,0,0
_py4u_,2544455604827738147,0,0
_py4u_,2543891213602328975,0,0
_py4u_,2535851336051488649,0,0
_py4u_,2476746295642012940,0,0
_py4u_,2475470531818926501,0,0
_py4u_,2471859402185941908,0,0
_py4u_,2466071611984412529,0,1
_py4u_,2460410568289411718,0,0
_py4u_,2442017885174957523,0,1
_py4u_,2438760123422764644,0,0
_py4u_,2435483155994555824,0,0
imlunacode,2586685573450147646,0,0
imlunacode,2526806374193990944,0,0
imlunacode,2509146099313153589,0,0
imlunacode,2506135323134875176,0,0
imlunacode,2496157326340414962,0,0
imlunacode,2495303103291386137,0,0
imlunacode,2491840805708751796,0,0
imlunacode,2491310489118576324,0,0
imlunacode,2489522163923290634,0,0
imlunacode,2487772372168176449,0,0
imlunacode,2486356473150304642,0,0
imlunacode,2485623912941859276,0,0
beautyincoding,2518458580336654016,0,0
beautyincoding,2516261296803113830,0,0
beautyincoding,2501095559738281975,0,0
beautyincoding,2496038254663693389,0,0
beautyincoding,2494406036933391646,0,0
beautyincoding,2494307821617686283,0,0
beautyincoding,2493914743543260518,0,0
beautyincoding,2471263419135737065,0,0
beautyincoding,2470594741734024392,0,0
beautyincoding,2470584688884906917,0,0
beautyincoding,2426534125671529967,0,0
beautyincoding,2421283887201160813,0,0
millionclubowner,2553951682402489568,0,0
millionclubowner,2413485055362957561,0,0
millionclubowner,2402493135320897025,0,1
millionclubowner,2397573255240977980,0,0
millionclubowner,2394626341216528749,0,0
millionclubowner,2386295467494255261,0,1
millionclubowner,2385805002881793979,0,0
millionclubowner,2384387096612449605,0,0
millionclubowner,2382214186145751257,0,1
millionclubowner,2379712797511467584,0,0
millionclubowner,2378559291618380732,0,0
millionclubowner,2377104038729600028,0,0
programmingmemer,2656087841503979696,0,0
programmingmemer,2638040532052287587,0,0
programmingmemer,2633519573869897366,0,0
programmingmemer,2590035970246252088,0,1
programmingmemer,2570345385864369062,1,0
programmingmemer,2555124024418040789,0,0
programmingmemer,2509074849419252982,0,0
programmingmemer,2503208288813015228,0,0
programmingmemer,2498068189066426626,0,0
programmingmemer,2493059533539251523,0,0
programmingmemer,2477912929589246396,0,0
programmingmemer,2476960428408723468,0,0
nn.code,2339502024766273673,1,0
nn.code,2335754098252449342,1,0
nn.code,2333634150898319995,1,0
nn.code,2326007841409957529,0,0
nn.code,2324410075273431915,0,0
nn.code,2322665623689314269,1,0
nn.code,2320083833879341736,0,0
nn.code,2319345976709685843,1,0
nn.code,2318345618629719317,1,0
nn.code,2317603698177563700,0,0
nn.code,2316909117408661419,1,0
nn.code,2315104209110002411,0,0
girlsdoit.moscow,2678364007155623005,0,0
girlsdoit.moscow,2672582429070334944,0,0
girlsdoit.moscow,2643798866749747416,0,0
girlsdoit.moscow,2642846552845111132,0,0
girlsdoit.moscow,2639277935218087877,0,0
girlsdoit.moscow,2626931921157077493,0,0
girlsdoit.moscow,2618954401396627592,0,0
girlsdoit.moscow,2611965983117567777,0,1
girlsdoit.moscow,2607512441536603320,0,0
girlsdoit.moscow,2602265510920983677,0,0
girlsdoit.moscow,2597988814583631353,0,0
girlsdoit.moscow,2585593200956742519,0,0
gsintech,2322856071087791769,0,0
gsintech,2317725559888634084,0,0
gsintech,2313324013223306476,0,0
gsintech,2312595150067405560,0,0
gsintech,2312092046439773938,0,0
gsintech,2311950955673613052,0,0
gsintech,2311418353455737761,0,0
gsintech,2311115094539355944,0,0
gsintech,2310503561970930910,0,1
gsintech,2310443210214685203,0,0
gsintech,2309716275809437464,0,0
gsintech,2308956231283214657,0,1
mrunank_pawar,2676103153616901937,0,0
mrunank_pawar,2674306672899516982,0,0
mrunank_pawar,2670318364097615304,0,0
mrunank_pawar,2662286570259828793,0,0
mrunank_pawar,2630093614841093446,1,0
mrunank_pawar,2616277997657779958,0,0
mrunank_pawar,2603262542017350235,0,0
mrunank_pawar,2594216946250503629,1,1
mrunank_pawar,2561880056477847397,1,0
mrunank_pawar,2559622395585886139,1,1
mrunank_pawar,2545299078708513195,1,0
mrunank_pawar,2530468591951084494,1,0
coding_vibe,2294837598931230877,0,0
coding_vibe,2289774471818755406,0,0
coding_vibe,2288588519914316914,0,0
newbiecodes,2612708455958407271,0,0
newbiecodes,2520666775402782160,0,1
newbiecodes,2519921765518458483,0,0
newbiecodes,2516216079571850451,0,0
newbiecodes,2422853908679620003,0,0
newbiecodes,2419240652107634056,0,1
newbiecodes,2414822570965667348,0,0
newbiecodes,2409692531425098883,0,0
newbiecodes,2398168253458538288,0,0
newbiecodes,2395949540395052613,0,0
newbiecodes,2382927646641277930,0,0
newbiecodes,2382208972263305730,0,0
assignment_help.nz,2681955452857872509,0,0
assignment_help.nz,2681955298457035158,0,0
assignment_help.nz,2681955162813136430,0,0
assignment_help.nz,2681447543425077962,0,0
assignment_help.nz,2681447385048216399,0,0
assignment_help.nz,2681447242215429303,0,0
assignment_help.nz,2681240183517433705,0,0
assignment_help.nz,2681239978088671753,0,0
assignment_help.nz,2681239791190546528,0,0
assignment_help.nz,2680765199795780311,0,0
assignment_help.nz,2680765092715243314,0,0
assignment_help.nz,2680764945620941897,0,0
_pi.bot_,2674435561177945911,0,0
_pi.bot_,2667889758279867045,0,0
_pi.bot_,2561996772250303889,0,0
_pi.bot_,2526479869516137894,0,0
_pi.bot_,2492431861753330987,0,0
_pi.bot_,2488184286686782237,0,0
_pi.bot_,2483728803435428465,0,0
_pi.bot_,2483082170825789693,0,0
_pi.bot_,2473713236303974498,0,1
_pi.bot_,2459960031314706488,0,0
_pi.bot_,2459111785700913997,0,0
_pi.bot_,2444005177937496160,0,0
devdungion,2480275774909860739,0,0
devdungion,2314989066850096571,0,0
devdungion,2309569752529625066,0,0
devdungion,2309546999277515543,0,0
devdungion,2306199614988062620,0,0
devdungion,2303784632807788370,0,0
devdungion,2302006613772368757,0,0
devdungion,2301770791630631421,0,0
devdungion,2301359362805033410,0,0
devdungion,2300894183470149009,0,0
devdungion,2300234202764881461,0,0
devdungion,2299429805956896038,0,1
javascript_funda,2300847185010554015,0,0
javascript_funda,2299710515204721077,0,0
javascript_funda,2298797872478576520,0,0
javascript_funda,2298231071600350273,0,0
javascript_funda,2298149209934767530,0,0
javascript_funda,2296603556540809861,0,0
javascript_funda,2296430296024973622,0,0
javascript_funda,2296032530161422918,0,0
javascript_funda,2295904531176828359,0,0
javascript_funda,2295781026053614321,0,0
javascript_funda,2295356038301547739,0,0
javascript_funda,2295057121471010189,0,0
knowledgeware_automation,2375562691600360948,0,0
knowledgeware_automation,2348021204646014637,0,0
knowledgeware_automation,2336276273120408940,0,0
knowledgeware_automation,2309626404414757528,0,0
knowledgeware_automation,2308184383087125633,0,0
knowledgeware_automation,2303916246862822603,0,0
knowledgeware_automation,2297163573929059934,0,0
knowledgeware_automation,2295748633208822468,0,0
knowledgeware_automation,2293132891776822581,0,0
knowledgeware_automation,2292871737607333591,0,0
georgebrianb,2629208214236990431,0,0
georgebrianb,2318971292352676802,0,0
georgebrianb,2255983891720693262,0,0
georgebrianb,2209046004387385818,0,0
georgebrianb,2123193997406213027,0,0
georgebrianb,2064442179174774824,0,0
georgebrianb,2046593678290081144,0,0
georgebrianb,1871854328258323767,0,0
georgebrianb,1713211508590106661,0,0
georgebrianb,1663895388972395511,0,0
georgebrianb,1581966742305733005,0,0
georgebrianb,1581075109057015722,0,1
yuuinsh,2632763463819975309,0,1
yuuinsh,2632761198032847824,0,0
yuuinsh,2619300209672251386,0,1
yuuinsh,2618503483692607631,0,1
yuuinsh,2611991776274416487,0,0
yuuinsh,2605317373247874916,0,0
yuuinsh,2604447547838986544,0,0
yuuinsh,2603332556134246896,0,0
yuuinsh,2601768024924969484,0,1
yuuinsh,2598923304850266567,0,0
yuuinsh,2594930700517171951,0,0
yuuinsh,2594266700998136164,0,1
rahul_roy2307,2682203821576045855,0,0
rahul_roy2307,2653908887800345604,0,1
rahul_roy2307,2631253141021021863,0,0
rahul_roy2307,2630681280436513940,0,0
rahul_roy2307,2629758266287293001,0,0
rahul_roy2307,2629195646551335538,0,0
rahul_roy2307,2628518093163581273,0,0
rahul_roy2307,2621353730071872716,0,1
rahul_roy2307,2614098528810419818,0,0
rahul_roy2307,2587725094049730113,0,0
keynotecast.pt,2677740135950690441,0,1
keynotecast.pt,2660541319356720610,0,1
keynotecast.pt,2646036519265955982,0,1
keynotecast.pt,2642515970241805340,0,1
keynotecast.pt,2630745170899674166,0,0
keynotecast.pt,2630119347641431549,0,0
keynotecast.pt,2623671133304465026,0,0
keynotecast.pt,2614987532228596068,0,1
keynotecast.pt,2599475245728197876,0,1
keynotecast.pt,2597483709926822878,0,1
keynotecast.pt,2595238493769444159,0,1
keynotecast.pt,2590984114694778086,0,1
kunal__garud,2630547689997294382,0,1
kunal__garud,2570537552029259415,1,1
kunal__garud,2565133192164145819,1,1
kunal__garud,2561577962352784884,0,0
kunal__garud,2560355527301322470,1,1
kunal__garud,2553133125513404192,0,1
kunal__garud,2553034589316713411,1,1
kunal__garud,2552173327502486848,0,1
kunal__garud,2527850496195219100,0,1
kunal__garud,2522759179232534188,0,1
kunal__garud,2522653709692042980,0,0
kunal__garud,2477123521143282702,0,0
womenluvtech,2302601787791648820,0,0
womenluvtech,2301754213719423852,0,0
womenluvtech,2301747909588217285,0,0
womenluvtech,2301024750744384256,0,0
womenluvtech,2300338706499935901,0,0
womenluvtech,2300325597488084435,0,0
womenluvtech,2299634436085762426,0,0
womenluvtech,2299629749982772937,0,0
womenluvtech,2298983761811099753,0,0
womenluvtech,2298975494477191463,0,0
womenluvtech,2298131697426137261,0,0
womenluvtech,2298127520603839366,0,0
nishnger,2509734809539059300,1,1
nishnger,2501786735797639032,1,1
nishnger,2477126877626646326,1,1
nishnger,2395177734176393451,0,0
nishnger,2390766033100220054,0,1
nishnger,2390134297072941641,0,1
nishnger,2389415510010834182,0,1
nishnger,2388748300707866594,0,1
nishnger,2387919057186805749,0,1
nishnger,2387165493046748503,0,1
nishnger,2386610913716044524,0,1
nishnger,2385814426425901236,0,1
carlosvinimsouza,2678246061033676214,0,0
carlosvinimsouza,2677784262006039870,0,0
carlosvinimsouza,2669463602779609159,0,0
carlosvinimsouza,2659704595202354428,0,0
carlosvinimsouza,2625259112326059015,0,0
carlosvinimsouza,2620799118754971674,0,0
carlosvinimsouza,2604249320753209389,0,0
carlosvinimsouza,2602877201687611955,0,0
carlosvinimsouza,2600556021207140981,0,0
carlosvinimsouza,2598340293330479651,0,0
carlosvinimsouza,2596256334765536611,0,0
carlosvinimsouza,2595182886685472710,0,0
letscodewithher_,2485689052083501781,0,1
letscodewithher_,2484818792253871637,0,0
letscodewithher_,2480659544338898122,0,1
letscodewithher_,2445822920929515177,0,1
letscodewithher_,2445204253254593947,0,1
letscodewithher_,2445147729782021105,0,1
letscodewithher_,2444536066678551432,0,0
letscodewithher_,2444388914874561788,0,0
letscodewithher_,2444313863500549837,0,0
letscodewithher_,2442152399079715279,0,1
letscodewithher_,2441754246870459882,0,1
letscodewithher_,2435613306824860077,0,1
m.e.h.f.i.l._,2677880068870916013,0,0
m.e.h.f.i.l._,2677796122233623341,0,0
m.e.h.f.i.l._,2677793954742000528,0,0
m.e.h.f.i.l._,2677128220962529242,0,0
m.e.h.f.i.l._,2677072109453547276,0,0
m.e.h.f.i.l._,2676406008899008868,0,0
m.e.h.f.i.l._,2676326006416315986,0,0
m.e.h.f.i.l._,2674891067816874888,0,0
m.e.h.f.i.l._,2674169539726709652,0,0
m.e.h.f.i.l._,2673437225323122638,0,0
m.e.h.f.i.l._,2671356724875565313,0,1
m.e.h.f.i.l._,2671330309268725485,0,0
fullstackdeveloper.me,2672767650463428629,0,0
fullstackdeveloper.me,2555095138305109449,0,0
fullstackdeveloper.me,2553078709101688020,0,0
fullstackdeveloper.me,2511740439537591786,0,0
fullstackdeveloper.me,2494377172370860039,0,0
fullstackdeveloper.me,2492774206113011916,0,0
fullstackdeveloper.me,2491585896671902132,0,0
fullstackdeveloper.me,2491420638042908690,0,0
fullstackdeveloper.me,2490087051670754324,0,0
fullstackdeveloper.me,2489953276139895320,0,0
fullstackdeveloper.me,2489160361197131351,0,0
fullstackdeveloper.me,2485558181319630332,0,0
ian.douglas.web,2347079466074898060,0,0
ian.douglas.web,2346001295267120819,0,0
ian.douglas.web,2345768580836070976,0,0
ian.douglas.web,2345283804849237942,0,0
ian.douglas.web,2344950811421014341,0,0
ian.douglas.web,2344195371426837503,0,0
ian.douglas.web,2343804551271841144,0,0
ian.douglas.web,2343803352783075941,0,0
ian.douglas.web,2342770892389580196,0,1
ian.douglas.web,2341921541710690394,0,0
ian.douglas.web,2341917421436248917,0,0
ian.douglas.web,2341387973125453082,0,1
web.dev_js,2562668391627112735,0,0
web.dev_js,2562184760785809949,0,0
web.dev_js,2561218267440037378,0,0
web.dev_js,2558614947840010194,0,0
web.dev_js,2553391650751901953,0,0
web.dev_js,2549720444634910747,0,0
web.dev_js,2548976126970139841,0,0
web.dev_js,2547318545268816913,0,0
web.dev_js,2529412982035733838,0,0
web.dev_js,2528708544677588436,0,0
web.dev_js,2525519098188858475,0,0
web.dev_js,2519645160791370658,0,0
webd.evpro,2328501576530122702,0,0
webd.evpro,2326826036714625030,0,0
webd.evpro,2326761596174659182,0,0
webd.evpro,2326077905236477467,0,0
webd.evpro,2325594794522572046,0,0
webd.evpro,2308055966150439747,0,0
webd.evpro,2307538865618922027,0,0
webd.evpro,2307537634716478427,0,0
webd.evpro,2307373902677808596,0,0
webd.evpro,2307290452939630461,0,0
webd.evpro,2306783065208082183,0,0
webd.evpro,2306692858068788021,0,0
mustafiz.codes,2400149444847988286,0,0
mustafiz.codes,2397293005804586837,0,0
mustafiz.codes,2384885808348977640,0,0
mustafiz.codes,2382070087273256778,0,1
mustafiz.codes,2380250983696546037,0,0
mustafiz.codes,2374874542452545953,0,0
mustafiz.codes,2348087389613938537,0,0
mustafiz.codes,2343745892353555613,0,0
mustafiz.codes,2340196611835081051,0,0
mustafiz.codes,2337936800489872410,1,0
mustafiz.codes,2337221340391770721,0,0
mustafiz.codes,2336424583038677035,0,1
thewebdevbox,2319954231749919488,1,0
thewebdevbox,2315392748554661418,1,0
thewebdevbox,2312241401922002276,1,0
thewebdevbox,2311951201081568376,1,0
thewebdevbox,2311223357376317786,1,0
thewebdevbox,2309788079105299726,1,0
thewebdevbox,2308379918167303572,1,0
thewebdevbox,2307619810248365752,1,0
thewebdevbox,2307131626573946914,1,0
thewebdevbox,2306495670900563370,0,0
thewebdevbox,2306146710268895181,1,0
trubetskoy.inc,2312083849771606734,0,0
trubetskoy.inc,2309747428364683251,0,0
trubetskoy.inc,2308840825604129699,0,0
trubetskoy.inc,2308801939909724517,0,0
trubetskoy.inc,2308768375721888391,0,1
trubetskoy.inc,2306825182369471498,0,0
vernandaspw,2509334175939324059,0,0
vernandaspw,2506458506431697375,0,0
vernandaspw,2504451356142568313,0,0
vernandaspw,2503888085802925665,0,0
vernandaspw,2496297736549065368,0,0
vernandaspw,2449228754247917691,0,1
vernandaspw,2420394035336365342,0,0
vernandaspw,2410566563463740519,0,0
vernandaspw,2397711235789582887,0,0
vernandaspw,2396430128422904309,0,0
vernandaspw,2324937247520103702,0,0
vernandaspw,2321151607703663020,0,0
iscrquinter,2676011649675257610,0,0
iscrquinter,2663689660897869739,0,0
iscrquinter,2653209096642249361,0,0
iscrquinter,2644053694826606566,0,0
iscrquinter,2643092210042604549,0,0
iscrquinter,2633148572978130625,0,0
iscrquinter,2572158655332261824,0,0
iscrquinter,2529594414029214907,0,0
iscrquinter,2514211286968233003,0,0
iscrquinter,2482979677493764368,0,0
iscrquinter,2475999560758433678,0,0
iscrquinter,2471744706644859154,0,0
kelviniot,2682837625006350970,0,0
kelviniot,2682231545318568245,0,0
kelviniot,2680589877384532577,0,0
kelviniot,2679823638654665044,0,0
kelviniot,2679331360967774801,0,0
kelviniot,2678398176788021385,0,0
kelviniot,2677939040522730787,0,0
kelviniot,2677052041595947920,0,0
kelviniot,2676331849416018953,0,0
kelviniot,2675689609602294265,0,0
kelviniot,2674923302653103710,0,0
kelviniot,2674040995607452160,0,0
devchancado,2603315601548137501,1,1
devchancado,2599718158994660596,1,0
devchancado,2598813961868725313,1,0
devchancado,2598444012360844416,1,0
devchancado,2592611260159822403,1,0
devchancado,2551043879818562701,1,0
devchancado,2407644654008181378,0,0
devchancado,2345452497885573629,0,0
devchancado,2321964017779767283,0,0
devchancado,2317095679178379445,0,0
devchancado,2316870559549737053,0,0
devchancado,2316335172062362453,0,0
code_with_mee,2514819772936597801,0,0
code_with_mee,2487921827674977827,0,0
code_with_mee,2466950018016405739,0,0
code_with_mee,2466948061188910649,0,0
code_with_mee,2466947465690138290,0,0
code_with_mee,2464005067632626339,0,0
code_with_mee,2461725791319240911,0,0
code_with_mee,2461099570172566159,0,0
code_with_mee,2459559284816512785,0,0
code_with_mee,2430416205926267406,0,0
code_with_mee,2430184535039000221,0,1
code_with_mee,2428751577802591735,0,0
iam.programmemer,2627086215128454132,0,0
iam.programmemer,2599227901992588751,0,0
iam.programmemer,2576326802419094361,0,0
iam.programmemer,2576028844641363702,0,0
iam.programmemer,2575302914411132122,0,0
iam.programmemer,2572677916073599608,0,0
iam.programmemer,2572410431373874133,0,0
iam.programmemer,2571688120173937323,0,0
iam.programmemer,2570957284754654509,0,0
iam.programmemer,2570235550925793029,0,0
iam.programmemer,2569512213212378365,0,0
iam.programmemer,2569073318825228041,0,0
wecodelearners,2559013503918905881,0,0
wecodelearners,2338410605091815927,0,0
wecodelearners,2336934434856601174,0,0
wecodelearners,2336428163355206606,0,0
wecodelearners,2335517196538681804,0,0
wecodelearners,2334766921846717485,0,0
wecodelearners,2334042567559180800,0,0
wecodelearners,2333321002727001020,0,0
wecodelearners,2332600062007472089,0,0
wecodelearners,2332024244482915870,0,0
080hackers,2583019095681038599,0,1
080hackers,2582250235616998200,0,0
080hackers,2580743848760102772,0,1
080hackers,2579389520564577865,0,0
080hackers,2471570820993264210,0,0
080hackers,2468211780019927396,0,0
080hackers,2467914386250359672,1,0
080hackers,2467876200459533802,0,0
080hackers,2413199619260365310,0,0
080hackers,2337453473762440087,0,0
080hackers,2335051549700519524,1,1
bignova06,2665522350680946215,0,0
bignova06,2656193830938978214,0,0
bignova06,2649063741260388499,0,0
bignova06,2584231956285001848,0,0
bignova06,2574152545598717916,0,0
bignova06,2572204517338053584,0,0
bignova06,2550515831324139683,0,0
bignova06,2529160502049092869,0,0
bignova06,2525015952753862893,0,0
bignova06,2520365512036610190,0,0
bignova06,2508382905912576457,0,0
bignova06,2501745866794521646,0,0
chrystal.codes,2453215020667107406,0,1
chrystal.codes,2333676911961706234,1,0
chrystal.codes,2331515255567676296,0,0
chrystal.codes,2328194445339621379,0,0
chrystal.codes,2327925918430943753,0,0
chrystal.codes,2322661425794952718,0,0
chrystal.codes,2319929865048155879,0,0
chrystal.codes,2312095115999711228,1,0
chrystal.codes,2309178968732258289,0,1
chrystal.codes,2308329093296156514,0,0
dragotechnologies,2610837164437739939,0,0
dragotechnologies,2609857800560660030,0,0
dragotechnologies,2609449567131816608,0,0
dragotechnologies,2609362100534089238,0,0
dragotechnologies,2609213542035942831,0,0
dragotechnologies,2609091655469587534,0,0
dragotechnologies,2609051394689350843,0,0
dragotechnologies,2605436809763658375,0,0
peppercorn.the.pug,2629547774745875272,0,0
peppercorn.the.pug,2624446249626926021,0,0
peppercorn.the.pug,2618855794222781844,0,0
peppercorn.the.pug,2533271799129344283,0,0
peppercorn.the.pug,2528819474222472660,0,0
peppercorn.the.pug,2521745149661088220,1,0
peppercorn.the.pug,2472524479601816702,0,0
peppercorn.the.pug,2362240270840748812,1,0
peppercorn.the.pug,2356994050455074147,1,0
peppercorn.the.pug,2318395436325915612,1,0
peppercorn.the.pug,2312687371789230286,1,0
peppercorn.the.pug,2312624554528726276,1,0
meysam.code,2322538901436608763,1,0
42heilbronn,2682995763641277379,0,2
42heilbronn,2679863396344890739,0,2
42heilbronn,2678647263705098435,0,2
42heilbronn,2677077157166273995,0,2
42heilbronn,2669669470203867226,0,2
42heilbronn,2668279484885803386,0,2
42heilbronn,2666800386676213232,0,2
42heilbronn,2664658325382508444,0,2
42heilbronn,2663328154239094392,0,2
42heilbronn,2661970897655992103,0,2
42heilbronn,2659582844056393608,0,2
42heilbronn,2658283633601444914,0,2
python_explainer,2384780885754097398,0,0
python_explainer,2384209905285591717,0,0
python_explainer,2382012457922116981,0,0
python_explainer,2379834354596605725,0,0
python_explainer,2377826016178546832,0,0
python_explainer,2376363677566774825,1,0
python_explainer,2374783205672182139,0,0
python_explainer,2374009759186923950,0,0
python_explainer,2373395620412389324,0,0
python_explainer,2372606506614050494,0,0
python_explainer,2371139400202499528,0,0
python_explainer,2369676972352675205,0,0
balabantech,2317603972073958513,0,0
balabantech,2317433885941695895,0,0
balabantech,2317323108089925989,0,0
balabantech,2316815667208163264,0,0
balabantech,2315643752003320341,0,0
balabantech,2315577203129095651,0,0
balabantech,2315480612804254439,0,0
balabantech,2315479472364715876,0,0
balabantech,2315478711400534200,0,0
balabantech,2315446914272826190,0,0
balabantech,2315385315608742795,0,0
balabantech,2315384540518038733,0,0
_alexis.guijarro,2644754701134828079,0,0
_alexis.guijarro,2644705268175053732,0,0
_alexis.guijarro,2625389280213026756,0,0
_alexis.guijarro,2619332009443975127,0,0
_alexis.guijarro,2618124291198594349,0,0
_alexis.guijarro,2615753800576034915,0,0
_alexis.guijarro,2610177126195066381,1,0
_alexis.guijarro,2603443909781923998,0,0
_alexis.guijarro,2603436737731792513,0,0
_alexis.guijarro,2602826670217212090,0,0
_alexis.guijarro,2599869957402866130,0,0
_alexis.guijarro,2599259819658885051,0,0
kurosh_dev,2627240544636289073,1,0
kurosh_dev,2563221859801955860,0,0
kurosh_dev,2556696641885374187,0,0
kurosh_dev,2552423489407625705,0,0
kurosh_dev,2550777868477264102,0,0
kurosh_dev,2550308529256815214,0,0
kurosh_dev,2468952720237740559,0,0
kurosh_dev,2395135658907310444,0,0
kurosh_dev,2390760080083241201,0,0
kurosh_dev,2364553448362065753,1,0
kurosh_dev,2350351983741265773,1,0
kurosh_dev,2345809391727099988,1,0
cobracodings,2335781874166790449,0,0
cobracodings,2334117412716179997,0,0
cobracodings,2333358826004232082,0,0
cobracodings,2332839688693608991,0,0
cobracodings,2332700996146456533,0,0
cobracodings,2332121439223780477,0,0
cobracodings,2331927632859553610,0,0
cobracodings,2331847563302489684,0,0
cobracodings,2331274218697801608,0,0
cobracodings,2331193346745191569,0,0
cobracodings,2330739155581072588,0,0
cobracodings,2330663265581003832,0,0
lil_whaton,2680564121715534280,0,1
lil_whaton,2677723233929756229,0,0
lil_whaton,2676461264853685327,0,0
lil_whaton,2675826554846809773,0,0
estelo2jz,2679944370416787869,0,0
estelo2jz,2639789561534528824,0,1
estelo2jz,2631851100559138034,0,0
estelo2jz,2630940871387201240,0,0
estelo2jz,2623045811114462100,0,0
estelo2jz,2622891599860687110,0,1
estelo2jz,2622390674494674818,0,1
estelo2jz,2607938782511379166,0,1
estelo2jz,2604232755257452304,0,0
estelo2jz,2601314718959238454,0,0
estelo2jz,2599225867897769782,0,1
estelo2jz,2598910428076395207,0,0
thatvegancoder,2473571296852798271,1,0
thatvegancoder,2472846694010649705,0,0
thatvegancoder,2345070814040217420,1,0
thatvegancoder,2328486944817930223,1,0
thatvegancoder,2316780213066987267,1,0
thatvegancoder,2316150916916579912,1,0
thatvegancoder,2315574035993434744,1,0
pythoncoderrr,2461667285518992675,0,0
pythoncoderrr,2392139543870226965,0,0
pythoncoderrr,2392126245594574220,0,0
pythoncoderrr,2359136871101359912,0,0
pythoncoderrr,2359134951217332954,0,0
pythoncoderrr,2359134149140775961,0,0
pythoncoderrr,2359133993657837972,0,0
pythoncoderrr,2359128538403439165,0,0
micharthur.code,2675284418839909442,0,1
micharthur.code,2668611198934614889,0,0
micharthur.code,2651452570276670932,0,1
micharthur.code,2648671912777020172,0,0
micharthur.code,2647900088950809857,0,1
micharthur.code,2644052152840011178,0,0
micharthur.code,2637369143889928792,0,1
micharthur.code,2633234218257327861,0,0
micharthur.code,2629435982669397519,0,0
micharthur.code,2628792370426994751,0,1
micharthur.code,2622335752307334580,0,1
micharthur.code,2619120309430052463,0,1
fibrabbits,2676486077231062078,0,0
fibrabbits,2671389249783249093,0,0
fibrabbits,2662082885110198446,0,1
fibrabbits,2655286925063204561,0,0
fibrabbits,2646639324495587534,0,0
fibrabbits,2639588992259008494,0,0
fibrabbits,2629958486336835969,0,0
fibrabbits,2623535915984005285,0,0
fibrabbits,2618382832559729032,0,0
fibrabbits,2611148708849784867,0,0
fibrabbits,2578501316195410323,0,0
fibrabbits,2565507622676594374,0,0
beautycoders,2477781023375594456,0,0
beautycoders,2477780042781010789,0,0
beautycoders,2477779183158233724,0,0
beautycoders,2477778551219296529,0,0
beautycoders,2477777550760461701,0,0
beautycoders,2477776679091816260,0,0
beautycoders,2477775915938159596,0,0
beautycoders,2477774419041377965,0,0
beautycoders,2477772794872531406,0,0
beautycoders,2477772352037917744,0,0
beautycoders,2477771703867105146,0,0
beautycoders,2477770844831726814,0,0
rockmusicusa,2628565365852760598,0,1
rockmusicusa,2628564727655911388,0,1
rockmusicusa,2628563983569572377,0,1
rockmusicusa,2628563849578540846,0,1
rockmusicusa,2628526104298527686,0,1
rockmusicusa,2628484089787668372,0,1
rockmusicusa,2626547759742511979,0,1
rockmusicusa,2626464263539941036,0,1
rockmusicusa,2626463157233615040,0,1
rockmusicusa,2625865089354118677,0,1
rockmusicusa,2624877039409030220,0,1
rockmusicusa,2624876281640827786,0,1
udemy.freecourse,2683704674388830576,0,1
udemy.freecourse,2682965268715831231,0,1
udemy.freecourse,2682263802913162564,0,1
udemy.freecourse,2681414482231669985,0,1
udemy.freecourse,2680796013190954847,0,1
udemy.freecourse,2680044135326828015,0,1
udemy.freecourse,2679309632719370761,0,1
udemy.freecourse,2676390372012462191,0,1
udemy.freecourse,2675650030053231603,0,1
udemy.freecourse,2672060084305462426,0,1
udemy.freecourse,2669150612607999837,0,1
udemy.freecourse,2667650735328801554,0,1
educipher,2369719858792384803,0,0
educipher,2365400449886033607,0,0
educipher,2361684133233486008,0,0
educipher,2360213055318897008,1,0
educipher,2356621517515546530,0,0
educipher,2354392459075607243,0,0
educipher,2352937396985563387,0,0
educipher,2349303343920526307,0,0
educipher,2347122988824843078,0,0
educipher,2344937763520881696,0,0
educipher,2343510204069190249,0,0
educipher,2342051377230134358,1,0
hackingview,2529333333645654296,0,0
hackingview,2497394195602384839,0,0
hackingview,2497263081315567190,0,0
hackingview,2496138775730681638,0,0
hackingview,2490882472884194147,0,0
hackingview,2490442514008545011,0,0
hackingview,2487206528453452757,0,0
hackingview,2474733950766114020,0,0
hackingview,2470113931411147762,0,0
hackingview,2461053546401921805,0,0
hackingview,2450824201670659097,0,0
hackingview,2449559891728232234,0,0
linux_kernel,2647858561162810316,0,0
linux_kernel,2534655730754799655,0,0
linux_kernel,2530503385078083478,0,0
linux_kernel,2530351817268592838,0,0
linux_kernel,2529617389730053714,0,1
linux_kernel,2434086344608252878,0,1
linux_kernel,2339754240194457552,0,1
linux_kernel,2337893908924765117,0,1
linux_kernel,2337048810271955343,0,1
linux_kernel,2334571050777605889,0,1
linux_kernel,2334083706953673777,0,0
linux_kernel,2331896078640761980,0,0
marcelorafael23,2685101259319332570,0,0
marcelorafael23,2682157024139850133,0,0
marcelorafael23,2682148449875281961,0,0
marcelorafael23,2660651324831415855,0,0
marcelorafael23,2425895927682638729,0,0
marcelorafael23,2420831230952249685,0,0
marcelorafael23,2384954241742860572,0,0
marcelorafael23,2336547348028978736,0,1
marcelorafael23,2329145475411168984,0,0
marcelorafael23,2328444323971243651,0,0
marcelorafael23,2328058231870932929,0,0
marcelorafael23,2325148314100977918,0,0
kdsolutionterms,2385443705608900044,0,1
kdsolutionterms,2348506062077835885,0,1
kdsolutionterms,2341033683305541165,0,0
kdsolutionterms,2339487341533981483,0,0
kdsolutionterms,2339472645632292816,0,0
kdsolutionterms,2337515718769536077,0,0
kdsolutionterms,2332153802945186493,0,0
kdsolutionterms,2326018611359137488,0,1
kdsolutionterms,2325420007206162157,0,0
kdsolutionterms,2325417419253578248,0,0
kdsolutionterms,2325412404652810584,0,0
kdsolutionterms,2325410802495694966,0,0
dev_amigo,2600857941880733645,0,0
dev_amigo,2479233382429672861,0,0
dev_amigo,2476890869576343694,0,0
dev_amigo,2389476244279463671,0,0
dev_amigo,2388755711900396873,0,0
dev_amigo,2387320275126697045,0,0
dev_amigo,2386538573068372472,0,0
dev_amigo,2385782705548715910,0,0
dev_amigo,2385064488618659793,0,0
dev_amigo,2384257108544604714,0,0
dev_amigo,2383295583462071773,0,0
dev_amigo,2379974628270446535,0,0
____pankaj_mourya____,2664777140240675864,1,1
____pankaj_mourya____,2662654778571317453,1,0
____pankaj_mourya____,2653358345496387202,1,0
____pankaj_mourya____,2640322165815426948,1,1
____pankaj_mourya____,2639075847534786493,1,0
____pankaj_mourya____,2613462508561701734,1,0
____pankaj_mourya____,2602342280750606969,1,0
____pankaj_mourya____,2601100576470987490,1,1
____pankaj_mourya____,2485722690436870384,0,0
____pankaj_mourya____,2468460323630090761,0,0
____pankaj_mourya____,2455288114250228613,0,0
____pankaj_mourya____,2453560992934428528,0,0
codewithsunny,2613012179176001685,0,1
codewithsunny,2611610503353430209,1,1
codewithsunny,2610846530450311315,0,0
codewithsunny,2608769371808356311,0,0
codewithsunny,2607932444355967350,0,0
codewithsunny,2607278084177398886,0,0
codewithsunny,2578997417857763583,0,0
codewithsunny,2578995182796893380,0,1
codewithsunny,2577062197096260409,0,0
codewithsunny,2573929172334352683,0,0
codewithsunny,2573913957278491862,0,0
codewithsunny,2571757278055345631,0,1
cellartech,2534763083789753213,0,0
cellartech,2532095795399516052,0,0
cellartech,2492991611819261937,0,0
cellartech,2492235052692390215,0,1
cellartech,2491473979364251971,0,0
cellartech,2487789544471037803,0,0
cellartech,2486294436391403378,0,0
cellartech,2484995985963642468,0,0
cellartech,2482097562876823742,0,0
cellartech,2478216117487807215,0,0
cellartech,2476992795559144528,0,0
cellartech,2357526876724996338,0,0
cleverdevs,2379454802339776371,0,0
cleverdevs,2377965670756477641,0,0
cleverdevs,2375858626154798324,0,0
cleverdevs,2375017302182816979,0,0
cleverdevs,2370742546423920442,0,0
cleverdevs,2370037295152847172,0,0
cleverdevs,2368551213265446333,0,0
cleverdevs,2367815832756618922,0,0
cleverdevs,2365691974566277941,0,0
cleverdevs,2364950057695936332,0,0
cleverdevs,2363535160965783580,0,0
cleverdevs,2362743943726221409,0,0
wordpress.freak,2590921038007271875,0,0
wordpress.freak,2493814873272656752,0,0
wordpress.freak,2439512734065407993,0,0
wordpress.freak,2438788337205655699,0,0
wordpress.freak,2399475967518276687,0,0
wordpress.freak,2371316432077149815,0,0
wordpress.freak,2349632417897426583,0,0
wordpress.freak,2348937822557612825,0,0
wordpress.freak,2348189962568326258,0,0
wordpress.freak,2346005983459267311,0,0
wordpress.freak,2345302343731708021,0,0
wordpress.freak,2344571124769468414,0,0
python.plus,2646388695385435255,0,0
python.plus,2634338430171837607,0,0
python.plus,2634338357165923325,0,0
python.plus,2633634584059669177,0,0
python.plus,2620629855201216277,0,0
python.plus,2565941483140041627,0,0
python.plus,2565879511803688205,0,0
python.plus,2560410555177431533,0,0
python.plus,2557188762081871152,0,0
python.plus,2556881326183757907,0,0
python.plus,2555327091537120453,0,0
python.plus,2554691251777756871,0,0
irendigital,2681685839844564773,0,0
irendigital,2641821395094511298,1,0
irendigital,2621206065354506124,1,1
irendigital,2573704873255082034,1,0
irendigital,2555861448308718684,1,0
irendigital,2540106396902108622,1,0
irendigital,2540089727127451813,1,0
irendigital,2540085948185479508,1,0
irendigital,2525034490469619548,1,0
irendigital,2519119047724803347,1,1
irendigital,2500330562947709656,1,0
irendigital,2499850042786818635,1,0
ios_dev_newbie,2670284044218863718,0,0
ios_dev_newbie,2661129341592675523,0,0
ios_dev_newbie,2638574830228578549,0,1
ios_dev_newbie,2637767551270838057,0,1
ios_dev_newbie,2632335837043386681,0,1
ios_dev_newbie,2629191625603972438,0,0
ios_dev_newbie,2610951753458161508,0,0
ios_dev_newbie,2543089097573422657,0,1
ios_dev_newbie,2536415658540286960,0,1
ios_dev_newbie,2522798135333062785,0,1
ios_dev_newbie,2515447709184984454,0,1
ios_dev_newbie,2512430500396694011,0,0
exomy_rover,2458850776771959479,0,0
exomy_rover,2453975857944746923,0,0
exomy_rover,2431409376010905389,0,0
exomy_rover,2428384364282547497,0,0
exomy_rover,2419776942007766605,0,0
exomy_rover,2403851180458346303,0,0
exomy_rover,2401447655220525889,0,0
exomy_rover,2399318304446441707,0,0
exomy_rover,2394501077163484622,0,0
exomy_rover,2393509337824537347,0,0
exomy_rover,2379784837920629679,0,0
exomy_rover,2379221227960000153,0,0
datascience_central,2342092081851475766,0,0
datascience_central,2341686729288733566,0,0
datascience_central,2340958452253276430,0,1
datascience_central,2340874093592764343,0,0
datascience_central,2339912851751571382,0,0
datascience_central,2339912131656649127,0,0
datascience_central,2337772224582638396,0,0
datascience_central,2337769320580848926,0,0
datascience_central,2337768053775061931,0,0
datascience_central,2337730652461726507,0,0
datascience_central,2335878307985708351,0,0
datascience_central,2335877316527664413,0,0
domdaviesdev,2467618353490118140,0,0
domdaviesdev,2462773897590904942,0,0
domdaviesdev,2457710675334617170,0,0
domdaviesdev,2457709183764544386,0,0
domdaviesdev,2457707148025634481,0,0
domdaviesdev,2456270883094995777,0,0
domdaviesdev,2454845241891661647,0,0
domdaviesdev,2452706969254073004,0,0
domdaviesdev,2452706273100162782,0,0
domdaviesdev,2450492954842898286,0,0
domdaviesdev,2447595513894257324,0,0
domdaviesdev,2447594587481467811,0,0
renangurgel.dev,2378099775649234143,0,0
renangurgel.dev,2365062725618443146,1,0
renangurgel.dev,2361423573472398760,0,0
renangurgel.dev,2357748792415833273,0,0
renangurgel.dev,2356352457250926654,0,1
renangurgel.dev,2354206267470054196,0,0
renangurgel.dev,2350439193497070502,0,0
renangurgel.dev,2348819157250545917,0,0
renangurgel.dev,2345944700265745792,0,0
renangurgel.dev,2345220946736917127,0,0
renangurgel.dev,2344055897070563207,0,0
renangurgel.dev,2340301201872880924,0,0
paxicotechnologies,2610694710033654422,0,0
paxicotechnologies,2602717738209115878,0,0
paxicotechnologies,2525062088158848413,0,0
paxicotechnologies,2519982568581960421,0,0
paxicotechnologies,2479401985858715623,0,0
paxicotechnologies,2460573575359368904,0,0
paxicotechnologies,2423540431829852745,0,0
paxicotechnologies,2414099923927738706,0,0
paxicotechnologies,2398175049665219266,0,0
paxicotechnologies,2395999135280133816,0,0
paxicotechnologies,2395303653910178756,0,0
paxicotechnologies,2393866046256848430,0,0
techy_tricks,2615554225547874929,0,1
techy_tricks,2613386678245469978,0,1
techy_tricks,2597407238310882120,0,1
techy_tricks,2594491970890871670,0,0
techy_tricks,2593705786983936196,0,1
techy_tricks,2591615754319218019,0,1
techy_tricks,2590879441794182938,0,1
techy_tricks,2589460720227941818,0,0
techy_tricks,2587969774550836722,0,1
techy_tricks,2585104021854161152,0,0
techy_tricks,2584390865351709729,0,1
techy_tricks,2582208657362949971,0,1
bennetgallein,2127954721859249287,1,0
bennetgallein,1840965750682422868,1,0
bennetgallein,1564750914571709292,1,0
bennetgallein,1500156525225485407,1,0
bennetgallein,1485060183767875827,1,0
bennetgallein,1477090968964363713,1,0
bennetgallein,1476360963388985915,1,0
bennetgallein,1358830733111931674,1,0
bennetgallein,1357104721625981702,1,0
bennetgallein,1355183151663945384,1,0
andreaszinonos,2398884116301912912,0,0
andreaszinonos,2383635599052675699,0,0
andreaszinonos,2373487059567545230,0,0
andreaszinonos,2363340032036650459,0,0
andreaszinonos,2353193214355206128,0,0
andreaszinonos,2349386559431881735,0,0
andreaszinonos,2343046210329372603,0,0
andreaszinonos,2342324073092227646,0,0
andreaszinonos,2337997600726385411,0,0
andreaszinonos,2337942584619566112,0,0
andreaszinonos,2337883953727425851,0,0
andreaszinonos,2337828539170144725,0,0
thegeeksarena,2586214445844663008,0,0
thegeeksarena,2491260491570339376,0,0
thegeeksarena,2474593336271543897,0,0
thegeeksarena,2468330092980348207,0,0
thegeeksarena,2460803555062583404,0,0
thegeeksarena,2447450645720997411,0,0
thegeeksarena,2443581819183234093,0,0
thegeeksarena,2439092884016831491,0,0
thegeeksarena,2429824983720060474,0,0
thegeeksarena,2420229788251030373,0,0
thegeeksarena,2415133839921121546,0,0
thegeeksarena,2409012113915080518,0,0
_cool_coders_,2616623663881717902,0,0
_cool_coders_,2616016007144085829,0,0
_cool_coders_,2615646224997250495,0,0
command.tech,2683568961903424445,0,0
command.tech,2680096464849602422,0,0
command.tech,2669919692237702944,0,0
command.tech,2651777475023418494,0,0
command.tech,2648123013541073198,0,0
command.tech,2643125963384655714,0,0
command.tech,2640909887263390043,0,0
command.tech,2635105855573614543,0,0
command.tech,2597548961284585306,0,0
command.tech,2575690771668602929,0,0
command.tech,2568506183015907579,0,0
command.tech,2567088169003470485,0,0
devstools,2511794796174021775,0,0
devstools,2510261079056241265,0,0
devstools,2501608476386591281,0,0
devstools,2494595989288249967,0,0
devstools,2492337538902004179,0,0
devstools,2490344069518250765,0,0
devstools,2467827458267914302,0,1
devstools,2439591106757860862,0,1
devstools,2420690104315904551,0,0
devstools,2417038479121928842,0,0
devstools,2415687572404718246,0,0
devstools,2404817012359518864,0,0
kh.4led,2671558675839477789,0,0
kh.4led,2670989273764065515,0,0
kh.4led,2653621411713967939,0,0
kh.4led,2652728668333580479,0,0
kh.4led,2652139824367355395,0,0
kh.4led,2651067335130478605,0,0
kh.4led,2650016170649226232,0,0
kh.4led,2648567599638797753,0,0
kh.4led,2645641777923902092,0,0
kh.4led,2630439939879659650,0,0
kh.4led,2629675402641497122,0,0
kh.4led,2620954838868852566,0,0
ivadehardy,2440107802312733531,0,0
ivadehardy,2434382947055385517,0,0
ivadehardy,2433490437349150638,0,0
ivadehardy,2431602093145112499,0,0
ivadehardy,2430828202466314160,0,0
ivadehardy,2429763378118605392,0,0
ivadehardy,2428647316773806647,0,0
ivadehardy,2427852349507817443,0,0
ivadehardy,2426338886667008109,0,0
ivadehardy,2424952272531409652,0,0
ivadehardy,2423908443317342893,0,0
ivadehardy,2422045114344962859,0,0
codehstl,2495166605462364514,0,0
codehstl,2495166231674528745,0,0
codehstl,2495164460654856511,0,0
codehstl,2468946875651288252,0,0
codehstl,2468946203119944429,0,0
codehstl,2468945285657741055,0,0
codehstl,2450300354978459675,0,0
codehstl,2450294837220566471,0,0
codehstl,2450284345311626598,0,0
codehstl,2448781444223586163,0,0
codehstl,2448780945243830433,0,0
codehstl,2448780206559948521,0,0
geekyamigo,2671786939510994561,1,0
geekyamigo,2484998955553796301,1,0
geekyamigo,2385680671647755593,1,0
geekyamigo,2385142131528712436,1,0
geekyamigo,2384385301709956981,1,0
geekyamigo,2379853009536739801,1,0
geekyamigo,2375536744454315211,0,0
geekyamigo,2374902408243687957,1,0
geekyamigo,2374809718478889897,1,0
geekyamigo,2373494958684686022,0,0
geekyamigo,2341458101436659513,0,0
geekyamigo,2341455478855782924,0,0
husan_web,2684349608290047427,1,1
husan_web,2659018043366080140,1,0
husan_web,2659014814381168351,1,0
husan_web,2624836197996896634,1,0
husan_web,2579989213626201902,1,0
husan_web,2568134118160579163,1,0
coding.witcher,2664786445077748991,0,0
coding.witcher,2664782756774565508,0,0
coding.witcher,2664780098550557282,0,0
coding.witcher,2664776215665243556,0,0
coding.witcher,2664772014155397177,0,0
coding.witcher,2664769327149912306,0,0
coding.witcher,2611444765340135316,0,0
coding.witcher,2609797918389294047,0,0
coding.witcher,2609258471478401614,0,0
coding.witcher,2609227001850426679,0,0
coding.witcher,2608537657477132245,0,0
coding.witcher,2608319775161821728,0,0
awsdeveloper,2685224216017629910,0,0
awsdeveloper,2680178060369627818,0,0
awsdeveloper,2663168442219208611,0,0
awsdeveloper,2637362860703665542,0,0
awsdeveloper,2636613993284604662,0,0
awsdeveloper,2636611104852143422,0,0
awsdeveloper,2633066834295609744,0,0
awsdeveloper,2632366488036513346,0,0
awsdeveloper,2631622449863458293,0,0
awsdeveloper,2630922124047321951,0,0
awsdeveloper,2630919352199620872,0,0
awsdeveloper,2627037979734854146,0,1
code_me_coder,2573259006609000937,0,0
code_me_coder,2427880920225793238,0,1
code_me_coder,2411578326255823437,0,0
code_me_coder,2388370602055573048,0,0
code_me_coder,2374645709036082636,0,0
code_me_coder,2366169472747752494,0,0
code_me_coder,2365443830146304319,0,0
code_me_coder,2361539128308517848,0,0
code_me_coder,2358674079038461614,0,0
code_me_coder,2356551856332818481,0,0
code_me_coder,2354471615363942499,0,0
code_me_coder,2352205179677424567,0,0
marina_webdev,2590249890018706976,0,1
marina_webdev,2580806816586753674,0,0
marina_webdev,2525788314968039676,0,1
marina_webdev,2525042068997462997,0,1
marina_webdev,2512647452558090961,0,1
marina_webdev,2498970038128704375,0,1
marina_webdev,2493859448607610044,0,1
marina_webdev,2483698903430522531,0,1
marina_webdev,2482270547380065888,0,0
marina_webdev,2471399168959054841,0,1
marina_webdev,2470678468338189639,0,0
marina_webdev,2469191530452245665,0,0
androidapps.development.blogs,2685531282239617949,0,0
androidapps.development.blogs,2681885243984948948,0,0
androidapps.development.blogs,2679036806565757104,0,0
androidapps.development.blogs,2676089977914721744,0,0
androidapps.development.blogs,2673907875545614376,0,0
androidapps.development.blogs,2669603526616278997,0,0
androidapps.development.blogs,2667463081874311001,0,0
androidapps.development.blogs,2665230097674900407,0,0
androidapps.development.blogs,2663117109492965669,0,0
androidapps.development.blogs,2660207425823856555,0,0
androidapps.development.blogs,2657981739025508675,0,0
androidapps.development.blogs,2655238380439724178,0,0
nadianadir_art,2683793167710672748,0,0
nadianadir_art,2682643297734186732,0,0
nadianadir_art,2676815513946870612,0,0
nadianadir_art,2674053824187993971,0,0
nadianadir_art,2674051681628664858,0,1
nadianadir_art,2673353115685719628,0,0
nadianadir_art,2669179770866218303,0,0
nadianadir_art,2668549634293986608,0,1
nadianadir_art,2667911101901171177,0,0
nadianadir_art,2666465057094832940,0,0
nadianadir_art,2665001970571641480,0,0
nadianadir_art,2663919240774352882,0,0
strik_ai,2395648661242513007,1,1
strik_ai,2378546071130671588,1,0
strik_ai,2373499632189025016,1,0
strik_ai,2367754621707255865,1,0
strik_ai,2361943268375583008,1,0
strik_ai,2359745916147472989,1,0
strik_ai,2358284369990756970,1,0
strik_ai,2356096546541706254,1,1
strik_ai,2352478319819410422,1,0
strik_ai,2352477191392261874,1,0
strik_ai,2352472741378464707,1,0
manzari_social,2524991183642526606,0,0
manzari_social,2498265460655736698,0,0
manzari_social,2497548255894818519,0,0
manzari_social,2465365534158568128,0,0
manzari_social,2455500048126019633,0,0
manzari_social,2439507989342880675,0,0
manzari_social,2387804071542176777,0,1
manzari_social,2382053604572856486,0,0
manzari_social,2374365804484777225,0,0
manzari_social,2372489864708299243,1,0
manzari_social,2372187356144243003,1,0
manzari_social,2370464302934346550,1,0
rushikesh_7596,2646424506680212897,1,0
rushikesh_7596,2637975584504647388,1,1
rushikesh_7596,2631214576416159179,1,1
rushikesh_7596,2626795705756209532,1,1
rushikesh_7596,2625337909500143437,1,0
rushikesh_7596,2621285751930515203,0,1
rushikesh_7596,2620545081120949198,1,1
rushikesh_7596,2609516348494870745,0,0
rushikesh_7596,2609511778515615028,1,1
rushikesh_7596,2592401617598612313,0,1
rushikesh_7596,2589381501009138317,0,1
rushikesh_7596,2589274026052888269,0,1
codeeverything.exe,2389713603893732563,0,0
codeeverything.exe,2383974531791485111,0,0
codeeverything.exe,2382482133961819629,0,0
codeeverything.exe,2379086734286741666,0,0
codeeverything.exe,2377446338049643316,0,0
codeeverything.exe,2377104187356935283,0,0
codeeverything.exe,2375297447195848690,0,0
codeeverything.exe,2373787467229879011,0,0
codeeverything.exe,2373202163833924209,0,0
codeeverything.exe,2365047770669447923,0,0
codeeverything.exe,2364375842883396096,0,0
codeeverything.exe,2363770974586089096,0,0
thetechcauldron,2519647351443046184,0,0
thetechcauldron,2518922583429415609,0,0
thetechcauldron,2516748249701186269,0,0
thetechcauldron,2514573924831328345,0,0
thetechcauldron,2514569408916487586,0,0
thetechcauldron,2513849148135432297,0,0
thetechcauldron,2513844638730029084,0,0
thetechcauldron,2511674821285645211,0,0
thetechcauldron,2511670305354118266,0,0
thetechcauldron,2509495986205181037,0,0
thetechcauldron,2508775720617395535,0,0
thetechcauldron,2508771201984658731,0,0
bobby_flutter,2550798496936661397,0,0
bobby_flutter,2548841396001957181,0,0
the_code_block,2357425788569028546,1,0
the_code_block,2351665779484012886,1,0
the_code_block,2350958776361019482,1,0
the_code_block,2349365871422982547,1,0
the_code_block,2348555035854991525,1,0
the_code_block,2347873195242505772,1,0
the_code_block,2347150454755425738,1,0
the_code_block,2346646141381437303,1,0
inside_technologyy,2589286150266964732,0,0
inside_technologyy,2579845744798448859,0,0
inside_technologyy,2576238378943980306,0,0
inside_technologyy,2575331451384674836,0,0
inside_technologyy,2574629941130665960,1,0
ricky_codes,2511862911132228900,0,0
ricky_codes,2508242377995477577,0,0
ricky_codes,2506035120004203531,0,0
ricky_codes,2503903502502344396,0,0
ricky_codes,2501699934038948302,0,0
ricky_codes,2499567002050486552,0,0
ricky_codes,2497375503762136734,0,0
ricky_codes,2495923993970859457,0,0
ricky_codes,2494469548418312033,0,0
ricky_codes,2460452713964616723,0,0
ricky_codes,2457499124354994740,0,0
ricky_codes,2429992277998027478,0,0
odin_school,2685670886989869078,0,0
odin_school,2684792102931462206,0,1
odin_school,2683584852284072356,0,1
odin_school,2683437799080532124,0,0
odin_school,2682694449679417827,0,1
odin_school,2682001450349020621,0,0
odin_school,2680770774117990112,0,1
odin_school,2680553577782552111,0,0
odin_school,2679881485754662073,0,1
odin_school,2679145193881890780,0,0
odin_school,2679082363058799386,0,0
odin_school,2678448184890268702,0,1
tech.with.alex,2608081836933251760,0,0
tech.with.alex,2586693042950703483,0,0
tech.with.alex,2506001176349188786,0,0
tech.with.alex,2466962496716555750,0,0
tech.with.alex,2461238795496999482,0,0
tech.with.alex,2460410324105499703,0,0
tech.with.alex,2458941507442039457,0,1
tech.with.alex,2456775610899511069,0,0
tech.with.alex,2454709530563657921,0,0
tech.with.alex,2452365317054305196,0,0
tech.with.alex,2448966813946709703,0,0
tech.with.alex,2447430151521747802,0,1
guywithsyntax,2383324186123723882,0,0
guywithsyntax,2372452001272535570,0,0
guywithsyntax,2371373906918607851,0,0
guywithsyntax,2371332169877526097,0,0
guywithsyntax,2371207347910651729,0,0
guywithsyntax,2371150613347157247,0,0
guywithsyntax,2371075601030293169,0,0
guywithsyntax,2370969788236409025,0,0
guywithsyntax,2370426648458847494,0,0
guywithsyntax,2370371964490519237,0,0
guywithsyntax,2370275642517453459,0,0
guywithsyntax,2369727003730831079,0,0
geek_recharged,2369966794439680658,0,0
geek_recharged,2369934718239885215,0,0
geek_recharged,2369299740384603599,0,1
samuel.rollin,2450670390900056379,0,0
samuel.rollin,2449798916509249857,0,0
samuel.rollin,2441826396316734545,0,0
samuel.rollin,2439652119874644859,0,0
samuel.rollin,2428333350875361126,0,0
samuel.rollin,2424681868137530919,0,0
samuel.rollin,2424007929618778881,0,0
samuel.rollin,2423224974336325100,0,0
samuel.rollin,2422453750103003073,0,0
samuel.rollin,2421698767354387728,0,0
samuel.rollin,2421021784047964330,0,0
samuel.rollin,2420279412230043337,0,0
biernat.paulinaa,2570697453167453384,0,0
biernat.paulinaa,2569817674020435310,0,1
biernat.paulinaa,2569234989573736094,0,0
biernat.paulinaa,2536854991147901799,0,0
biernat.paulinaa,2535164900025355906,0,0
biernat.paulinaa,2533643732474722799,0,0
biernat.paulinaa,2531530852438739220,0,0
biernat.paulinaa,2505435521489294384,0,0
biernat.paulinaa,2503780938698239992,0,0
biernat.paulinaa,2503326185380084410,0,0
biernat.paulinaa,2502946253453843387,0,0
biernat.paulinaa,2501644067260106640,0,0
the.programmer.world,2670616635907577079,0,0
the.programmer.world,2662063222219580137,0,0
the.programmer.world,2605410787804465693,0,0
the.programmer.world,2601645890985687759,0,0
the.programmer.world,2598074027504138572,0,0
the.programmer.world,2596596698834800192,0,0
the.programmer.world,2595784976969299606,0,0
the.programmer.world,2595229053926334154,0,0
the.programmer.world,2594409036515208514,0,0
the.programmer.world,2474214905060569730,0,0
the.programmer.world,2472767747354606557,0,0
the.programmer.world,2471323310746349373,0,0
william_tmtc,2496583214114833873,1,1
william_tmtc,2481741128194813129,1,0
william_tmtc,2477166276922302860,0,0
william_tmtc,2442703605411966526,1,0
william_tmtc,2409789690684636346,0,0
william_tmtc,2404743487362100887,1,0
william_tmtc,2389576542964925807,1,0
william_tmtc,2385384811199389146,0,0
developer_dev,2483517723699801467,0,0
developer_dev,2482791317139142113,0,0
developer_dev,2482066486160750981,0,0
developer_dev,2479892721876223768,0,0
developer_dev,2479167237886522071,0,0
developer_dev,2478442828343177943,0,0
developer_dev,2477716129045330460,0,0
developer_dev,2476993143829154797,0,0
developer_dev,2476268454215374043,0,0
developer_dev,2475577651960527133,0,0
developer_dev,2474822515592192174,0,0
developer_dev,2474094227231955472,0,0
april.bytes,2677075209319824947,0,0
april.bytes,2668483114182950592,0,0
april.bytes,2658972117445460647,0,0
april.bytes,2654853211857729337,0,0
april.bytes,2644553067894175827,0,0
april.bytes,2632192013612804134,0,0
april.bytes,2622235238646843509,0,0
april.bytes,2587994000573934038,0,0
april.bytes,2573534347860719445,0,0
april.bytes,2563254087885973358,0,0
april.bytes,2557532200610402774,0,0
april.bytes,2551704122340646923,0,0
ambitiouscode,2668542222102010095,0,0
ambitiouscode,2667870313836304942,0,0
ambitiouscode,2667115465163488803,0,0
ambitiouscode,2667114695449913799,0,0
ambitiouscode,2667110973172939179,0,0
ambitiouscode,2666419303116717196,0,1
ambitiouscode,2666324149609500542,0,1
ambitiouscode,2666321853135833957,0,1
ambitiouscode,2663477152909140281,0,0
ambitiouscode,2662764425559445720,0,0
ambitiouscode,2662563820037589188,0,0
ambitiouscode,2662065596841455579,0,0
ramicoder,2571104088834052972,0,0
ramicoder,2543925637664487754,0,0
ramicoder,2543923826505352789,0,0
ramicoder,2438423582913729388,0,0
ramicoder,2405886456397593869,0,0
ramicoder,2390939129562439750,0,0
ramicoder,2371257718767830409,0,0
ramicoder,2371257486445285271,0,0
ramicoder,2371257203044421812,0,0
ramicoder,2371135601094995273,0,0
ramicoder,2368198638504956371,0,0
ramicoder,2365356655792999046,0,0
coding_girls_official,2364026043633665300,1,0
coding_girls_official,2362714086448280462,1,0
coding_girls_official,2362710062877604216,1,0
coding_girls_official,2361743567275951254,1,0
coding_girls_official,2361096722040375351,1,0
coding_girls_official,2359442055598350026,1,0
coding_girls_official,2359439837440704485,0,0
coding_girls_official,2358858402115665842,0,0
coding_girls_official,2358695958575617213,1,0
coding_girls_official,2358365177617669431,0,0
coding_girls_official,2358158797568754066,1,0
coding_girls_official,2358023607014009104,0,0
kubernetestories,2625721607700600743,0,0
kubernetestories,2610632425953087920,0,0
kubernetestories,2601002136482161581,0,0
kubernetestories,2600391047436557936,0,0
kubernetestories,2585026919163302931,0,0
kubernetestories,2575628259190429205,0,0
kubernetestories,2563122248839926279,0,0
kubernetestories,2525056250165670088,0,0
kubernetestories,2523628976287650085,0,0
kubernetestories,2523448025507132490,0,0
kubernetestories,2522940237479428874,0,0
kubernetestories,2522924595107974196,0,0
mentorjoy,2494623316739320528,0,0
mentorjoy,2490537333592718970,0,0
mentorjoy,2489242029983586406,0,0
mentorjoy,2479095626111348293,0,1
mentorjoy,2478469593279628045,0,1
mentorjoy,2471135966796408484,0,1
mentorjoy,2466625587789596701,0,0
mentorjoy,2466189381071104798,0,1
mentorjoy,2466094094804991447,0,1
mentorjoy,2453594109312002945,0,1
mentorjoy,2447858040063870226,0,0
mentorjoy,2445685439874099405,0,1
hireetika,2686295131384741736,0,0
hireetika,2686258734464597125,0,1
hireetika,2685584257171507545,0,0
hireetika,2669672026319640616,0,0
hireetika,2667463274626670398,0,0
hireetika,2629923233436361246,0,0
hireetika,2627599056388414922,0,0
hireetika,2626975882915247100,0,0
hireetika,2626821578103310714,0,0
hireetika,2626182243356147050,0,0
hireetika,2625701616273859408,0,0
hireetika,2625431473165731578,0,0
purbiya_841,2685522900872194935,0,0
purbiya_841,2657284489067188087,0,1
purbiya_841,2654633399104469581,0,1
purbiya_841,2646384009743084128,0,1
purbiya_841,2639188044351187605,0,1
purbiya_841,2629278259156871638,0,0
purbiya_841,2628586463184520508,0,1
purbiya_841,2614604541692317903,0,0
purbiya_841,2568818905388700290,0,1
purbiya_841,2514553041575850397,0,1
purbiya_841,2462328379409879509,0,0
purbiya_841,2458329124328382672,0,0
khiaus,2676961619651540551,0,0
khiaus,2664644929127266669,0,0
khiaus,2658861961969966383,0,0
khiaus,2614007482800067928,0,1
khiaus,2611940531024933750,1,0
khiaus,2609475122058285846,0,1
khiaus,2604675176574531306,1,1
khiaus,2604673397703192007,0,1
khiaus,2561076857213322342,1,0
khiaus,2558804239899998751,1,1
khiaus,2520666546060940499,0,0
khiaus,2520591989446906810,1,0
recoders.cl,2663413622594406544,0,0
recoders.cl,2663396428028340689,0,0
recoders.cl,2663390893090685279,0,0
recoders.cl,2662188017461373477,0,1
recoders.cl,2662012486041778756,0,0
recoders.cl,2661973615522454864,0,0
recoders.cl,2657711848759761909,0,0
recoders.cl,2657672438249044429,0,0
recoders.cl,2656919863987844445,0,0
recoders.cl,2656887049942964787,0,0
recoders.cl,2656778566870412363,0,0
recoders.cl,2605740570007356145,0,0
code_of_duty,2675103794451659912,0,0
code_of_duty,2582396103199505740,0,0
code_of_duty,2460821747218380939,0,0
code_of_duty,2431483583773345154,0,0
code_of_duty,2425048451681053303,0,0
code_of_duty,2424460631148165106,0,0
code_of_duty,2424384416794236791,0,0
code_of_duty,2424381865323573858,0,0
code_of_duty,2407695519003497922,0,0
code_of_duty,2400557244073712200,0,0
code_of_duty,2399591961179974206,0,0
code_of_duty,2398866351864398275,0,0
ambankcoin,2685968216332788224,0,0
ambankcoin,2684449892033782017,0,0
ambankcoin,2682429607536665791,0,0
ambankcoin,2680262891150333917,0,0
ambankcoin,2679576503466915211,0,0
ambankcoin,2678559679078781671,0,0
ambankcoin,2677422608549371594,0,0
ambankcoin,2675311422877130604,0,0
ambankcoin,2674348246310181329,0,0
ambankcoin,2673814630759729762,0,0
ambankcoin,2673137400819137226,0,0
ambankcoin,2672342393548516442,0,0
aysaweb_company,2564726326265941352,0,0
aysaweb_company,2527812365669728180,0,0
aysaweb_company,2516850631253615405,0,0
aysaweb_company,2508199135083326696,0,0
aysaweb_company,2506924234984701958,0,0
aysaweb_company,2495158335336459430,0,0
aysaweb_company,2490907446266534145,0,0
aysaweb_company,2485835367863209936,0,0
aysaweb_company,2464066556768152925,0,0
aysaweb_company,2462614241259469375,0,0
aysaweb_company,2461110228202438075,0,0
aysaweb_company,2459677460717117865,0,0
codeur_anonyme,2383712017334637634,0,0
codeur_anonyme,2376926025757660126,0,1
codeur_anonyme,2375637285829658784,0,0
codeur_anonyme,2371927465591195893,0,0
codeur_anonyme,2365486687596832682,0,0
codeur_anonyme,2364769006606331989,0,0
codeur_anonyme,2364705946889874535,0,1
hackonic4u,2472165922761211216,0,0
hackonic4u,2464505932617386875,0,0
hackonic4u,2463386625560922244,0,0
hackonic4u,2452912202932292571,0,0
hackonic4u,2452901226841424929,0,0
hackonic4u,2452109998621201694,0,0
hackonic4u,2451382908800215637,0,0
hackonic4u,2451380396923992121,0,0
hackonic4u,2450665292309901184,0,0
hackonic4u,2450076565841828811,0,0
hackonic4u,2450072912275942876,0,0
hackonic4u,2449683072111702799,0,0
aniketksinha,2686993881720395146,0,0
aniketksinha,2671482928311512658,0,0
aniketksinha,2656588907204310371,0,1
aniketksinha,2642831163842320256,1,1
aniketksinha,2639204336296834734,0,1
aniketksinha,2638506329235119475,0,0
aniketksinha,2637794774973054895,0,1
aniketksinha,2636318804411835890,0,1
aniketksinha,2635583027616926897,0,1
aniketksinha,2634136099716798575,0,1
aniketksinha,2632693637248748243,0,1
aniketksinha,2631239940815911306,0,1
programmer_mentor,2534304879892842554,0,0
programmer_mentor,2532891442277187234,0,0
programmer_mentor,2532195775527444903,0,0
programmer_mentor,2531385978494167897,0,0
programmer_mentor,2530636927405798156,0,0
programmer_mentor,2529899759788054093,0,0
programmer_mentor,2528561987709930718,0,0
programmer_mentor,2527813674081682619,0,0
programmer_mentor,2527036930252738276,0,0
programmer_mentor,2526289775074224216,0,0
programmer_mentor,2525567448959384925,0,0
programmer_mentor,2524795822726652530,0,0
progressiveprogrammer,2638566094332536653,0,0
progressiveprogrammer,2636672805395946811,0,0
progressiveprogrammer,2626136948234520351,0,0
progressiveprogrammer,2409515932486679330,1,0
progressiveprogrammer,2404423217704918259,1,0
progressiveprogrammer,2403301403604011892,0,0
progressiveprogrammer,2401846956549787306,0,0
progressiveprogrammer,2400980100800687949,0,0
progressiveprogrammer,2396498227827596916,0,0
progressiveprogrammer,2388405023953739956,0,0
progressiveprogrammer,2386962305314597485,0,0
progressiveprogrammer,2385196766841880575,0,0
kodlamaklazim,2685954443261839312,0,0
kodlamaklazim,2684461063185133542,0,1
kodlamaklazim,2682392238918508192,0,0
kodlamaklazim,2681496475481747891,0,0
kodlamaklazim,2680881168248757256,0,0
kodlamaklazim,2679292197501454081,0,0
kodlamaklazim,2678724023457922677,0,0
kodlamaklazim,2675641945145759129,0,0
kodlamaklazim,2675049943068167281,0,0
kodlamaklazim,2672908051098596858,0,0
kodlamaklazim,2671943961643509897,0,0
kodlamaklazim,2671882447150411582,1,0
msdeveloperjs,2418320802928773695,0,0
msdeveloperjs,2402725207467958031,0,0
msdeveloperjs,2393416468206252987,0,0
msdeveloperjs,2382356867046220683,0,0
msdeveloperjs,2379985695939913746,0,0
msdeveloperjs,2379968821088796877,0,0
msdeveloperjs,2374402075876311543,0,0
m8kit_br8kit,2679213205815719388,0,0
m8kit_br8kit,2676331944822447309,0,0
m8kit_br8kit,2666295477937251320,0,0
m8kit_br8kit,2649842751019794491,0,0
m8kit_br8kit,2640144312027617183,0,0
m8kit_br8kit,2622765802502134387,0,0
m8kit_br8kit,2598206788862744684,0,0
m8kit_br8kit,2529528848191448012,0,1
m8kit_br8kit,2519195562181314012,0,1
m8kit_br8kit,2517705563537567945,0,0
m8kit_br8kit,2514280788786063196,0,0
m8kit_br8kit,2496717343639209944,0,0
dippingcode,2669320890110923696,0,1
dippingcode,2660651357074564389,0,1
dippingcode,2659881334190002074,0,1
dippingcode,2585734074011050304,0,0
dippingcode,2583150907538328557,0,1
dippingcode,2581373325155454956,0,0
dippingcode,2578811341813661358,0,1
dippingcode,2577775008743921846,0,0
dippingcode,2577326588773303705,0,1
dippingcode,2576342269586063925,0,0
dippingcode,2572661624591473411,0,0
dippingcode,2570494640507744088,0,0
coding_quan,2481882130905470636,0,0
coding_quan,2481879473469910520,0,0
coding_quan,2448311663108261611,0,0
coding_quan,2389621178084964211,0,0
coding_quan,2379509940550919215,0,0
coding_quan,2375108523356176300,0,0
coding_quan,2373812628668937473,0,0
coding_quan,2372367882763293990,0,0
coding_quan,2372365919694826135,0,0
coding_quan,2371375051185844149,0,0
mr.edior,2489706982229365269,0,0
mr.edior,2450164071347295633,0,0
mr.edior,2443564939853723008,0,0
mr.edior,2441314480103615897,1,0
mr.edior,2435640367972112981,1,0
mr.edior,2409618804764505159,1,0
mr.edior,2409607592207038747,1,0
mr.edior,2409606855645354266,1,0
mr.edior,2409602058024227033,0,0
mr.edior,2409601740666438424,0,0
mr.edior,2409601379092196836,0,0
coder_aze,2653845311639549710,0,0
coder_aze,2599091917254798789,0,0
coder_aze,2585141937800407022,0,0
coder_aze,2582976646236453207,0,0
coder_aze,2581818385261022551,0,0
coder_aze,2575891032000622725,0,0
coder_aze,2574572893400768071,0,0
coder_aze,2570500185948063248,0,0
coder_aze,2568022173201522228,0,0
coder_aze,2561803337523777453,0,0
coder_aze,2553131969227747994,0,0
coder_aze,2547006130228298255,0,0
devsworkspace,2634469753586838381,0,0
devsworkspace,2629338366215147837,0,0
devsworkspace,2627923985107382623,0,0
devsworkspace,2623476217370482288,0,0
devsworkspace,2622109237006749056,0,0
devsworkspace,2621363012359884590,0,0
devsworkspace,2620778255154546754,0,0
devsworkspace,2620121760813373853,0,0
devsworkspace,2619316288309150013,0,0
devsworkspace,2617753738631180788,0,0
devsworkspace,2616394257540298263,0,0
devsworkspace,2615640379899204958,0,0
the.amateurguru,2509528757686011726,0,0
the.amateurguru,2505339498955609954,0,0
the.amateurguru,2501648853086978814,1,0
the.amateurguru,2496526194992794894,0,0
the.amateurguru,2489328066212630009,1,0
the.amateurguru,2487932738561220858,1,0
the.amateurguru,2485553069996358865,1,0
the.amateurguru,2484257239054028792,1,0
the.amateurguru,2482027242641792098,1,0
the.amateurguru,2479098767979134364,0,0
the.amateurguru,2466120619364786960,0,0
the.amateurguru,2458890722179393699,0,0
quickcodingtips,2651588473931069173,0,0
quickcodingtips,2630616798951518122,0,0
quickcodingtips,2605920024672530817,0,1
quickcodingtips,2600874457080512253,0,0
quickcodingtips,2598697836198356543,0,1
quickcodingtips,2596538864141955011,0,1
quickcodingtips,2594351363973220323,0,0
quickcodingtips,2592177129851013405,0,0
quickcodingtips,2590003048921849909,0,0
quickcodingtips,2588553231062358749,0,0
quickcodingtips,2586382580084306777,0,0
quickcodingtips,2584929404030116630,0,0
op.python,2390253777467791111,0,0
op.python,2384905281025924390,1,0
op.python,2381403162864848513,1,0
op.python,2378615655758143412,1,0
op.python,2377776661468652526,1,0
op.python,2376376145589086736,1,0
op.python,2374267584916221676,0,0
op.python,2374267118241023711,0,0
the_data_pirate,2674174973287629690,0,0
the_data_pirate,2673351189710863462,0,0
the_data_pirate,2672500675699875221,0,0
the_data_pirate,2671786446126733683,0,0
the_data_pirate,2576192095502217523,0,0
the_data_pirate,2575516098746577180,0,0
the_data_pirate,2574842186551418028,0,0
the_data_pirate,2573573846721657694,0,0
the_data_pirate,2572540967367511971,0,0
the_data_pirate,2571926851108110931,0,0
the_data_pirate,2561699996065147201,0,0
the_data_pirate,2421867989223956937,0,1
joanna_lunavalos,2638023310307540959,0,0
joanna_lunavalos,2618682720544809091,0,0
joanna_lunavalos,2541975843342022135,0,0
joanna_lunavalos,2478740627417091207,0,0
joanna_lunavalos,2451993616080961400,1,0
joanna_lunavalos,2444077056192155995,0,0
joanna_lunavalos,2378808452662437962,1,0
joanna_lunavalos,2378094723780257614,0,0
codingtreks,2422833182870084669,0,0
codingtreks,2416977054017931094,0,0
codingtreks,2416042675359963814,0,0
codingtreks,2415574830377108965,0,0
codingtreks,2411033209090403141,0,0
codingtreks,2403764211739010822,0,0
codingtreks,2402583460804943104,0,0
codingtreks,2401808694800156385,0,0
codingtreks,2400386501750936701,0,0
codingtreks,2399471973383118019,0,0
codingtreks,2398937825002316785,0,0
codingtreks,2398699144299657867,0,0
infinite_sols,2385471076858543963,1,0
infinite_sols,2382020544282059502,0,0
infinite_sols,2382017253213195051,0,0
infinite_sols,2377436696085292371,0,0
connect.ios,2598978245685633690,0,0
connect.ios,2590793010586678808,0,0
connect.ios,2585481041415751791,0,0
connect.ios,2529028912622997051,0,0
connect.ios,2499258254821416566,0,0
connect.ios,2479724014882705710,0,0
connect.ios,2476328881185288011,0,0
connect.ios,2473929168628689275,0,0
connect.ios,2471878329495953641,0,0
connect.ios,2471026155270308900,0,0
connect.ios,2470282768783062285,0,0
connect.ios,2469607136537593024,0,0
programmers.union,2625394912464371044,0,0
programmers.union,2605477415917259291,0,0
programmers.union,2586303021886321137,0,0
programmers.union,2553476803570332304,0,1
programmers.union,2552270604703153087,0,0
programmers.union,2546106124948564725,0,0
programmers.union,2545826930809328996,0,0
programmers.union,2544384340389901079,0,0
programmers.union,2543984438308707775,0,0
programmers.union,2542199423132384019,0,0
programmers.union,2542094781102850560,0,0
programmers.union,2541241833498785506,0,0
sheidateacher,2627628166650444455,1,1
sheidateacher,2627229652556654834,1,1
sheidateacher,2596740873120935384,1,1
sheidateacher,2593843221509203953,1,1
sheidateacher,2593009492213800863,1,1
sheidateacher,2591481325770507091,1,0
sheidateacher,2530567773090708230,0,1
sheidateacher,2493133084243704062,0,1
sheidateacher,2485636459229240287,0,1
sheidateacher,2484323127100635718,0,0
sheidateacher,2482960925114375941,0,1
sheidateacher,2481374661839721823,0,1
it__english,2687175146929866518,0,0
it__english,2684978863762660000,0,0
it__english,2681339782138922966,0,0
it__english,2449598301125797630,0,0
it__english,2445258078011184509,0,0
it__english,2439229192185853702,0,0
it__english,2430064364032755161,0,0
it__english,2427101970084134814,0,0
it__english,2426261640858253124,0,0
it__english,2421306772078939709,0,0
it__english,2417617405296684365,0,0
it__english,2416053813627825192,0,0
deniz_zoz,2577947924831730574,0,0
deniz_zoz,2538706779593588307,0,0
deniz_zoz,2527155336100565930,0,0
deniz_zoz,2524159981582954504,0,0
deniz_zoz,2523601395534472158,0,0
deniz_zoz,2517037458554693405,0,0
deniz_zoz,2515646953178676969,0,0
deniz_zoz,2465362564029098144,1,0
deniz_zoz,2463864032214496958,1,0
code.5um17,2659727908587588166,0,0
code.5um17,2659020471630421455,0,0
code.5um17,2593004185562464344,0,0
code.5um17,2590236382874279244,0,0
code.5um17,2587929700048116026,0,0
code.5um17,2539396434118943844,0,0
code.5um17,2498122050053367853,0,0
code.5um17,2427753101403376067,0,0
code.5um17,2421341988067583173,0,0
code.5um17,2400966182237820041,0,0
code.5um17,2397474660590693665,0,0
code.5um17,2396003905001772436,0,0
ariashirazidev,2549386411270780760,1,0
saraintech,2683119133570222966,0,0
saraintech,2535049970701960056,0,0
saraintech,2503899541779222125,0,0
saraintech,2498158380879897484,0,0
saraintech,2488598823220488064,0,0
saraintech,2474875517644314184,0,0
saraintech,2467671231759937015,0,0
saraintech,2463256268110948447,0,0
saraintech,2454616326451457756,0,0
saraintech,2452365766616485825,0,0
saraintech,2442351305037974869,0,0
saraintech,2439614516460323351,0,1
thatguywithtech,2688105050534296493,0,1
thatguywithtech,2480748390737107365,0,0
thatguywithtech,2466949002801784543,0,0
thatguywithtech,2462608769192861900,0,0
thatguywithtech,2451741145538041529,0,0
thatguywithtech,2448100835822035461,0,0
thatguywithtech,2447374592260626066,0,0
thatguywithtech,2445945793702769926,0,0
thatguywithtech,2445218839659594544,0,0
thatguywithtech,2443689166337453801,0,0
thatguywithtech,2428263820763019283,0,0
thatguywithtech,2416237035254742143,0,0
webofritik,2687889183515902160,0,0
webofritik,2685494990386743654,0,0
webofritik,2684296802137009485,0,0
webofritik,2677781113923294813,0,0
webofritik,2676996165472673427,0,0
webofritik,2676201611924355416,0,0
webofritik,2674927952460868068,0,0
webofritik,2672507414201672352,0,0
webofritik,2671236976196487460,0,0
webofritik,2669787616255487903,0,0
webofritik,2664771569674408605,0,1
webofritik,2664092993239580774,0,0
webdev87,2628697680549705154,0,0
webdev87,2576525249285962590,0,0
webdev87,2572240255189061167,0,0
webdev87,2560533642153594900,0,0
webdev87,2519303895382201873,0,0
webdev87,2490291860086543558,0,0
webdev87,2483706448782261414,0,0
webdev87,2476518281666715220,0,0
webdev87,2472073173445684720,0,0
webdev87,2462715355685031390,0,0
webdev87,2459113132245714542,0,0
webdev87,2457639214402045304,0,0
karancodes,2670510357203100623,1,0
karancodes,2663291518088965194,0,0
karancodes,2662546220646337878,0,0
karancodes,2658911951390597763,0,0
karancodes,2657522900020467260,0,0
karancodes,2653113975429864194,0,0
karancodes,2650939707516888138,0,0
karancodes,2648078287664705710,0,0
karancodes,2643027570231021712,0,0
karancodes,2642242045266441605,0,0
karancodes,2641517631963470786,0,0
karancodes,2640800172180579256,0,0
caroline_codes,2667830651977364504,0,0
caroline_codes,2667806146471066708,0,1
caroline_codes,2650284479327603161,0,0
caroline_codes,2649615601849252092,0,1
caroline_codes,2648940109567621577,0,0
caroline_codes,2648298513335342362,0,1
caroline_codes,2647293945441044274,0,0
caroline_codes,2647219299479878454,0,1
caroline_codes,2646733813615216144,0,1
caroline_codes,2646723466409959189,0,1
caroline_codes,2646249771103157242,0,0
caroline_codes,2646226063244292641,0,1
minimalistcoding,2406110724188510505,0,0
minimalistcoding,2391090490767453282,0,0
minimalistcoding,2390544353069170933,1,0
minimalistcoding,2390077060795318640,1,0
minimalistcoding,2389431075794335354,0,0
minimalistcoding,2388888907300297360,1,1
minimalistcoding,2387973296326267509,1,0
minimalistcoding,2387566612321590140,1,0
minimalistcoding,2387298136090793003,0,0
minimalistcoding,2387275100251834811,0,0
minimalistcoding,2386642838158088825,0,0
minimalistcoding,2386617615333659573,0,0
a11yable,2688851601492774518,0,0
a11yable,2688199750183852272,0,0
a11yable,2685094402488286218,0,0
a11yable,2684369640355041023,0,0
a11yable,2683911882544419738,0,1
a11yable,2683644935063181544,0,0
a11yable,2683023182753838752,0,0
a11yable,2680753192789448096,0,0
a11yable,2680037961750689430,0,0
a11yable,2679312703187992178,0,0
a11yable,2678587565857398385,0,0
a11yable,2677788658797791946,0,1
programming__memes1,2595296952770877382,0,1
programming__memes1,2418002266712872226,0,0
programming__memes1,2410352468484479357,0,0
programming__memes1,2408923457493565306,0,0
programming__memes1,2407508275558888237,0,1
programming__memes1,2407299291971571600,0,0
programming__memes1,2406537945759628288,0,0
programming__memes1,2405735637253871399,0,0
programming__memes1,2405402999636847470,0,0
programming__memes1,2405124923807825944,0,0
programming__memes1,2404632084674219720,0,0
programming__memes1,2404343726752286714,0,0
cyber_sec_info,2583444997731077026,0,0
cyber_sec_info,2583442304249730631,0,0
cyber_sec_info,2583441726274667813,0,0
cyber_sec_info,2583440915540826834,0,0
cyber_sec_info,2583431970919182457,0,0
cyber_sec_info,2583430469660250878,0,0
cyber_sec_info,2572817062368221221,1,0
cyber_sec_info,2572546708252991258,0,0
cyber_sec_info,2572546281063317371,1,0
cyber_sec_info,2572545833665168560,1,0
cyber_sec_info,2572535850668107262,1,0
cyber_sec_info,2572523574099563347,0,0
onextech.solutions,2658846620845383925,0,0
onextech.solutions,2608216128489501341,0,1
onextech.solutions,2608074426260795835,0,0
onextech.solutions,2608073131286293748,0,0
onextech.solutions,2608072131154434418,0,0
onextech.solutions,2602243852757584845,0,1
onextech.solutions,2601474035108155201,0,0
onextech.solutions,2600937289129288191,0,0
onextech.solutions,2600654829597356006,0,0
onextech.solutions,2522105147425818446,0,0
onextech.solutions,2522100428162738539,0,0
onextech.solutions,2437695914330479165,0,0
gustavobarreto.dev,2687449636319723668,0,0
gustavobarreto.dev,2682329525376131251,0,0
gustavobarreto.dev,2678043579935748771,0,0
gustavobarreto.dev,2672763914747432633,0,0
gustavobarreto.dev,2668516100791452123,0,0
gustavobarreto.dev,2664250226538618657,0,0
gustavobarreto.dev,2661921082684128543,0,0
gustavobarreto.dev,2661910020400190084,0,0
gustavobarreto.dev,2660513363859153545,0,1
gustavobarreto.dev,2658460368100471248,0,0
gustavobarreto.dev,2642521912512708349,0,0
gustavobarreto.dev,2641848991054051646,0,0
eager2develop,2685166453584313665,0,0
eager2develop,2679353178238173045,0,0
eager2develop,2677917180367187594,0,0
eager2develop,2677586737964959689,0,0
eager2develop,2672815348133249351,0,0
eager2develop,2667744577656593231,0,0
eager2develop,2658319186528509202,0,0
eager2develop,2652535106734960285,0,0
eager2develop,2646726241286006750,0,0
eager2develop,2643100266520495587,0,0
eager2develop,2636578619676356983,0,0
eager2develop,2628605339006887316,0,0
rubi.stu,2674262580914874468,0,0
rubi.stu,2664622558090989468,0,1
rubi.stu,2663300346939450503,0,0
rubi.stu,2636308990955178071,0,0
rubi.stu,2634148000473941941,0,0
rubi.stu,2626384379438299130,0,0
rubi.stu,2621099634060157283,0,0
rubi.stu,2583084443431334584,0,1
rubi.stu,2571391292643527481,0,1
rubi.stu,2557652485590542125,0,0
rubi.stu,2556158688834876005,0,0
memesbyprogrammers,2469481683057923986,0,0
memesbyprogrammers,2468849932778441616,0,0
memesbyprogrammers,2468081733023751712,0,0
memesbyprogrammers,2467752915704647719,0,0
memesbyprogrammers,2467393974634125812,0,0
memesbyprogrammers,2466109166926737063,0,0
memesbyprogrammers,2465857477472808750,0,0
memesbyprogrammers,2465361249005830598,0,0
memesbyprogrammers,2464380740536717834,0,0
memesbyprogrammers,2463968162052505139,0,0
memesbyprogrammers,2463769924623938262,0,0
memesbyprogrammers,2463401861303000148,0,0
semi_.colons,2483346241149213719,0,0
semi_.colons,2481411096372605610,0,0
semi_.colons,2479937834274933078,0,0
semi_.colons,2477665279635845059,0,0
semi_.colons,2476957360074106701,0,0
semi_.colons,2466194267291269675,0,0
semi_.colons,2464761793566889611,0,0
semi_.colons,2463279786781406221,0,0
semi_.colons,2461163481425061488,0,0
semi_.colons,2460389882300873637,0,0
semi_.colons,2457362619649029752,0,0
semi_.colons,2456035942595695540,0,0
dailycodingcoffee,2479274387598124473,0,0
dailycodingcoffee,2425062648384427812,0,0
dailycodingcoffee,2423662703484042349,0,0
dailycodingcoffee,2417777898057836491,0,0
dailycodingcoffee,2410443336839552938,0,0
dailycodingcoffee,2408971043164580400,0,0
dailycodingcoffee,2406978843641305608,0,0
dailycodingcoffee,2406227288302331713,0,0
dailycodingcoffee,2405377138373804061,0,0
dailycodingcoffee,2404790282145828629,0,0
dailycodingcoffee,2404780705241325782,0,0
dailycodingcoffee,2404038650831512178,0,0
reactnativedev,2407449923330492463,0,0
reactnativedev,2407447327769113133,0,0
reactnativedev,2406883752931574805,0,0
reactnativedev,2406686220129403172,0,0
reactnativedev,2406635630531910356,0,0
reactnativedev,2406629088910796933,0,0
developherj,2615330813772808478,0,0
developherj,2615327733853396420,0,0
developherj,2615327170038320685,0,0
developherj,2582750217204851345,0,0
developherj,2507038704342925004,0,0
developherj,2501598391717369532,0,0
developherj,2488100386175703885,0,0
developherj,2462070026388358235,0,0
developherj,2424005862084562298,0,0
developherj,2423698595971831563,0,1
developherj,2421149472684972038,0,0
developherj,2410938064634641306,1,0
codewithkusum,2683561193349005068,0,0
codewithkusum,2637928607880554728,0,0
codewithkusum,2521904036353985958,1,0
codewithkusum,2505790431195895507,1,0
codewithkusum,2499459287475148866,1,0
codewithkusum,2486316240537307932,1,0
codewithkusum,2469748789490128677,1,0
codewithkusum,2454546389292585818,1,0
codewithkusum,2424168143456032555,1,0
codewithkusum,2413961727055007651,1,0
codewithkusum,2410319629442662620,1,0
codewithkusum,2404629087652280351,1,0
_code_heist_,2443712401514820327,0,0
_code_heist_,2433453250297490084,0,0
_code_heist_,2432756849083232930,0,0
_code_heist_,2432006143325791605,0,0
_code_heist_,2431351431866080135,0,0
_code_heist_,2430548427734715501,0,0
_code_heist_,2429864567665329504,0,0
_code_heist_,2429240330609112992,0,0
_code_heist_,2429162960699098811,0,0
_code_heist_,2429136050858335309,0,0
_code_heist_,2428574744459708083,0,0
_code_heist_,2428476953087527301,0,0
hashtag.lama,2523181443154507716,0,0
hashtag.lama,2493085341504630371,0,0
hashtag.lama,2488935942376925201,0,0
hashtag.lama,2487990964252046912,0,0
hashtag.lama,2487489593056080300,0,0
hashtag.lama,2485649482861883616,0,1
hashtag.lama,2480070145743846947,0,0
hashtag.lama,2479175512310483660,0,0
hashtag.lama,2478636580913214538,0,0
hashtag.lama,2444415555619921444,0,1
hashtag.lama,2443764489815461140,0,1
hashtag.lama,2443004581092462029,0,1
code_nest,2687681340032133878,0,0
code_nest,2684814000202336742,0,0
code_nest,2680623534645362217,0,0
code_nest,2676830880794980077,0,0
code_nest,2673252953188755984,0,0
code_nest,2670306728927868440,0,0
code_nest,2667472774558607455,0,0
code_nest,2665250392284515076,0,0
code_nest,2663071261815968233,0,0
code_nest,2659590777093946157,0,0
code_nest,2655026934980101429,0,0
code_nest,2650063546739052220,0,0
sap.bw,2670754800151761183,0,0
sap.bw,2657972832397546464,0,0
sap.bw,2628939996659228079,0,0
sap.bw,2623922944370419125,0,0
sap.bw,2585231311676559452,0,0
sap.bw,2585218940115606908,0,0
sap.bw,2539625534127652629,0,0
sap.bw,2537696056551288160,0,0
sap.bw,2534025580847254647,0,0
sap.bw,2521339700437993698,0,0
sap.bw,2517746340552079705,0,0
sap.bw,2514440772617997904,0,0
codeasitis,2679151003948953938,0,0
codeasitis,2671032558788296353,0,0
codeasitis,2666801484633940089,0,0
codeasitis,2665159445513094716,0,0
codeasitis,2663227276888797861,0,0
codeasitis,2662378739770625463,0,0
codeasitis,2661744111426836522,0,0
codeasitis,2660427929906126606,0,0
codeasitis,2655344833904655373,0,0
codeasitis,2652935306274424894,0,0
codeasitis,2651783523770650358,0,0
codeasitis,2646640365160265362,0,0
codevita_2021,2683693575632248005,0,0
codevita_2021,2683693097607264463,0,0
codevita_2021,2673824441428903262,1,1
codevita_2021,2666581567973085290,1,1
codevita_2021,2645388398626091135,0,0
codevita_2021,2645386664340218293,0,0
codevita_2021,2645386102353913948,0,0
codevita_2021,2642352146607897365,0,0
codevita_2021,2642351136233523961,0,0
codevita_2021,2590555487646702934,0,0
codevita_2021,2563980420829760541,0,0
codevita_2021,2563980368820478625,0,0
logical_thinking_cpp,2615420983448565661,0,0
logical_thinking_cpp,2610231618413876828,0,0
logical_thinking_cpp,2608158034526981691,0,0
logical_thinking_cpp,2606589334589890300,0,0
logical_thinking_cpp,2601526242206066231,0,0
logical_thinking_cpp,2598045218809808748,0,0
logical_thinking_cpp,2596615037296638512,0,0
logical_thinking_cpp,2595874888334764899,0,0
logical_thinking_cpp,2593708617182799221,0,0
logical_thinking_cpp,2592289941341929524,0,0
logical_thinking_cpp,2591536969360099382,0,0
logical_thinking_cpp,2590096928314257933,0,0
devops_scoop,2445897584817383561,0,0
devops_scoop,2445211847814049791,0,0
devops_scoop,2444520925526614742,0,0
devops_scoop,2440834806561768025,0,0
devops_scoop,2440255266684733025,0,0
devops_scoop,2439287760474236171,0,0
devops_scoop,2437283438941032262,0,0
devops_scoop,2436532117493489204,0,0
devops_scoop,2435812128838810292,0,0
devops_scoop,2435038180823906206,0,0
devops_scoop,2432850377264478008,0,0
devops_scoop,2432044739789740137,0,0
procoder.live,2661114587299426395,0,0
procoder.live,2660366273644469633,0,0
procoder.live,2659476064012011014,0,0
procoder.live,2659474854114597965,0,0
procoder.live,2659473761296999460,0,0
procoder.live,2651595097826047054,0,1
procoder.live,2650192753708056746,0,0
procoder.live,2650192086125906736,0,0
procoder.live,2650191477826059338,0,0
procoder.live,2648748624649804469,0,0
procoder.live,2648691214728488043,0,0
procoder.live,2647916828257829102,0,0
cerdafieddeveloper,2677836401415826124,0,0
cerdafieddeveloper,2631508298565805634,0,0
cerdafieddeveloper,2627871829339851753,0,0
cerdafieddeveloper,2627115305654943071,0,0
cerdafieddeveloper,2626436026680168226,0,0
cerdafieddeveloper,2624253310576435355,0,0
cerdafieddeveloper,2623518764683895296,0,0
cerdafieddeveloper,2622810971303679887,0,0
cerdafieddeveloper,2622068992290693434,0,0
cerdafieddeveloper,2621363853032425241,0,0
cerdafieddeveloper,2617729162878607986,0,0
cerdafieddeveloper,2617029923001280345,0,0
devmagister,2649071483851514829,0,0
devmagister,2646881725486878924,0,1
devmagister,2643254645217428898,0,0
devmagister,2639677613378957422,0,0
devmagister,2638329466472760412,0,0
devmagister,2622241086289193490,0,0
devmagister,2617985142912525496,0,0
devmagister,2499092515932679420,0,1
devmagister,2489574898184420848,0,0
devmagister,2479259006732887262,0,0
devmagister,2469854398902292686,0,0
devmagister,2464112198377539853,0,0
usefultips_fortech,2640883748586176836,0,0
usefultips_fortech,2633608637130859005,0,1
usefultips_fortech,2632968431436356639,0,0
usefultips_fortech,2630038043281993001,0,0
usefultips_fortech,2629360318094349055,0,1
usefultips_fortech,2624241469049715058,0,0
usefultips_fortech,2619873258124556743,0,0
usefultips_fortech,2619828134963240633,0,1
usefultips_fortech,2614174368192257953,0,0
usefultips_fortech,2609127159646626003,0,0
usefultips_fortech,2609063094337295041,0,1
usefultips_fortech,2605384785913019000,0,0
kev.in.tech,2681668137547689038,0,1
kev.in.tech,2673006560704148561,0,0
kev.in.tech,2664293790911344261,0,0
kev.in.tech,2646610839675537891,0,1
kev.in.tech,2626634579696193309,0,1
kev.in.tech,2624471627849527063,0,0
kev.in.tech,2622280460139361295,0,0
kev.in.tech,2620103326956282720,0,1
kev.in.tech,2618619199279225501,0,0
kev.in.tech,2617217726813197951,0,0
kev.in.tech,2588238540106986205,0,0
kev.in.tech,2582376573404356470,0,0
other.jtech,2425694441512795630,0,0
other.jtech,2424982275939794367,0,0
other.jtech,2423519301068855501,0,0
other.jtech,2422686416061431941,0,0
other.jtech,2421864483698887188,0,0
other.jtech,2421220378971114755,0,0
other.jtech,2420328637468264383,0,0
other.jtech,2419767842154117400,0,0
other.jtech,2419050213634359832,0,0
other.jtech,2418949079720671651,0,0
other.jtech,2418240954831176524,0,0
other.jtech,2417613435144696375,0,0
paula.codes,2546648839893519762,0,0
paula.codes,2545199287224346038,0,0
paula.codes,2543821573241712423,0,0
paula.codes,2541597696512203756,0,0
paula.codes,2540130092246363974,0,0
paula.codes,2537990909722406030,0,0
paula.codes,2535807113507275361,0,0
paula.codes,2532910457522697611,0,0
paula.codes,2531457229594259064,0,0
paula.codes,2529301932687743842,0,0
paula.codes,2527853320934478235,0,0
paula.codes,2525713377075676901,0,0
ifactory3d_one,2690168170681764163,0,1
ifactory3d_one,2684916116061397005,0,1
ifactory3d_one,2679999263664862654,0,1
ifactory3d_one,2678343930773223730,0,1
ifactory3d_one,2672082832853172995,0,0
ifactory3d_one,2668990625731235811,0,1
ifactory3d_one,2663300123165929523,0,1
ifactory3d_one,2659725368265369218,0,1
ifactory3d_one,2653897995712423906,0,1
ifactory3d_one,2648794608364739115,0,1
ifactory3d_one,2646682575687216764,0,1
ifactory3d_one,2642955527856646638,0,1
__sumon_bora__,2653901599625258026,0,1
__sumon_bora__,2647045850396240195,0,0
__sumon_bora__,2640227284032110537,0,1
__sumon_bora__,2640172633500705007,0,0
__sumon_bora__,2631431495952371805,0,1
__sumon_bora__,2607315037969230336,1,0
__sumon_bora__,2594253223908936568,0,1
__sumon_bora__,2594219698043282920,1,0
__sumon_bora__,2594215553128231516,1,1
__sumon_bora__,2587832730943480103,0,1
__sumon_bora__,2586506696272867343,0,1
__sumon_bora__,2535731471167000148,0,0
shamsiarasoioda,2610618554550505703,0,0
shamsiarasoioda,2610618301977947929,0,0
shamsiarasoioda,2610618097186649272,0,0
shamsiarasoioda,2610617920430411614,0,0
shamsiarasoioda,2610617678964353865,0,0
shamsiarasoioda,2610617247722834233,0,0
shamsiarasoioda,2610616917840680654,0,0
shamsiarasoioda,2569311667652299980,0,0
shamsiarasoioda,2569311105842007664,0,0
shamsiarasoioda,2569310815705164712,0,0
shamsiarasoioda,2569310374615380722,0,0
shamsiarasoioda,2567144111751507454,0,0
techno_philegirl,2523271640511498824,0,1
techno_philegirl,2518422330150156182,0,0
techno_philegirl,2518404130813289304,0,0
techno_philegirl,2515272046607405915,0,0
techno_philegirl,2505759807483545162,0,0
techno_philegirl,2431321941548589368,0,0
techno_philegirl,2428643039223070155,0,0
techno_philegirl,2426965751171600841,0,0
techno_philegirl,2425451131348954817,0,0
techno_philegirl,2422462189049484110,0,0
techno_philegirl,2420429157169912942,0,0
techno_philegirl,2420421652301830623,0,0
allthecode,2675006546274683046,0,0
allthecode,2673493494450859760,0,1
allthecode,2672808617371260687,0,0
allthecode,2672084516445455059,0,0
allthecode,2669918397479520818,0,0
allthecode,2669225962717192345,0,1
allthecode,2668451972743374779,0,0
allthecode,2667568504974140372,0,1
allthecode,2666998243384969733,0,0
allthecode,2665610183748861899,0,0
allthecode,2664771052752582613,0,0
allthecode,2664089122851727773,0,1
automator99,2440786626683622409,0,0
automator99,2438672155723050975,0,0
automator99,2437208553367317197,1,0
automator99,2436522568228949095,1,0
automator99,2435093047386741800,1,0
automator99,2432092471069768986,1,0
automator99,2431959651294761160,0,0
automator99,2431503560278665880,1,0
automator99,2430036594946986165,1,0
automator99,2429238389309072014,0,0
automator99,2428260790285977623,0,0
automator99,2428259706998013020,0,0
all_in__one_01,2484102407339724497,1,0
all_in__one_01,2483327039854954919,1,0
all_in__one_01,2481166729001971793,1,0
all_in__one_01,2480416679904767951,1,0
all_in__one_01,2478986207098205628,0,0
all_in__one_01,2478362062257707991,1,0
all_in__one_01,2477590631471347981,0,0
all_in__one_01,2476996188477109898,1,0
all_in__one_01,2476905586460828336,0,0
protega_coding_lesson,2584949118506835349,0,1
protega_coding_lesson,2580510027936775751,0,1
protega_coding_lesson,2571212877201541698,0,0
protega_coding_lesson,2561911804800282901,0,0
protega_coding_lesson,2559656274564435633,0,1
protega_coding_lesson,2558927713247357833,0,0
protega_coding_lesson,2556806924414946451,0,1
protega_coding_lesson,2555216932949231666,0,0
protega_coding_lesson,2552416626460899345,0,0
protega_coding_lesson,2549482784431354305,0,0
protega_coding_lesson,2546556844638273293,0,0
protega_coding_lesson,2545156251080240962,0,0
coredesignz_com,2667078799306549341,0,0
coredesignz_com,2661917383478868508,0,0
coredesignz_com,2656843531128033531,0,0
coredesignz_com,2641468581498112614,0,0
coredesignz_com,2637757417390604027,0,0
coredesignz_com,2637032931426961370,0,0
coredesignz_com,2633408719231477903,0,0
coredesignz_com,2627963665487404546,0,0
coredesignz_com,2622659616138570265,0,0
coredesignz_com,2616739118896767855,0,0
coredesignz_com,2611665521585012943,0,0
coredesignz_com,2606272380442910237,0,0
backlinks_list,2575747928565960837,0,0
backlinks_list,2564647187986230871,0,0
backlinks_list,2533001576186784011,0,0
backlinks_list,2520593987545086260,0,0
backlinks_list,2515556354469311782,0,0
backlinks_list,2511904283673102737,0,0
backlinks_list,2507606412542942115,0,0
backlinks_list,2506923800950212148,0,0
backlinks_list,2502500314064533006,0,0
backlinks_list,2470302472818476584,0,0
backlinks_list,2468415341674146877,0,0
backlinks_list,2466955291550149147,0,0
thelearningdeveloper,2480058745489560922,0,0
thelearningdeveloper,2456962541994269689,0,0
thelearningdeveloper,2440113457123659685,1,0
thelearningdeveloper,2416225029680570059,1,0
iamshahadatkhokhar,2690771013240071826,0,1
iamshahadatkhokhar,2690092347748096912,0,0
iamshahadatkhokhar,2689402179999781171,0,1
iamshahadatkhokhar,2688684447796837710,0,0
iamshahadatkhokhar,2685886827692562209,0,1
iamshahadatkhokhar,2685136204571600703,0,0
iamshahadatkhokhar,2684352967046770351,0,0
iamshahadatkhokhar,2683684480593691358,0,0
iamshahadatkhokhar,2681270505072715427,0,1
iamshahadatkhokhar,2680093633717630163,0,0
iamshahadatkhokhar,2677607020600761751,0,0
iamshahadatkhokhar,2675644572281771979,0,0
mr.boolean,2611951282768637686,0,0
mr.boolean,2439566150690965364,0,0
mr.boolean,2439370115465246384,0,0
mr.boolean,2438696834714067469,0,0
mr.boolean,2437528075446212233,0,0
mr.boolean,2437322414166853446,0,0
mr.boolean,2435954681428582512,0,0
mr.boolean,2435726010507944376,0,1
mr.boolean,2435191021924249858,0,0
mr.boolean,2435088711105416299,0,0
mr.boolean,2434999771887424470,0,0
mr.boolean,2434534962289066751,0,0
coding.smart,2675561448157208667,0,0
coding.smart,2670691762202249081,0,0
coding.smart,2653157158155236400,0,0
coding.smart,2646681998770401380,0,0
coding.smart,2640149695055524848,0,0
coding.smart,2639407059105460578,0,0
coding.smart,2638652146645568514,0,0
coding.smart,2633593829091115751,0,0
coding.smart,2631500696299580713,0,0
coding.smart,2629308543532188856,0,0
coding.smart,2624101124468270457,0,0
coding.smart,2622809661574970528,0,0
anirudh.fullstack,2667436180122043714,0,0
anirudh.fullstack,2660140043918958073,0,1
anirudh.fullstack,2648142146050474038,0,1
anirudh.fullstack,2636465027639506159,0,0
anirudh.fullstack,2632137613492965320,0,0
anirudh.fullstack,2616977108451557579,0,0
anirudh.fullstack,2606871744762629954,1,0
anirudh.fullstack,2574839921627125278,0,0
anirudh.fullstack,2569852594211374965,1,1
anirudh.fullstack,2561121698868118955,1,0
anirudh.fullstack,2522530314360047442,1,1
anirudh.fullstack,2512328232445163214,1,0
marideveloper,2567708060701356486,1,1
marideveloper,2566453770071117599,0,0
marideveloper,2547419200025232818,1,1
marideveloper,2541676815800308032,0,0
marideveloper,2536712587582529419,0,0
marideveloper,2535330619787805992,0,0
allan_coding,2567828580864943205,0,0
allan_coding,2454667794982272266,0,0
allan_coding,2440424350772558860,0,0
allan_coding,2427808438181675248,0,0
allan_coding,2427253728399713588,0,0
allan_coding,2425678112962163600,0,0
allan_coding,2425080948359798054,0,0
allan_coding,2423898581930667774,0,0
allan_coding,2421967921385167228,0,0
allan_coding,2421617342179959835,0,0
allan_coding,2421560408194091994,0,0
allan_coding,2421540402530088857,0,0
lanc_services.exe,2483395501749501033,0,0
lanc_services.exe,2483395323013466901,0,0
lanc_services.exe,2483394627471976172,0,0
lanc_services.exe,2427268110627584147,0,0
lanc_services.exe,2427267553363788131,0,0
lanc_services.exe,2427266739048129771,0,0
lanc_services.exe,2427266392019949162,0,0
lanc_services.exe,2427264560635809588,0,0
lanc_services.exe,2422961591674088269,0,0
lanc_services.exe,2422960871310857599,0,0
lanc_services.exe,2422959953420858490,0,0
lanc_services.exe,2422959220969449476,0,0
bminfotrade,2690741729400004024,0,0
bminfotrade,2690597672209014708,0,0
bminfotrade,2689836014253432361,0,0
bminfotrade,2689349592421752371,0,0
bminfotrade,2688386416059411472,0,0
bminfotrade,2686936694246189932,0,0
bminfotrade,2686417365316448017,0,0
bminfotrade,2685722486414605669,0,0
bminfotrade,2685637912312581296,0,0
bminfotrade,2684876393001834382,0,0
bminfotrade,2684172299852267367,0,0
bminfotrade,2683614463778702631,0,0
thecodely,2494703634084915222,0,0
thecodely,2493844234524808111,0,0
thecodely,2493228157553868804,0,0
thecodely,2489676710764822638,0,0
thecodely,2488919145885915667,0,0
thecodely,2488198488256537575,0,0
thecodely,2487120461925717766,0,0
thecodely,2486588531727783304,0,0
thecodely,2485953987202890364,0,0
thecodely,2484995364142195088,0,0
thecodely,2484240932165253228,0,0
thecodely,2483510884084924093,0,0
ayfdeveloper,2689745330547463541,0,1
ayfdeveloper,2687294122112372516,0,0
ayfdeveloper,2686616617814819380,1,0
ayfdeveloper,2684756292140039733,0,0
ayfdeveloper,2683924375002047582,1,0
ayfdeveloper,2676148378952233010,0,0
ayfdeveloper,2675792634921237282,0,0
ayfdeveloper,2674179887794789295,1,0
ayfdeveloper,2673712222487940018,0,0
ayfdeveloper,2666421517886623744,0,0
ayfdeveloper,2663719531872100697,0,1
ayfdeveloper,2661630271891396283,0,0
theciphers,2513520999994784826,0,0
theciphers,2511316560752002938,0,0
theciphers,2506315207969596051,0,0
theciphers,2487354102114984373,0,0
theciphers,2485129685972667301,0,0
theciphers,2479221562858788128,0,0
theciphers,2474333003819256451,0,0
theciphers,2469909809075226107,0,0
theciphers,2466128925715032779,0,1
theciphers,2465504900598342496,0,0
theciphers,2464179035025825469,0,0
theciphers,2464144707642396506,0,0
dev19_11,2477668606708777335,0,0
dev19_11,2443217337336256872,0,0
dev19_11,2430804656770238675,0,0
dev19_11,2428242301584619934,0,0
dev19_11,2424292608438622199,0,1
dev19_11,2423263210952212500,0,1
dev19_11,2422854737441736710,0,0
dev19_11,2422853237323598667,0,1
dev19_11,2422496420441780695,0,0
dev19_11,2422448314433968450,0,0
dev19_11,2422156439974274053,0,0
dev19_11,2422122807100432990,0,0
work.job.smart,2689982419505552070,0,0
work.job.smart,2688581125447627749,0,0
work.job.smart,2688580485313022873,0,0
work.job.smart,2688580315661958169,0,0
work.job.smart,2688573814364922349,0,0
work.job.smart,2688572533382412284,0,0
work.job.smart,2688571337838104291,0,0
work.job.smart,2688571152525277599,0,0
work.job.smart,2688570758889784078,0,0
work.job.smart,2688570503129693649,0,0
work.job.smart,2688570229552018248,0,0
work.job.smart,2688569972441129726,0,0
blogging_facts_,2587918657636452438,0,0
blogging_facts_,2562587526754060822,0,0
blogging_facts_,2560194176386202798,0,0
blogging_facts_,2559329618939535347,0,0
blogging_facts_,2533587095672626396,0,0
blogging_facts_,2532605157340293598,0,0
blogging_facts_,2532203382082839890,0,0
blogging_facts_,2532049830844800369,0,0
blogging_facts_,2484878366891375324,0,0
blogging_facts_,2463864965415376011,0,0
blogging_facts_,2463863916302667776,0,0
blogging_facts_,2463862587815605939,0,0
pofu.dev,2569174077652565952,1,1
pofu.dev,2470637759205567205,1,0
pofu.dev,2465485369435307580,0,0
pofu.dev,2463233104599255945,0,1
pofu.dev,2443772840522929834,0,1
pofu.dev,2440925075963051029,0,1
pofu.dev,2438694418956284443,1,0
pofu.dev,2434364964440279035,0,1
pofu.dev,2431536656500933351,1,0
pofu.dev,2430034032639516174,1,0
thelazyycodes,2574233800048160088,1,0
thelazyycodes,2573453750802920873,0,0
thelazyycodes,2569899233025759407,0,0
thelazyycodes,2565567497537452266,0,0
thelazyycodes,2550766739831024837,0,0
thelazyycodes,2431919965857429323,1,0
phil.codes,2454823697471509734,1,0
phil.codes,2450524748019472565,0,0
phil.codes,2440262678382380736,0,1
phil.codes,2438554311393184358,0,0
phil.codes,2438151848051854687,0,0
programming__chip,2690169439718091506,0,0
programming__chip,2683063486532333987,0,0
programming__chip,2681537133268764922,0,0
programming__chip,2680864698216645781,0,0
programming__chip,2679289704196729271,0,0
programming__chip,2678617147139257945,0,0
programming__chip,2677792730104582440,0,0
programming__chip,2671323804403281798,0,0
programming__chip,2669914830022005855,0,0
programming__chip,2668789679259757175,1,0
programming__chip,2668122961738819994,0,1
programming__chip,2667687435202308033,0,0
gubiar.dev,2614281958096939434,0,0
gubiar.dev,2606110697195976003,0,0
gubiar.dev,2601028025918644793,0,0
gubiar.dev,2569356906398549466,0,0
gubiar.dev,2568655963993953620,0,0
gubiar.dev,2567937750998475545,0,0
gubiar.dev,2567212463757384319,0,0
gubiar.dev,2566492179848761874,0,0
gubiar.dev,2565727688680720079,0,0
gubiar.dev,2565040470372544897,0,0
gubiar.dev,2564315960543809244,0,0
gubiar.dev,2563588740758227702,0,0
comunityalber,2691511855530310015,0,1
comunityalber,2649872305386151921,0,0
comunityalber,2642680409474947957,0,0
comunityalber,2611158518670011426,0,0
comunityalber,2564832420260141714,0,1
comunityalber,2474532934469321846,0,0
comunityalber,2472083419451688518,0,0
comunityalber,2467016510259624815,0,1
comunityalber,2467014306673139681,0,1
comunityalber,2441016422250201391,0,0
kattycode,2666867540803854470,0,0
kattycode,2514156378646638815,1,0
kattycode,2511375269588117511,0,0
kattycode,2506287662487549372,1,0
kattycode,2504035713733982369,0,0
kattycode,2504034207090595020,0,0
kattycode,2499761546446391223,0,0
kattycode,2498186653827467009,0,0
kattycode,2496874861142703998,1,0
kattycode,2471474423221694789,1,0
kattycode,2456020092498340923,0,0
kattycode,2451671270162815266,1,0
codequate,2499492497294876044,0,0
codequate,2494497680017861753,0,0
codequate,2493080966046938978,0,0
codequate,2491646180463839011,0,0
codequate,2490199622719422247,0,0
codequate,2489449607747121019,0,0
codequate,2488674149631909881,0,0
codequate,2487296766261731780,1,0
codequate,2486526769189003843,1,0
codequate,2485794041854265356,0,0
codequate,2484309693364659611,0,0
codequate,2483622462962421411,0,0
_codage_,2646683108758658443,0,0
_codage_,2643728942960691235,0,0
_codage_,2642335675182438480,0,0
_codage_,2640806465833802222,1,1
_codage_,2640096853954464594,0,0
_codage_,2639459336272054484,0,0
_codage_,2637690618282183428,0,0
_codage_,2636468511778842115,0,0
_codage_,2634479696058146745,0,0
_codage_,2632129257674124628,0,0
_codage_,2631556591505382942,0,0
_codage_,2630617007968912329,0,1
miss_ray_iosdev,2613434544632473505,0,1
miss_ray_iosdev,2607660859355176782,0,0
miss_ray_iosdev,2601824643774705417,0,0
miss_ray_iosdev,2588796510901401948,0,1
miss_ray_iosdev,2584498951181753405,0,0
miss_ray_iosdev,2576458188765439943,0,0
miss_ray_iosdev,2559722696308966291,0,0
miss_ray_iosdev,2540224467272909516,0,0
miss_ray_iosdev,2525045103895177515,0,0
miss_ray_iosdev,2515551921515845355,0,0
miss_ray_iosdev,2506880433053023731,0,0
miss_ray_iosdev,2497315859576624440,1,1
baxweb,2690230049183092548,0,0
baxweb,2658959634249527808,1,0
baxweb,2656198754831100294,1,0
baxweb,2651831633267386991,1,0
baxweb,2649631378136198502,1,0
baxweb,2646741997868074066,1,0
baxweb,2645980267625942141,1,0
baxweb,2641653184049285440,0,0
baxweb,2640869937832990240,1,0
baxweb,2640273668185909213,1,0
baxweb,2638648232167337725,0,0
baxweb,2638033857630818256,0,0
coders_for_life,2477731681113638781,0,0
coders_for_life,2473226166249541202,0,0
coders_for_life,2470411178841703837,0,0
coders_for_life,2470219366080290818,0,0
coders_for_life,2466154214037080126,0,0
coders_for_life,2465131753501797437,0,0
coders_for_life,2463272077759832053,0,0
coders_for_life,2462930018888726825,0,0
coders_for_life,2462233223032241059,0,0
coders_for_life,2461501820435055553,0,0
coders_for_life,2459526649406818921,0,0
coders_for_life,2457858711725780250,0,0
iamabjunior,2680703750876573804,0,1
iamabjunior,2672127495413712157,1,0
iamabjunior,2648086386570057173,1,0
iamabjunior,2645295309765083916,0,1
iamabjunior,2634801223073440424,1,0
iamabjunior,2624741823134734256,1,0
iamabjunior,2609719455324739433,1,0
iamabjunior,2604378977511275803,0,0
iamabjunior,2574781517252103030,0,1
iamabjunior,2570548932804261255,0,0
iamabjunior,2567692678629148320,0,1
iamabjunior,2561631940253267897,1,1
cerealnotfound,2679378002902927342,0,0
cerealnotfound,2676475272206789277,0,0
cerealnotfound,2675080819076706094,0,0
cerealnotfound,2675077838612492658,0,0
cerealnotfound,2674372151662147491,0,0
cerealnotfound,2673551145670303563,0,0
cerealnotfound,2672118292680033482,0,0
cerealnotfound,2671420951035862002,0,0
cerealnotfound,2671419002647237597,0,0
cerealnotfound,2670981119995157577,0,0
cerealnotfound,2669970661753344751,0,0
cerealnotfound,2669964983496309819,0,0
webcodingdev,2625776432783830401,0,0
webcodingdev,2615466930379256266,0,1
webcodingdev,2610708513263480417,0,0
webcodingdev,2598339118312953586,0,1
webcodingdev,2595513878383840622,0,0
webcodingdev,2592190054764572647,0,1
webcodingdev,2589960473364390799,0,0
webcodingdev,2587491039451819531,0,1
webcodingdev,2584658390234582175,0,0
webcodingdev,2583418354413509132,0,1
webcodingdev,2581953872665611503,0,0
webcodingdev,2579771354866283362,0,1
aprenderaprogramaralos30,2687305890968880724,0,0
aprenderaprogramaralos30,2677435903735166459,0,1
aprenderaprogramaralos30,2619300050236416389,0,0
aprenderaprogramaralos30,2611979090122585607,0,0
aprenderaprogramaralos30,2611452975947939978,0,0
aprenderaprogramaralos30,2608975069266938197,0,0
aprenderaprogramaralos30,2608292329152512481,0,1
aprenderaprogramaralos30,2603285758420962504,0,1
aprenderaprogramaralos30,2597024807635710569,0,0
aprenderaprogramaralos30,2596011369862099322,0,0
aprenderaprogramaralos30,2593432496981066025,0,0
aprenderaprogramaralos30,2593332755450404732,0,0
javascriptcoding,2690148787888623146,0,0
javascriptcoding,2686470810789764066,0,0
javascriptcoding,2685490260277070438,0,0
javascriptcoding,2684748264420639698,0,0
javascriptcoding,2684112303217827465,0,0
javascriptcoding,2683350235300656649,0,0
javascriptcoding,2682610854986755962,0,0
javascriptcoding,2681864891401078702,0,0
javascriptcoding,2681087882661378605,0,0
javascriptcoding,2680345756300683599,0,0
javascriptcoding,2680131022833881721,0,0
javascriptcoding,2618086416882570582,0,0
source_bay,2475310550603601426,0,0
source_bay,2459798387055937273,0,0
source_bay,2455309885026402541,0,0
source_bay,2447085023107526372,0,0
source_bay,2445671016014394165,0,0
source_bay,2445664792204100686,0,0
source_bay,2445661695155124917,0,0
data_fog,2479286080134799402,0,0
data_fog,2476524144473233541,0,0
data_fog,2470584208477897488,0,0
data_fog,2465597303621379487,0,1
data_fog,2462725845228211717,0,0
data_fog,2462704968801515475,0,0
data_fog,2462562528190793889,0,0
data_fog,2462044302042347239,0,0
data_fog,2459839480782915833,0,0
data_fog,2458237858086265278,0,0
data_fog,2455392412171094678,0,0
data_fog,2454819848344566783,0,0
creative__programmer,2692306765586368219,0,0
creative__programmer,2691564519404712129,0,0
creative__programmer,2690848401673218107,0,0
creative__programmer,2690132782602619292,0,0
creative__programmer,2689396073364064517,0,0
creative__programmer,2688664248383439181,0,0
creative__programmer,2687942645818548572,0,0
creative__programmer,2687218990747085748,0,0
creative__programmer,2686492986521033281,0,0
creative__programmer,2685789850026118537,0,0
creative__programmer,2685028641647318981,0,0
creative__programmer,2684326348501633216,0,0
mrcode._79,2649413965440811991,0,0
mrcode._79,2642282666101827562,0,1
mrcode._79,2640305244451950285,0,0
mrcode._79,2640097288175265347,0,0
mrcode._79,2640095121011968447,0,1
mrcode._79,2639252369164558946,0,0
mrcode._79,2639251712579775186,0,0
mrcode._79,2639250491617993869,0,1
mrcode._79,2638853160611423904,0,0
mrcode._79,2638852462746371356,0,1
mrcode._79,2638833242792943420,0,1
mrcode._79,2634102733760203773,0,1
geeky4_u,2692828542051481469,0,1
geeky4_u,2692254602569776032,0,0
geeky4_u,2690805507261852132,0,0
geeky4_u,2689973777503142801,0,1
geeky4_u,2688596605321538711,0,0
geeky4_u,2687874297602721059,0,1
geeky4_u,2687158181993587225,0,0
geeky4_u,2684284918464726704,1,0
geeky4_u,2683459058715264758,0,1
geeky4_u,2682082229051716371,0,0
geeky4_u,2681226356138616491,0,1
geeky4_u,2679222715617653129,0,0
almukodev,2468332074898401887,1,1
almukodev,2466889241746238707,0,1
almukodev,2466753772740143081,0,1
almukodev,2461643385535274463,0,0
almukodev,2460969884986097546,0,0
almukodev,2460923904022312643,0,0
almukodev,2459779341670661871,0,1
almukodev,2456533615649780808,1,0
neuramics,2478556838031953136,0,0
neuramics,2477805019366210745,1,0
neuramics,2476348299209159337,0,0
neuramics,2475655492085497667,1,0
neuramics,2474902883515108106,0,0
neuramics,2474164592008257614,1,0
neuramics,2473464149540141950,1,0
neuramics,2472732980095840893,1,0
neuramics,2472026282729337696,0,0
neuramics,2471287019914059655,0,0
neuramics,2470560563499916434,1,0
neuramics,2469830263954299737,0,0
abhiraj.codeit,2620058568749894951,0,1
abhiraj.codeit,2578714224952857834,0,0
abhiraj.codeit,2575572916607531556,0,0
abhiraj.codeit,2574777120689520052,0,0
abhiraj.codeit,2574213711745240035,0,0
abhiraj.codeit,2572661125687365038,0,1
abhiraj.codeit,2571932067646614577,0,0
abhiraj.codeit,2571837283271588925,0,0
abhiraj.codeit,2569150054098520240,0,0
abhiraj.codeit,2567524448554262507,0,0
abhiraj.codeit,2567508833971579963,0,1
abhiraj.codeit,2566771002918085084,0,0
codebird007,2655620417395987119,0,0
codebird007,2634381024512350775,0,0
codebird007,2592305971712050785,0,0
codebird007,2560849548427031252,0,0
codebird007,2551609377921424640,0,0
codebird007,2548248988277019275,1,0
codebird007,2535684625276986842,0,0
codebird007,2530505810336340764,0,0
codebird007,2529056182143353668,0,0
codebird007,2527606609499719536,0,0
codebird007,2526157465958646244,0,1
codebird007,2524707507413784965,0,0
codewithapro,2545300225061385219,0,0
codewithapro,2533061317360482435,0,0
codewithapro,2532466564566867104,0,0
codewithapro,2528021431179088582,0,0
codewithapro,2527249453757460980,0,0
codewithapro,2526494987319867455,0,0
codewithapro,2472114800958374794,0,0
codewithapro,2467277831925466824,0,0
samwhocodes,2546800305639655261,0,0
samwhocodes,2540204701959301847,0,0
samwhocodes,2531464613481711844,0,0
samwhocodes,2530012564981739206,0,0
samwhocodes,2525734521668736984,0,0
samwhocodes,2522086436518427598,0,0
samwhocodes,2519465854656232677,0,0
samwhocodes,2517144975653895657,0,0
samwhocodes,2515627071657530009,0,0
samwhocodes,2509857487595811422,0,0
samwhocodes,2500539996147039983,0,0
samwhocodes,2499644771870654690,0,1
codebyhim,2486333184485348578,1,0
codebyhim,2484738950749652811,1,0
codebyhim,2481972266641062081,1,0
codebyhim,2481065230726079940,1,0
codebyhim,2479084327896421209,1,0
codebyhim,2473063777738717990,1,0
codebyhim,2470927698638333689,1,0
codebyhim,2469364590555876486,1,0
codebyhim,2468182787916595841,1,0
codebyhim,2466740167206207259,1,0
codebyhim,2466012551075534222,1,0
codebyhim,2465798475644762375,1,0
kimiashadkami,2675016295869572780,1,1
kimiashadkami,2647142240319534957,1,0
kimiashadkami,2572844064897242237,1,0
kimiashadkami,2492685179022296390,1,0
kimiashadkami,2492057212105551577,1,0
kimiashadkami,2477904257832016354,1,0
kimiashadkami,2468072497310680193,1,0
bitlify2,2497418683022894318,0,1
bitlify2,2496014713662482026,0,1
bitlify2,2495016049435688205,0,1
bitlify2,2494628523990517377,0,1
bitlify2,2493615657220963402,0,1
bitlify2,2493017541786703477,0,1
bitlify2,2491756653397999908,0,1
bitlify2,2490932629671547605,0,1
bitlify2,2490154461281031439,0,1
bitlify2,2489386676300878940,0,1
bitlify2,2488025325733184245,0,1
bitlify2,2485782973757050728,0,1
teddycoding,2515346134734584807,0,0
teddycoding,2513893196950549032,0,0
teddycoding,2512412259603470164,0,0
teddycoding,2511698060699090406,0,0
teddycoding,2509603899791581020,0,0
teddycoding,2508874772042215663,0,0
teddycoding,2508177939099636224,0,0
teddycoding,2507423369717260289,0,0
teddycoding,2506734696591981949,0,0
teddycoding,2506620809871815843,0,0
teddycoding,2503729087143582879,0,0
teddycoding,2500942610978359046,0,0
mlwithrish,2691576843920602360,0,0
mlwithrish,2684096342775433894,0,0
mlwithrish,2682103598259589124,1,0
mlwithrish,2680541063990717199,1,0
mlwithrish,2676218232825752538,0,0
mlwithrish,2674913774427474794,1,0
mlwithrish,2673333431128501700,0,0
mlwithrish,2672847714140331630,0,0
mlwithrish,2672604451268740594,0,0
mlwithrish,2664521603006526909,0,0
mlwithrish,2658779412019570626,0,0
mlwithrish,2655825639680943914,0,0
designing_web_tips,2491526137537162486,0,0
designing_web_tips,2486430697590469268,0,1
designing_web_tips,2481372054230779447,0,1
designing_web_tips,2474266170325400608,0,0
designing_web_tips,2472568979705696998,0,0
designing_web_tips,2466129618143393954,0,0
designing_web_tips,2460276474363550064,0,0
designing_web_tips,2458045666504491526,0,0
designing_web_tips,2457613424393412433,0,0
codingpeoples,2503833465284246009,0,0
codingpeoples,2482626252712785041,0,0
codingpeoples,2477112991460465073,0,0
codingpeoples,2476141808783029342,0,0
codingpeoples,2475548943501494819,0,0
codingpeoples,2474681979631710378,0,0
mudit023,2514535516020472894,0,0
mudit023,2500197989402998786,0,0
mudit023,2498803228335058388,0,0
mudit023,2497231439586874663,1,0
mudit023,2496427215106019422,1,0
mudit023,2474039447893738200,1,0
mudit023,2473325572386768778,1,0
mudit023,2469721591500617211,1,0
mudit023,2466808396765362744,0,0
mudit023,2466084822198910040,0,0
mudit023,2464622962635254369,0,0
mudit023,2463122271869710742,0,1
orangesolutionpvt,2567554623766349861,0,0
orangesolutionpvt,2556150038073991811,0,0
orangesolutionpvt,2555092849968403192,0,0
orangesolutionpvt,2539178970059756005,0,0
orangesolutionpvt,2539088499794915253,0,0
orangesolutionpvt,2539052604194809254,0,0
orangesolutionpvt,2474152080533698178,0,0
orangesolutionpvt,2470449640835853927,0,0
orangesolutionpvt,2464641966697303802,0,0
orangesolutionpvt,2463164616922914283,0,0
orangesolutionpvt,2461630002224000162,0,0
orangesolutionpvt,2461043047463610110,0,0
christopher_codes,2565920198347532108,0,1
christopher_codes,2544601202860162725,0,0
christopher_codes,2539739523874444626,0,1
christopher_codes,2530346060561077753,0,1
christopher_codes,2501377213669209906,0,1
christopher_codes,2497416567776761745,0,1
christopher_codes,2496329393081838087,0,1
christopher_codes,2483169164731131662,0,1
christopher_codes,2476560370433535941,0,1
christopher_codes,2476380779001760078,0,1
christopher_codes,2475775420147002959,0,1
christopher_codes,2465930287178001779,0,0
programming_vaccine,2632784109609212019,0,1
programming_vaccine,2632303793282388079,0,1
programming_vaccine,2631859771007753431,0,1
programming_vaccine,2630528322279058065,0,0
programming_vaccine,2630504026647325436,0,0
programming_vaccine,2629624546412050572,0,1
programming_vaccine,2628153397119612107,0,1
programming_vaccine,2627963979742239709,0,1
programming_vaccine,2627962617079910958,0,1
programming_vaccine,2626809064084859823,0,1
programming_vaccine,2623852836039727191,0,1
programming_vaccine,2623843275870454969,0,0
coding_byanna,2692656837236504554,0,1
coding_byanna,2691129383330129125,0,0
coding_byanna,2690647441275028881,0,1
coding_byanna,2669574397836385933,0,1
coding_byanna,2655708469038758763,0,0
coding_byanna,2652724883084292987,0,1
coding_byanna,2647833634823930122,0,0
coding_byanna,2647829609835526674,0,0
coding_byanna,2612881579194698730,0,0
coding_byanna,2606413668691174187,0,0
coding_byanna,2602839075363599850,0,0
coding_byanna,2602041664697455727,0,0
devdaily_insta,2649508268829144251,1,0
devdaily_insta,2646694954948609562,1,0
devdaily_insta,2620598549578278883,1,0
devdaily_insta,2617387505552862947,0,0
devdaily_insta,2607326388685278496,1,0
devdaily_insta,2606654742244858603,1,0
devdaily_insta,2603838197005160156,1,0
devdaily_insta,2567618914638189610,1,0
devdaily_insta,2519657955433246234,1,0
devdaily_insta,2507459118090341976,1,0
devdaily_insta,2505128979004132883,1,0
devdaily_insta,2503796426368526175,1,0
code.the.world,2686526524912659389,0,0
code.the.world,2601637332189565798,0,0
code.the.world,2595586727159414227,0,0
code.the.world,2582023187303188040,0,0
code.the.world,2582021168886641190,0,0
code.the.world,2581098026870037173,0,0
code.the.world,2581092477151537197,0,0
code.the.world,2580835670512574971,0,0
code.the.world,2580554265899336878,0,0
code.the.world,2580549828232871873,0,0
code.the.world,2580544465211136413,0,0
code.the.world,2580538884932981752,0,0
_dhaval.dev,2524517562920632203,1,0
_dhaval.dev,2515861730972410835,1,0
_dhaval.dev,2497898620806518169,1,0
_dhaval.dev,2495602128980979874,0,0
_dhaval.dev,2491979888485741517,0,0
_dhaval.dev,2488416593851329284,0,0
_dhaval.dev,2486249213624699477,0,0
_dhaval.dev,2484412190043523499,0,0
_dhaval.dev,2484104619524994247,0,0
panda.codes,2589311988270348611,0,0
panda.codes,2582719123847699178,0,0
panda.codes,2579194291751322325,0,0
panda.codes,2578676891394119006,0,0
panda.codes,2558174070329583110,0,0
panda.codes,2553103400757714155,0,0
panda.codes,2549540502710047730,0,0
panda.codes,2545180051784169199,0,0
panda.codes,2540104584711370189,0,0
panda.codes,2535770550518502114,0,0
panda.codes,2526317826160036275,0,0
panda.codes,2522001807065126925,0,0
anzil_web,2500399908507400291,0,1
anzil_web,2500392073547555248,0,0
anzil_web,2500388092440098416,0,0
anzil_web,2499668077101437892,0,1
anzil_web,2499665389760484857,0,0
anzil_web,2499664140168289800,0,0
anzil_web,2498965598021708902,0,1
anzil_web,2498964178853732087,0,0
anzil_web,2498959681184177445,0,0
anzil_web,2498771301276277321,0,0
anzil_web,2498184518826137837,0,1
anzil_web,2498181852733455950,0,0
daguywho.codes,2621421565380454167,0,0
daguywho.codes,2619969273686981901,0,0
daguywho.codes,2617213572346647271,0,0
daguywho.codes,2615573854311847822,0,0
daguywho.codes,2611306038817626551,0,0
daguywho.codes,2609121263688224373,0,0
daguywho.codes,2608474513923367382,0,0
daguywho.codes,2598221737762781789,0,0
daguywho.codes,2593840024794238368,0,0
daguywho.codes,2590070825608740259,0,0
daguywho.codes,2587409203572469946,0,0
daguywho.codes,2579963367972150866,0,0
alvesmat_1,2689546794084206768,0,0
alvesmat_1,2687443486490224742,0,0
alvesmat_1,2683871806610056496,0,0
alvesmat_1,2677862480326016746,0,0
alvesmat_1,2674412212276100173,0,0
alvesmat_1,2654734601966881721,0,0
alvesmat_1,2647418845197669637,0,0
alvesmat_1,2646235589206820933,0,0
alvesmat_1,2607036649127696756,0,0
alvesmat_1,2554101169100046544,0,0
alvesmat_1,2509296395737877780,0,0
alvesmat_1,2478812938351980600,0,0
python.math,2693822825445419283,0,1
python.math,2691556651685951071,0,0
python.math,2687177866223131083,0,0
python.math,2686457406003891363,0,0
python.math,2685729258463387205,0,0
python.math,2685012482410869774,0,0
python.math,2684276616814060128,0,0
python.math,2683552190971548871,0,0
python.math,2682829995551214433,0,0
python.math,2682103306126717086,0,0
python.math,2681398765261464551,0,0
python.math,2680665838454047950,0,0
yasinzeinaliyan,2691719142454676900,0,0
scala_genius,2582927155454075043,0,0
scala_genius,2553670813819797234,0,0
scala_genius,2553670193742266977,0,0
scala_genius,2553669802841432773,0,0
scala_genius,2507516490262194894,0,0
scala_genius,2505337470858800846,0,0
scala_genius,2504851335262892235,0,0
scala_genius,2502255132247328220,0,0
scala_genius,2502111311173825256,0,0
scala_genius,2501212400313753190,0,0
scala_genius,2493883090909400058,0,0
scala_genius,2493882780002337178,0,0
hummingcode_,2668917555795731067,0,0
hummingcode_,2635321368275362240,1,0
hummingcode_,2609054882813210984,1,0
hummingcode_,2605962217282034578,1,0
hummingcode_,2605954663122287464,1,0
hummingcode_,2603928812309106804,1,0
hummingcode_,2603893225669654055,0,0
hummingcode_,2603889346987141290,0,0
hummingcode_,2584419406675827665,1,1
hummingcode_,2584418469878810138,1,0
hummingcode_,2584415651423977163,1,0
hummingcode_,2569681790400198606,1,0
e_k_s_insta,2626356517464982614,0,0
e_k_s_insta,2533530587172838089,0,0
e_k_s_insta,2495723730282637403,0,0
e_k_s_insta,2479825368905667178,0,0
codev.ai,2635549045423016016,0,0
codev.ai,2617721484945001878,0,0
codev.ai,2587670910132424496,0,0
codev.ai,2585560958022552370,0,0
codev.ai,2581165611627560589,0,0
codev.ai,2580073181453636978,0,0
codev.ai,2577902228946744384,0,0
codev.ai,2577867780129568858,0,0
codev.ai,2577866361708307917,0,0
codev.ai,2577011897526259899,0,0
codev.ai,2577009714189773237,0,0
codev.ai,2521763088831624985,0,0
sleepydevs,2525737004486904450,0,0
sleepydevs,2524969608385965307,0,0
sleepydevs,2524247682566911364,0,0
sleepydevs,2521374033849836320,0,0
sleepydevs,2520649347733966739,0,0
sleepydevs,2519893803310044008,0,0
sleepydevs,2519153312276814778,0,0
sleepydevs,2517818376722670438,0,0
sleepydevs,2516993901370378966,0,0
sleepydevs,2516294645235962835,0,0
sleepydevs,2515537683665785156,0,0
sleepydevs,2514818457795676020,0,0
reactjszerotohero,2666876243312736346,0,0
reactjszerotohero,2659662924314115306,0,0
reactjszerotohero,2658207115966277441,0,0
reactjszerotohero,2653861066000170641,0,1
reactjszerotohero,2651711253387377354,0,0
reactjszerotohero,2642985450080704489,0,0
reactjszerotohero,2621228675631055514,0,0
reactjszerotohero,2620473522502149569,0,0
reactjszerotohero,2604579510532668496,0,1
reactjszerotohero,2600962362643970046,0,1
reactjszerotohero,2598777460963256169,0,1
reactjszerotohero,2597315074335103862,0,0
ricsdeveloper,2500165718461384441,0,0
ricsdeveloper,2498092206540231649,0,0
ricsdeveloper,2497527635522027702,0,0
ricsdeveloper,2496137869358340844,0,0
ricsdeveloper,2495075801842721823,0,0
ricsdeveloper,2493608648171282050,0,0
ricsdeveloper,2492968767988395135,0,0
ricsdeveloper,2492504808936530210,0,0
ricsdeveloper,2491695645586758963,0,0
ricsdeveloper,2491065336142995904,0,0
ricsdeveloper,2490245087146059951,0,0
ricsdeveloper,2489543214579729058,0,0
pyscalellc,2692979730756889381,0,1
pyscalellc,2691600208416166633,0,1
pyscalellc,2690786003976080588,0,1
pyscalellc,2690265820437975880,0,1
pyscalellc,2689351451276339882,0,1
pyscalellc,2688633682734038009,0,1
pyscalellc,2688365822040261381,0,0
pyscalellc,2688272970534841003,0,1
pyscalellc,2643363328584259237,0,0
pyscalellc,2617997997162571435,0,1
pyscalellc,2616914765020987386,0,1
pyscalellc,2616512286705943777,0,1
romenrake,2698227160270689336,0,0
romenrake,2697516068372362948,0,0
romenrake,2693707418375272859,0,1
romenrake,2693116646766979577,0,0
romenrake,2692799596087052644,0,1
romenrake,2690973530400950344,0,0
romenrake,2688794453065854256,0,0
romenrake,2687179490409788322,0,0
romenrake,2623876326525051919,0,1
romenrake,2569667927881460527,0,0
romenrake,2562201693468459845,0,1
romenrake,2561899724224833878,0,0
geeks._hub,2560519580548325964,0,0
geeks._hub,2550166604059136446,0,0
geeks._hub,2548866729777212873,0,0
geeks._hub,2548142130852771795,0,0
geeks._hub,2547417440282577714,0,0
geeks._hub,2546692580296196726,0,0
geeks._hub,2545967966755998347,0,0
geeks._hub,2545242790882534238,0,0
geeks._hub,2544564624024437182,0,0
geeks._hub,2517011093738519826,0,0
geeks._hub,2515540668718361094,0,0
geeks._hub,2514834107339583519,0,0
codehub.css,2529261719327378055,0,0
tanicoder,2640963554530753443,0,0
tanicoder,2635867709162618571,0,0
tanicoder,2584393169106871403,0,0
tanicoder,2570753890689736306,0,0
tanicoder,2546811226759968805,0,0
tanicoder,2545267425797112739,0,0
tanicoder,2539460075367185433,0,0
tanicoder,2538719054031476204,0,0
tanicoder,2534391383218644469,0,0
tanicoder,2532855669234529933,0,0
tanicoder,2531601989277374938,0,1
tanicoder,2528452728791922184,0,0
andrewh1188,2679151860747026433,0,1
andrewh1188,2643007794060450126,0,0
andrewh1188,2639210116633504441,0,0
andrewh1188,2637447502052028277,0,0
andrewh1188,2631399284754837308,0,0
andrewh1188,2629162120805889383,0,0
andrewh1188,2616457080169536259,0,0
andrewh1188,2612818868645502659,0,0
andrewh1188,2610949582956154878,0,0
andrewh1188,2608921445661533631,0,0
andrewh1188,2555237373730467106,0,0
andrewh1188,2548055948422020407,0,0
software.housee,2606219102830530976,0,0
software.housee,2580659085255064867,0,0
software.housee,2573574117789861272,0,0
software.housee,2571293017222907274,0,0
software.housee,2570705471795938563,0,0
software.housee,2569121931295184908,0,0
software.housee,2568334633515310752,0,0
software.housee,2567540585002961268,0,0
software.housee,2566946124602685808,0,0
software.housee,2561038958964358482,0,0
software.housee,2560646534672846575,0,0
software.housee,2560452923251415584,0,0
web_surfers_,2693775358977605510,0,0
web_surfers_,2691640153600295196,0,0
web_surfers_,2677523353204248127,0,0
web_surfers_,2673441396288159804,0,0
web_surfers_,2672076414475642810,0,0
web_surfers_,2668365050927298559,0,0
web_surfers_,2665462520868812248,0,0
web_surfers_,2664792760515360167,0,0
web_surfers_,2661900657087110076,0,0
web_surfers_,2660149057217678285,0,0
web_surfers_,2658999413977221455,0,0
web_surfers_,2658299609923657439,0,0
spy_boy_0,2572640793194872108,0,0
spy_boy_0,2565274834331075333,0,0
spy_boy_0,2558894572969270647,0,0
spy_boy_0,2551740936006760103,1,0
spy_boy_0,2539551207023552487,0,0
spy_boy_0,2520024670451851613,0,0
spy_boy_0,2508774919474281691,0,0
spy_boy_0,2507337048116711473,0,0
spy_boy_0,2503619009785534044,0,0
spy_boy_0,2499474481990112402,1,0
spy_boy_0,2497263548639229563,0,0
spy_boy_0,2495840555325339321,0,0
kacper.hernacki,2669791384231311891,0,0
kacper.hernacki,2666913325438303426,0,0
kacper.hernacki,2664761052936173532,0,0
kacper.hernacki,2662559745755546396,0,0
kacper.hernacki,2661161519253597317,0,0
kacper.hernacki,2660384777907104923,0,0
kacper.hernacki,2658201179935065799,0,0
kacper.hernacki,2657497523488412607,0,0
kacper.hernacki,2656764524363743493,0,0
kacper.hernacki,2653160521499376350,0,0
kacper.hernacki,2647323902787542582,0,0
kacper.hernacki,2646622496627846014,0,0
theindiancoder.in,2496369164739085429,1,0
theindiancoder.in,2493758381148480135,1,0
theindiancoder.in,2492068267905187141,1,0
theindiancoder.in,2491306996570086800,1,0
theindiancoder.in,2487155491264933308,1,0
theindiancoder.in,2484346157555071554,0,0
theindiancoder.in,2483310755117434592,0,0
theindiancoder.in,2482143104118740919,1,0
theindiancoder.in,2481140744131155301,0,0
theindiancoder.in,2480598093090592541,0,0
theindiancoder.in,2479167665909635626,1,0
theindiancoder.in,2478548364458625973,1,0
akalongman,2578539846905925068,0,0
akalongman,2503117277373963107,0,0
akalongman,2403893016139147896,0,0
akalongman,2399261007962022901,0,0
akalongman,2385170982701952806,0,0
akalongman,2329053981592484561,0,0
akalongman,2254561959112715090,0,0
akalongman,2211646028590231401,0,1
akalongman,2206653400312384432,0,0
akalongman,2169051620426849974,0,0
akalongman,2161619122998711200,0,0
akalongman,2158738266042785998,0,0
hexican_nation,2540837593333648655,0,0
hexican_nation,2539821783219775133,0,0
hexican_nation,2539008412547544967,0,0
hexican_nation,2538850253656667013,0,0
hexican_nation,2525280172463281122,0,0
hexican_nation,2525075756145668055,0,0
hexican_nation,2509202914759622047,0,0
hexican_nation,2509176271290510870,0,0
hexican_nation,2509130320408661487,0,0
hexican_nation,2502942000354046133,0,0
hexican_nation,2494961058343690030,0,0
hexican_nation,2494861964925451618,0,0
programming_tutorial.c,2616055482180070705,0,0
programming_tutorial.c,2615226822841632724,0,0
programming_tutorial.c,2577266227814735340,0,0
programming_tutorial.c,2524887844078685672,0,0
programming_tutorial.c,2524136384965488996,0,0
programming_tutorial.c,2523345712440345345,0,0
programming_tutorial.c,2522081279000763395,0,0
programming_tutorial.c,2521228810612039196,0,0
programming_tutorial.c,2520424282388157926,0,0
programming_tutorial.c,2519690220878844197,0,0
programming_tutorial.c,2517501575463805086,0,0
programming_tutorial.c,2510367109146859847,0,0
devclothstore,2517184043842682038,0,0
devclothstore,2516935384739685136,0,0
devclothstore,2516457375113018023,0,0
devclothstore,2515700251323950145,1,0
devclothstore,2513564664659922703,1,0
devclothstore,2513474659040043588,0,0
devclothstore,2512034005130888227,1,0
devclothstore,2507712185615436065,0,0
devclothstore,2504052681095284373,0,0
devclothstore,2503318991293717743,0,0
devclothstore,2503314038911230546,0,0
devclothstore,2503220860099195065,0,0
faezemoradi_developer,2688082365349125718,0,1
faezemoradi_developer,2680220406037809139,0,1
faezemoradi_developer,2599772027279946643,0,1
faezemoradi_developer,2599099165288233412,0,1
faezemoradi_developer,2580731018885828642,0,1
faezemoradi_developer,2557807068560758917,1,1
faezemoradi_developer,2557802239843229489,0,1
faezemoradi_developer,2541024876136584515,0,0
faezemoradi_developer,2504110843106241009,0,1
faezemoradi_developer,2502619058794241981,0,1
faezemoradi_developer,2494627093868412015,0,0
faezemoradi_developer,2493941948706326759,0,0
grandtourdegambia,2669087445721742391,0,0
grandtourdegambia,2622832554078740316,0,0
grandtourdegambia,2622709031733743802,0,0
grandtourdegambia,2620800176376321459,0,0
grandtourdegambia,2605264332841740791,0,0
grandtourdegambia,2601120925043918629,0,0
grandtourdegambia,2596752115918704697,0,0
grandtourdegambia,2579784328024495056,0,0
grandtourdegambia,2575809434953736024,0,0
grandtourdegambia,2572481686618478423,0,0
grandtourdegambia,2571722501000652440,0,0
grandtourdegambia,2561039003265932816,0,0
phillipwritescode,2681567912371788543,0,1
phillipwritescode,2668667593102993916,0,0
phillipwritescode,2591156591285766350,0,1
phillipwritescode,2580203499259154502,0,0
phillipwritescode,2575600581246745002,0,0
phillipwritescode,2539415387985922249,0,0
phillipwritescode,2536124206531152959,0,0
phillipwritescode,2523891418620093256,0,0
phillipwritescode,2517739030926369845,0,1
phillipwritescode,2509014535889823148,0,0
phillipwritescode,2500442278460480546,0,0
phillipwritescode,2499432212638953257,0,0
agn_es_404,2556101550376321525,0,0
agn_es_404,2545236158485446359,0,0
agn_es_404,2540923709406688221,0,0
agn_es_404,2536416103657007779,0,0
agn_es_404,2530817668169166334,0,0
agn_es_404,2527326618792694765,0,0
agn_es_404,2524974237362615535,0,0
agn_es_404,2521964553702855421,0,0
agn_es_404,2518583293612505434,0,0
agn_es_404,2516886087577822463,0,0
agn_es_404,2514817667583632265,0,0
agn_es_404,2511786811226919135,0,0
cviloriam,2098035000726058380,0,0
cviloriam,2080659610261051258,0,0
cviloriam,2075807450096500498,0,0
cviloriam,1942414588198735050,0,0
cviloriam,1935731010458919768,0,0
cviloriam,1850459013440080398,0,1
cviloriam,1722808801295131680,0,0
cviloriam,1579105695935035897,0,0
cviloriam,1514737798601542625,0,0
cviloriam,1453784650391553564,0,0
cviloriam,1404072911463056612,0,0
cviloriam,1394009509319614593,0,0
program.hub,2573459735437342575,0,0
program.hub,2571766996383455563,0,0
program.hub,2542259777992565012,0,0
program.hub,2541590135264022664,0,0
program.hub,2540837155816456229,0,0
program.hub,2540110035460843697,0,0
program.hub,2533559597119013732,0,0
program.hub,2533451816214917310,0,0
program.hub,2532122792909818243,0,0
program.hub,2529210484419443709,0,0
program.hub,2527800282088322724,0,0
program.hub,2526962244521035070,0,0
crazy_.developer,2627587430782859962,0,0
crazy_.developer,2614464368965263305,0,0
crazy_.developer,2611946923008438919,0,0
crazy_.developer,2610918297005497945,0,0
crazy_.developer,2609029692435802676,0,0
crazy_.developer,2608332873485697932,0,0
crazy_.developer,2606934831138238999,0,0
crazy_.developer,2606198670413522564,0,0
crazy_.developer,2604002229012089371,0,0
crazy_.developer,2603749802073400622,0,0
crazy_.developer,2601736128483967880,0,0
crazy_.developer,2601523505003787569,0,0
_learning_info_tech_,2693964610522007584,0,0
_learning_info_tech_,2693255579167736759,0,0
_learning_info_tech_,2692518297498356353,0,0
_learning_info_tech_,2661744402017476939,0,0
_learning_info_tech_,2651716814104671472,0,0
_learning_info_tech_,2650932747968864414,0,0
_learning_info_tech_,2645885324498199675,0,0
_learning_info_tech_,2645178800901624782,0,0
_learning_info_tech_,2644363207902233021,0,0
_learning_info_tech_,2640031165811025379,0,0
_learning_info_tech_,2620449156388639004,0,0
_learning_info_tech_,2610430606488021643,0,0
halfstack.developer,2513257594809700102,0,0
halfstack.developer,2512472186572223158,0,0
halfstack.developer,2511885392512105469,0,0
halfstack.developer,2511054786779827891,0,1
halfstack.developer,2510216554515188932,0,0
halfstack.developer,2509634735067569207,0,0
halfstack.developer,2508588990105380218,0,0
halfstack.developer,2508180438662446158,0,1
halfstack.developer,2508161706248522190,0,0
halfstack.developer,2508159946268096912,0,0
halfstack.developer,2508131470098076910,0,0
halfstack.developer,2508122868115558780,0,1
schz.js,2657144223539932367,0,0
schz.js,2641669598072914217,0,0
schz.js,2597897345610805903,0,0
schz.js,2588347346627424363,0,0
schz.js,2574619393301411769,0,0
schz.js,2558759867905013832,0,0
schz.js,2551183494961253377,0,0
schz.js,2547107708981477429,0,0
schz.js,2543490209014782470,0,0
schz.js,2540647563226215040,0,0
schz.js,2529744925780613604,0,0
schz.js,2526814465568186481,0,0
vida_dev,2539604051881882724,0,0
vida_dev,2538698924215982168,0,0
vida_dev,2537241662666424021,0,0
vida_dev,2536545888718692882,0,0
vida_dev,2533214604533680505,0,0
vida_dev,2533030078343627030,0,0
vida_dev,2532865434840877977,0,0
vida_dev,2532316364107788059,0,0
vida_dev,2532175093246628774,0,0
vida_dev,2530886150240749172,0,0
vida_dev,2530664416756865164,0,0
vida_dev,2530096197826462677,0,0
jsdecaf,2682897724802876842,0,1
jsdecaf,2664053666295025363,0,1
jsdecaf,2663101815256802866,0,0
jsdecaf,2661111930979473412,0,1
jsdecaf,2660388978940142471,0,1
jsdecaf,2656051013359166948,0,1
jsdecaf,2651737805244658059,0,1
jsdecaf,2650965187789056846,0,1
jsdecaf,2650773515134150306,0,1
jsdecaf,2650240694493750569,0,1
jsdecaf,2649585388449394835,0,1
jsdecaf,2649539651149528091,0,0
official.qwertycoin,2556171122269814571,0,0
official.qwertycoin,2541440168510937917,0,0
official.qwertycoin,2525429029184532090,0,0
official.qwertycoin,2523613331894559548,0,0
official.qwertycoin,2520660542071262436,0,0
official.qwertycoin,2519813715323353399,0,0
official.qwertycoin,2516834401143113908,0,0
official.qwertycoin,2516113236992787573,0,0
official.qwertycoin,2514735054423178162,0,0
official.qwertycoin,2514541450467642115,0,0
official.qwertycoin,2513926342582236214,0,0
official.qwertycoin,2513253258594404512,0,0
katyannamoura,2695930711995526338,0,0
katyannamoura,2641696533112492026,0,0
katyannamoura,2597255815623464258,0,0
katyannamoura,2594535381450727405,0,0
katyannamoura,2592405687364454193,0,0
katyannamoura,2588119124983741779,0,0
katyannamoura,2560578210089798896,0,0
katyannamoura,2548037359887272897,0,0
katyannamoura,2542378260923385310,0,0
katyannamoura,2523601237769970738,0,0
katyannamoura,2520460073675937526,0,0
katyannamoura,2517637233569114209,0,0
arzmarketonline,2615371643452128120,0,0
arzmarketonline,2613304527055907784,0,0
arzmarketonline,2607368034080533809,0,0
arzmarketonline,2602395400100290458,0,0
arzmarketonline,2600820307817437145,0,0
arzmarketonline,2595805218932645158,0,0
arzmarketonline,2591628720667445252,0,0
arzmarketonline,2590856604951133177,0,0
arzmarketonline,2587229844900432500,0,0
arzmarketonline,2583578670762663089,0,0
arzmarketonline,2582914211421615384,0,0
arzmarketonline,2582046981909507842,0,0
schwey.dev,2692957359144667888,0,0
schwey.dev,2669761711015309701,0,0
schwey.dev,2668288612780693194,0,0
schwey.dev,2663107081288038171,0,0
schwey.dev,2657437288149816433,0,0
schwey.dev,2656919583160298738,0,0
schwey.dev,2656894878105741740,0,0
schwey.dev,2654557769143587051,0,0
schwey.dev,2653943326567255101,0,0
schwey.dev,2652601868996251588,0,0
schwey.dev,2652252661017845842,0,0
schwey.dev,2651884351256449539,0,0
__programming_mind___,2682255425185608311,0,0
__programming_mind___,2682254911366583838,0,0
__programming_mind___,2680532742231481899,0,0
__programming_mind___,2680532243402874217,0,0
__programming_mind___,2658783605720136195,0,0
__programming_mind___,2639999410919243700,0,1
__programming_mind___,2635740575555722486,0,0
__programming_mind___,2620988744321039149,0,0
__programming_mind___,2619097191172295487,0,0
__programming_mind___,2605948042108624198,0,0
__programming_mind___,2605284668941946479,0,0
__programming_mind___,2605283399275665684,0,0
appzcoder,2694547090044146381,0,1
appzcoder,2692752570324481005,0,1
appzcoder,2688326078585526951,0,0
appzcoder,2687493000408232700,0,1
appzcoder,2684682865868551802,0,0
appzcoder,2683918163719238444,0,1
appzcoder,2682965910628664935,0,0
appzcoder,2681631417523372339,0,0
appzcoder,2679609727355026033,0,0
appzcoder,2677912476773531816,0,0
appzcoder,2676721312320051277,0,0
appzcoder,2674188769790551561,0,0
mujs.dev,2695324889083466169,0,0
mujs.dev,2667730010643963273,0,0
mujs.dev,2651105823062221786,0,0
mujs.dev,2649565695598194356,0,0
mujs.dev,2646032124969653720,0,0
mujs.dev,2642408270936136220,0,0
mujs.dev,2641592955982806097,0,0
mujs.dev,2640958565464320040,0,0
mujs.dev,2639509135780473984,0,0
mujs.dev,2634435844419860157,0,0
mujs.dev,2632261602404015997,0,0
mujs.dev,2630721081519159986,0,0
rich.miller.wimmer,2686491630469183122,0,0
rich.miller.wimmer,2680933298157364643,0,0
rich.miller.wimmer,2680051930678194538,0,0
rich.miller.wimmer,2677418113295653360,0,0
rich.miller.wimmer,2675800541954572692,0,1
rich.miller.wimmer,2669119001248865501,0,0
rich.miller.wimmer,2657561631171492359,0,0
rich.miller.wimmer,2593800693824221614,0,0
rich.miller.wimmer,2578707354573655817,0,0
rich.miller.wimmer,2575221979704425708,0,0
rich.miller.wimmer,2514157890358291124,0,0
rich.miller.wimmer,2512931760678678377,0,0
theappidea,2581511005373724574,0,0
theappidea,2576428335890521748,0,0
theappidea,2574258763376628459,0,0
theappidea,2571934932800682127,0,1
theappidea,2568446781260074754,0,0
theappidea,2566895420601209281,0,0
theappidea,2565470790569120859,0,0
theappidea,2563968736604330227,0,0
theappidea,2563276086758727458,0,0
theappidea,2562605882471053140,0,0
theappidea,2562052154626741615,0,0
theappidea,2556059416436863842,0,0
danita.codes,2694467806944468294,0,0
danita.codes,2693827254951391401,0,0
danita.codes,2685139917429178572,0,0
danita.codes,2682153420199415201,0,0
danita.codes,2676482486043038860,0,0
danita.codes,2675038179547246870,0,0
danita.codes,2673922476865923702,0,0
danita.codes,2666670320377601291,0,0
danita.codes,2657997321646377943,0,0
danita.codes,2656533036432978340,0,0
danita.codes,2653241623392495227,0,0
danita.codes,2650040358849532585,0,0
future_of_dev,2693911485096271882,0,0
future_of_dev,2693222991571088081,0,0
future_of_dev,2690342802180769286,0,0
future_of_dev,2678534464263336182,0,0
future_of_dev,2675828574333817657,0,1
future_of_dev,2672921033400620662,0,1
future_of_dev,2667731632396235485,0,0
future_of_dev,2661878673657601039,0,0
future_of_dev,2639408721633946840,0,0
future_of_dev,2631378997678496950,0,1
future_of_dev,2621295686306235385,0,0
future_of_dev,2621293593256399035,0,0
boterhamje,2662463302930048390,0,0
boterhamje,2639282456383457149,0,0
boterhamje,2623395504593515185,0,1
boterhamje,2619041822150113943,0,0
boterhamje,2611149364804291190,0,0
boterhamje,2595446085235723830,0,0
boterhamje,2589977166995711527,0,0
boterhamje,2586313666351987874,0,0
boterhamje,2585612441243355859,0,0
boterhamje,2584200273872717607,0,1
boterhamje,2581169635980488285,0,1
boterhamje,2578858749681103647,0,0
snv_yang,2696122172870623393,0,0
snv_yang,2683444832080367179,0,1
snv_yang,2680762667569803927,0,0
snv_yang,2662513347500618410,0,0
snv_yang,2660498613006417371,0,0
snv_yang,2655842888975993790,0,0
snv_yang,2653845290115320266,0,0
snv_yang,2651769982419583028,0,0
snv_yang,2646679967519848425,0,0
snv_yang,2633441003719160682,0,0
snv_yang,2630689931103616299,0,1
snv_yang,2629084422307272341,0,0
kompiledstore,2640933653513580416,0,0
kompiledstore,2622773990679102820,0,0
kompiledstore,2622273840344749852,0,0
kompiledstore,2622105947917275385,0,0
kompiledstore,2613320806751437555,0,0
kompiledstore,2611856152128695638,0,0
kompiledstore,2609010370979795776,0,0
kompiledstore,2607550398668331978,0,0
kompiledstore,2607033563787148582,0,0
kompiledstore,2605520737071338139,0,0
kompiledstore,2602499151191961592,0,0
kompiledstore,2601621834202836488,0,0
pritampaul.i,2689185771654908296,0,0
pritampaul.i,2686901437078069756,0,0
pritampaul.i,2685558193866030164,0,0
pritampaul.i,2684836012773156868,0,0
pritampaul.i,2681961571819079535,0,0
pritampaul.i,2681106455725558721,0,0
pritampaul.i,2680378496089760509,0,0
pritampaul.i,2679914362395066807,0,0
pritampaul.i,2668916233843596675,0,0
pritampaul.i,2668811777193841271,0,0
pritampaul.i,2668135907936497499,0,0
developers_turkiye,2535775228803178574,0,0
developers_turkiye,2533717718948801023,0,0
developers_turkiye,2532132317880391088,0,0
developers_turkiye,2531276877667964372,0,0
developers_turkiye,2529198045808048058,0,0
developers_turkiye,2528507714584112115,0,0
developers_turkiye,2527837809383794728,0,0
developers_turkiye,2527676900589930183,0,0
developers_turkiye,2527220851097369403,0,0
developers_turkiye,2526904302293534745,0,0
developers_turkiye,2526429359439520807,0,0
developers_turkiye,2526283357126507581,0,0
letmecode.it,2668862856184830934,0,0
letmecode.it,2648160621900389542,0,0
letmecode.it,2647339350711172515,0,0
letmecode.it,2646712532178797192,0,0
letmecode.it,2645982551257603962,0,0
letmecode.it,2645264930329583192,0,0
letmecode.it,2644444629609430921,0,0
letmecode.it,2643810336340462131,0,0
letmecode.it,2643093585629890875,0,0
letmecode.it,2642365865195306687,0,0
letmecode.it,2637942899652679417,0,0
letmecode.it,2637201673743605915,0,0
software_journey1,2697466570145520751,0,0
software_journey1,2696769930015138482,0,0
software_journey1,2696019433335390392,0,1
software_journey1,2695272000947804279,0,0
software_journey1,2694548279740162450,0,0
software_journey1,2693850144281020974,0,0
software_journey1,2693111349071950868,0,0
software_journey1,2692407720845432664,0,0
software_journey1,2691639004546005155,0,0
software_journey1,2690914622156593348,0,0
software_journey1,2690194911475459856,0,0
software_journey1,2689478699011520404,0,0
thewebdevgirl,2543036543096767279,0,0
thewebdevgirl,2537863376151821464,0,0
lukaszflorczak,2696092282307998711,0,0
lukaszflorczak,2696084194389454656,0,0
lukaszflorczak,2569940251774984753,0,0
lukaszflorczak,2568929289026455869,0,0
lukaszflorczak,2568506376607585811,0,0
lukaszflorczak,2446503330522821204,0,0
lukaszflorczak,2446425915498878501,0,0
lukaszflorczak,2343775140939990989,0,0
lukaszflorczak,2343692971739496543,0,0
lukaszflorczak,2326417910661913926,1,0
lukaszflorczak,2293036115551897501,0,0
lukaszflorczak,2284824894952523083,0,0
leannecodes,2637507514413775482,0,0
leannecodes,2566257340286409791,0,0
leannecodes,2554694905997984113,0,0
leannecodes,2548793551545508576,0,0
leannecodes,2545059037803623522,0,0
leannecodes,2540248444037931908,0,0
leannecodes,2539238070287131309,0,0
mrdanishsaleem,2697383352236865434,0,0
mrdanishsaleem,2697273956188420965,0,0
mrdanishsaleem,2695275589083931478,0,0
mrdanishsaleem,2695271607028487712,0,0
mrdanishsaleem,2695271146326190655,0,0
mrdanishsaleem,2694408268312281591,0,0
mrdanishsaleem,2694398572868345281,0,0
mrdanishsaleem,2693622119308542265,0,0
mrdanishsaleem,2693621693821691887,0,0
mrdanishsaleem,2693621305798180827,0,0
mrdanishsaleem,2575566649556933341,0,0
codebloodedmama,2581111357668469981,0,0
codebloodedmama,2577443621658487876,0,0
codebloodedmama,2568660069085237930,0,0
codebloodedmama,2563530196913343733,0,0
codebloodedmama,2558459305950981269,0,0
codebloodedmama,2557877310065950293,0,0
codebloodedmama,2557146774909427773,0,0
codebloodedmama,2554779424939678159,0,0
codebloodedmama,2554172502632962755,0,1
codebloodedmama,2553351294953908246,0,0
codebloodedmama,2551116772057254896,0,0
codebloodedmama,2550300172131382020,0,0
codingforfuture,2553306552737944620,0,0
codingforfuture,2553303651973890648,0,0
codingforfuture,2551131921264347783,0,0
codingforfuture,2549527490001274043,0,0
codingforfuture,2549401985511869353,0,0
codingforfuture,2548952553842771077,0,0
codingforfuture,2548866466306608509,0,0
codingforfuture,2548863049316369484,0,0
codingforfuture,2548758684085591896,0,0
codingforfuture,2548721522200013562,0,0
javascript_magic77,2580004840193919436,0,0
javascript_magic77,2576388797226886709,0,0
javascript_magic77,2572074018220657071,0,0
javascript_magic77,2571419967799747113,0,0
javascript_magic77,2569862573357554463,0,0
javascript_magic77,2569242970612924730,0,0
javascript_magic77,2567758089789876559,0,0
javascript_magic77,2567428960698983922,0,0
javascript_magic77,2567086731505455001,0,0
javascript_magic77,2566906898507016018,0,0
javascript_magic77,2566276626728074185,0,0
javascript_magic77,2565577224346550356,0,0
devteacher,2692820435302831327,0,0
devteacher,2688722356913859524,0,1
devteacher,2677670946214740345,0,1
devteacher,2677080703455279261,0,1
devteacher,2584993439422660772,0,1
devteacher,2569962402987423229,0,0
devteacher,2568460276453044437,0,0
devteacher,2568459176418292250,0,1
devteacher,2568237654666481392,0,0
devteacher,2564692724463490347,0,0
devteacher,2564691942150362045,0,0
devteacher,2564627693390787716,0,0
coders_.world,2654563152717836607,0,0
coders_.world,2652959353955816399,0,0
coders_.world,2652205576667102052,0,0
coders_.world,2652196482938379181,0,0
coders_.world,2650840765707039796,0,0
coders_.world,2650387968845800209,0,0
coders_.world,2648007931048934828,0,0
coders_.world,2646053540522830422,0,1
coders_.world,2643772446667537671,0,0
coders_.world,2642841349036076711,1,1
coders_.world,2641530519304550171,0,1
coders_.world,2638636774990540275,0,0
developernick1,2691572164276426731,0,0
developernick1,2687287094130277239,0,0
developernick1,2683706739699771032,0,0
developernick1,2679991085318596925,0,0
developernick1,2676443309809054470,0,0
developernick1,2674269171409414244,0,0
developernick1,2671293691559354879,0,0
developernick1,2669058920401749089,0,0
developernick1,2667674318565891596,0,0
developernick1,2664740566897555320,0,0
developernick1,2664076148880761906,0,0
developernick1,2662643564114483001,0,0
hshah.codes_,2679014162694323622,0,1
hshah.codes_,2678703996716546801,0,0
hshah.codes_,2677978200116886898,0,0
hshah.codes_,2677679830431970299,1,1
hshah.codes_,2676852034063389627,0,1
hshah.codes_,2674908040546967782,0,1
hshah.codes_,2674770457946096437,0,0
hshah.codes_,2674171457774514172,0,1
hshah.codes_,2673506375797689891,0,1
hshah.codes_,2673463843869927357,0,0
hshah.codes_,2672968891483209461,0,0
hshah.codes_,2672644488193251482,0,1
pythoncadeh.py56,2556872556690932896,0,0
pythoncadeh.py56,2555822322246344116,0,0
pythoncadeh.py56,2555054884848170360,0,0
pythoncadeh.py56,2553154304961732547,0,0
pythoncadeh.py56,2552359254606527209,0,0
pythoncadeh.py56,2550810574426616207,0,0
pythoncadeh.py56,2550777183798823211,0,0
pythoncadeh.py56,2550106204923824457,0,0
pythoncadeh.py56,2549596749736890404,0,0
pythoncadeh.py56,2547884123021474226,0,0
pythoncadeh.py56,2546669161867417628,0,0
pythoncadeh.py56,2546049922232130197,0,0
tech_with_uma,2679302802027480739,0,0
tech_with_uma,2621858197955082695,0,1
tech_with_uma,2617597536433560942,0,1
tech_with_uma,2616910133605326330,0,0
tech_with_uma,2615424275868114544,0,1
tech_with_uma,2614746155428878669,0,0
tech_with_uma,2611698574492533002,0,0
tech_with_uma,2611067252946775139,0,0
tech_with_uma,2606554151299878860,0,0
tech_with_uma,2603869459025032433,0,0
tech_with_uma,2603011271281252273,0,1
tech_with_uma,2602419647530105397,0,0
queropaponerd,2689400739149641943,0,0
queropaponerd,2678211070685247947,0,0
queropaponerd,2662954083886292931,0,0
queropaponerd,2662042658371655379,0,0
queropaponerd,2652828086468195648,0,0
queropaponerd,2644141852914551493,0,0
queropaponerd,2625059702077339509,0,0
queropaponerd,2624394620880265681,0,0
queropaponerd,2623560573608830569,0,0
queropaponerd,2623457550418421728,0,0
queropaponerd,2622242969335366223,0,0
queropaponerd,2614806194993652295,0,0
nek97,2681507403600735252,0,0
nek97,2681507320083709809,0,0
nek97,2681507229226627809,0,0
nek97,2681507147404195767,0,0
nek97,2681507064021372432,0,0
nek97,2681506958912180119,0,0
nek97,2681489739934334731,0,0
nek97,2640274926695400129,0,0
nek97,2623212825205773005,0,0
nek97,2446112651756576975,0,0
nek97,2364021796263152388,0,0
nek97,2353285386384169045,0,0
timale_17,2594104829056197160,1,0
timale_17,2593520204894254407,1,1
timale_17,2592630345518408959,1,0
timale_17,2579174605256501943,1,0
timale_17,2574254365313620958,1,1
timale_17,2572607511207503135,1,0
timale_17,2567487339698096481,1,1
timale_17,2566864923414464456,1,0
timale_17,2566081097964519505,1,0
timale_17,2563076441705336147,1,1
timale_17,2560783277934042006,1,0
timale_17,2559805488338654145,1,0
sergey.developer,2643972398408560351,0,0
sergey.developer,2642632431148805074,0,0
sergey.developer,2586891534570803983,0,0
sergey.developer,2579725147897326622,0,0
sergey.developer,2576042047244978283,0,1
sergey.developer,2571725786910407329,0,0
sergey.developer,2568137113606622221,0,1
sergey.developer,2567988242297402965,0,0
sergey.developer,2566516802524033892,0,0
sergey.developer,2565955507173266408,0,1
sergey.developer,2564920229356761403,0,1
sergey.developer,2564513979817045236,0,0
programming_24hours,2675970372092117218,0,1
programming_24hours,2675472463680432003,0,1
programming_24hours,2674593711427644229,0,1
programming_24hours,2673135036607333774,0,1
programming_24hours,2673133096112749379,0,0
programming_24hours,2672450141968954385,1,1
programming_24hours,2672446382498270861,0,0
programming_24hours,2661523211040525089,0,1
programming_24hours,2661110479985209555,0,0
programming_24hours,2660851785958204922,1,1
programming_24hours,2655246728709511180,0,0
programming_24hours,2655077591627967066,0,0
learn_2code,2672401985565001195,0,1
learn_2code,2670540610962063216,0,0
learn_2code,2669839014925994212,0,0
learn_2code,2667399255465262083,1,1
learn_2code,2665592793908223827,0,0
learn_2code,2661242046109073719,0,0
learn_2code,2648780484097895726,0,0
learn_2code,2643487244088039354,0,0
learn_2code,2642739628937237444,0,0
learn_2code,2640602357765114186,0,1
learn_2code,2640175435709023695,0,0
learn_2code,2639455825229602788,0,0
jay.coding,2685577909318432315,0,0
jay.coding,2685575629663656255,0,0
jay.coding,2685573845155136078,0,0
jay.coding,2685573504066063244,0,0
jay.coding,2678712136766692125,0,0
jay.coding,2611302374732232429,0,0
jay.coding,2611297742568221509,0,0
jay.coding,2609653719289837629,0,0
jay.coding,2609651898710354492,0,0
jay.coding,2608907423323114547,0,0
jay.coding,2608215455739878028,0,0
jay.coding,2607479748343658853,0,0
programming_.world,2692352800628972189,0,0
programming_.world,2690244912250883386,0,0
programming_.world,2689552499173845730,0,0
programming_.world,2688584868175423973,0,0
programming_.world,2687993635483795136,0,1
programming_.world,2683097306051693046,0,0
programming_.world,2682234303240718214,0,0
programming_.world,2680004653128056521,0,0
programming_.world,2678643596043097578,0,0
programming_.world,2666801580849809229,0,0
programming_.world,2666195780855134900,0,0
programming_.world,2665543282142873544,0,0
the.girl.coder,2695000903945049942,1,0
the.girl.coder,2691587717192813444,0,0
the.girl.coder,2672488038001846539,0,0
the.girl.coder,2661659221406553134,0,0
the.girl.coder,2660123544265236357,0,0
the.girl.coder,2653194109788263069,0,0
the.girl.coder,2650763579793626484,0,1
the.girl.coder,2650064596606892680,0,0
the.girl.coder,2645712813159788246,0,0
the.girl.coder,2643464972233209934,1,1
the.girl.coder,2640638845953269291,1,1
the.girl.coder,2639313287361381547,0,1
w2_datascience,2669869726079350365,0,0
w2_datascience,2669154030806524070,0,0
w2_datascience,2663326967156683074,0,0
w2_datascience,2657525405066817825,0,0
w2_datascience,2656791544599029518,0,0
w2_datascience,2651696892694819152,0,0
w2_datascience,2646620927958618934,0,0
w2_datascience,2645927937997000232,0,0
w2_datascience,2637960335458781814,0,0
w2_datascience,2637240820626201307,0,0
w2_datascience,2636235337719152175,0,0
w2_datascience,2631457723003555927,0,0
codeshr,2600183646032505861,0,0
codeshr,2593610515037878089,0,0
codeshr,2592879403818890589,0,0
codeshr,2592742014593024800,0,0
codeshr,2591651616256745545,0,0
codeshr,2591648836079086126,0,0
codeshr,2591545730363659299,0,0
codeshr,2589224325999496361,0,0
codeshr,2588753312497803759,0,0
codeshr,2588698322597251313,0,0
codeshr,2587809415093300364,0,1
codeshr,2587785698896423578,0,0
techytutorial,2630595943141780151,0,0
techytutorial,2583512307815219025,0,0
techytutorial,2581413088065431452,0,0
techytutorial,2580733052370980782,0,0
techytutorial,2579883648525098890,0,0
tech_hyped.tm,2672552075061024794,0,0
tech_hyped.tm,2664105552571441405,0,0
tech_hyped.tm,2661885290024280093,0,0
tech_hyped.tm,2656798536187702858,0,0
tech_hyped.tm,2648110469978990646,0,0
tech_hyped.tm,2639401002890299644,0,0
tech_hyped.tm,2636441943656446206,0,0
tech_hyped.tm,2632963579248795305,0,0
tech_hyped.tm,2631395315964139534,0,0
tech_hyped.tm,2628498593592171511,0,0
tech_hyped.tm,2626351610064728842,0,0
tech_hyped.tm,2624254832188142838,0,0
_codecreations,2607380265702510061,0,1
_codecreations,2592105476389483698,0,1
_codecreations,2586610794184490033,0,0
_codecreations,2583479813189556279,0,0
_codecreations,2579195248413472749,0,0
_codecreations,2576930405371191409,0,0
_codecreations,2571268793910036727,0,1
_codecreations,2570663117655393263,0,0
_codecreations,2568218433931913494,0,0
_codecreations,2567520806101738717,0,0
its__official__hacker_07,2691771667554223805,0,0
its__official__hacker_07,2610202921122701406,0,0
its__official__hacker_07,2606762670479956886,0,0
its__official__hacker_07,2606711459076807037,0,0
its__official__hacker_07,2606492736910821751,0,0
its__official__hacker_07,2606040136386292051,0,0
its__official__hacker_07,2605747735666914019,0,0
its__official__hacker_07,2604809098607528919,0,0
its__official__hacker_07,2599531613108055848,0,0
its__official__hacker_07,2598931143872227451,0,0
its__official__hacker_07,2597104591480099837,0,0
its__official__hacker_07,2596734009286716377,0,0
xadrez_em_voga,2627502408096098213,0,0
xadrez_em_voga,2609372725718237654,0,0
xadrez_em_voga,2598940392638160222,0,0
xadrez_em_voga,2598583158169863150,0,0
xadrez_em_voga,2598563781936619634,0,0
xadrez_em_voga,2598550992245466951,0,0
xadrez_em_voga,2598536461028707899,0,0
xadrez_em_voga,2598526936955536984,0,0
xadrez_em_voga,2597113658891291691,0,0
xadrez_em_voga,2591268472550150282,0,0
xadrez_em_voga,2591200122549614819,0,0
xadrez_em_voga,2589765946902350173,0,0
webcoderofficial,2694495797295150370,0,0
webcoderofficial,2687700726977469518,0,0
webcoderofficial,2680061932916795673,0,0
webcoderofficial,2676875461951186301,0,0
webcoderofficial,2674134787686194206,0,0
webcoderofficial,2672034502138525207,0,0
webcoderofficial,2669183016559743712,0,0
webcoderofficial,2666679356047120725,0,0
webcoderofficial,2664832199052635131,0,0
webcoderofficial,2662546409462440680,0,0
webcoderofficial,2659390947666462052,0,0
webcoderofficial,2656890548409600499,0,0
ersinaksarcoder,2638130563645786839,0,0
ersinaksarcoder,2619029225741774107,0,0
ersinaksarcoder,2618256844458915976,0,0
ersinaksarcoder,2610590926387988655,0,0
ersinaksarcoder,2595066206450673065,0,0
ersinaksarcoder,2594291859834513772,0,0
ersinaksarcoder,2589196128970613210,0,0
ersinaksarcoder,2577350501760603484,0,0
illegalcodingmemes,2688008959861802124,0,0
illegalcodingmemes,2687948280647658780,0,0
illegalcodingmemes,2687888266005209148,0,0
illegalcodingmemes,2687827365422539995,0,0
illegalcodingmemes,2687767020923052669,0,0
illegalcodingmemes,2687706678108902194,0,0
illegalcodingmemes,2687646409199240572,0,0
illegalcodingmemes,2687585789300210208,0,0
illegalcodingmemes,2687525453675116047,0,0
illegalcodingmemes,2687465257401609490,0,0
illegalcodingmemes,2687428398244089598,0,0
illegalcodingmemes,2687404612346042621,0,0
sarcastic._.coder,2687386369898333833,0,0
sarcastic._.coder,2687386263992210877,0,0
sarcastic._.coder,2674342993850766451,0,0
sarcastic._.coder,2668912519763431542,1,0
sarcastic._.coder,2668912423957065305,0,0
sarcastic._.coder,2666439535692575212,0,0
sarcastic._.coder,2666437217819535937,0,0
sarcastic._.coder,2663557765779288728,0,0
sarcastic._.coder,2663557651769848820,0,0
sarcastic._.coder,2660625492495223099,0,0
sarcastic._.coder,2659938561373222852,0,0
sarcastic._.coder,2659122127583871438,0,0
lovelacecoding,2688852010677160387,0,0
lovelacecoding,2657790993923637150,0,0
lovelacecoding,2642330026678991249,0,0
lovelacecoding,2619062158223020389,0,0
lovelacecoding,2616018509071585300,0,0
lovelacecoding,2613349952676179294,0,0
lovelacecoding,2611348501028448318,0,0
lovelacecoding,2610460809831066134,0,0
lovelacecoding,2609557741609788629,0,0
lovelacecoding,2606145881036851955,0,0
lovelacecoding,2604615407886109657,0,0
lovelacecoding,2602498456053263684,0,0
stefans.dev,2701199754796270440,0,0
stefans.dev,2693764808809803271,0,0
stefans.dev,2680808679788037626,0,1
stefans.dev,2671874098631727409,0,0
stefans.dev,2669872648838659407,0,0
stefans.dev,2667663195179504672,0,0
stefans.dev,2667132757473389073,0,1
stefans.dev,2665620090141131494,0,0
stefans.dev,2665015304514323929,0,0
stefans.dev,2664106669848146572,0,1
stefans.dev,2609232757339906619,0,0
stefans.dev,2599642419151385328,0,0
davone98,2468556512971549730,0,0
davone98,2371348180805104061,0,0
davone98,2237833755251206094,1,0
davone98,2216831400288456694,0,0
davone98,2114963172998899232,0,0
davone98,2105407036968859629,0,0
davone98,2009859210193710926,0,0
davone98,1922855233648582891,0,0
davone98,1779881829258453704,0,0
davone98,1716923927114918867,0,0
davone98,1685163499590639829,0,0
davone98,1493674442840035539,0,0
typecodr,2670361209136876252,0,0
typecodr,2666206736034335807,0,0
typecodr,2658032249334015423,0,0
typecodr,2653143837212764722,0,0
typecodr,2652864688606873747,0,0
typecodr,2652526934835380596,0,0
typecodr,2651535014882570841,0,0
typecodr,2649310208980245757,0,0
typecodr,2648116401144228519,0,0
typecodr,2647308820129672713,0,0
typecodr,2646959323640767786,0,0
typecodr,2646360551983517033,0,0
mardos1,2619278706072772428,0,0
mardos1,2614571421614269628,0,0
mardos1,2605857535163768473,0,0
mardos1,2604810368935539698,0,1
mardos1,2603677954587540292,0,0
mardos1,2601037283502339054,0,0
mardos1,2600174743608304619,0,0
mardos1,2598863172928003102,0,0
mardos1,2598144305729542812,0,0
mardos1,2596794914028641552,0,0
rails.07,2633520595635841054,0,1
rails.07,2622150870045603402,0,0
rails.07,2619259482861850204,0,0
rails.07,2613846993101801752,0,0
rails.07,2613204230299487050,0,0
rails.07,2612558353335718568,0,0
rails.07,2612310337588680339,0,0
rails.07,2609590555479366164,0,0
rails.07,2606794891858994289,0,1
rails.07,2605455469532081129,0,0
rails.07,2604432556196516048,0,0
rails.07,2598144978703022926,0,0
theidledev,2660378761169805086,0,1
theidledev,2660359636419707455,0,0
theidledev,2657588829116249602,0,1
theidledev,2656643020309891603,0,0
theidledev,2656233447949226131,0,1
theidledev,2622908184558076751,0,0
theidledev,2612007406515601317,0,0
theidledev,2608441553085969021,0,0
theidledev,2606269233806213095,0,0
theidledev,2605284188367060446,0,0
theidledev,2602540545381621269,0,1
theidledev,2601141016338032159,0,0
learn_ai_stack_,2639478152314012303,0,0
learn_ai_stack_,2637928582991468993,0,0
learn_ai_stack_,2637328332211151031,0,0
learn_ai_stack_,2637207037654934488,0,0
learn_ai_stack_,2636296905186256615,0,0
learn_ai_stack_,2635761765884153948,0,0
learn_ai_stack_,2633715465474467021,0,0
learn_ai_stack_,2632863491476990687,0,0
learn_ai_stack_,2632142125689420039,0,0
learn_ai_stack_,2631354554994606843,0,0
learn_ai_stack_,2630717283853766911,0,0
learn_ai_stack_,2629773407705896235,1,0
programmer.no.1,2634442808060881425,0,0
programmer.no.1,2634080259100528734,0,0
programmer.no.1,2634076042744452988,0,1
programmer.no.1,2626952295497940338,0,0
programmer.no.1,2626317740604830119,0,1
programmer.no.1,2610202381984243602,0,0
programmer.no.1,2610132298335510502,1,0
programmer.no.1,2608717608459865830,0,1
programmer.no.1,2603647340896907578,0,0
programmer.no.1,2600667405991333911,0,0
programmer.no.1,2600397369670126140,0,0
programmer.no.1,2599516669823724027,0,0
aase_chintankhetiya,2630628151562967998,0,0
aase_chintankhetiya,2628336316614327340,0,0
aase_chintankhetiya,2601103069698581622,0,0
aase_chintankhetiya,2600283504768928934,0,0
aase_chintankhetiya,2600182125135983202,0,0
aase_chintankhetiya,2598548279537835538,0,0
aase_chintankhetiya,2596021722310443997,0,0
aase_chintankhetiya,2594431547881574129,0,0
aase_chintankhetiya,2590956491855721624,0,0
aase_chintankhetiya,2585856040462344803,0,1
aase_chintankhetiya,2585761537835662664,0,0
aase_chintankhetiya,2584893249790270173,0,0
pk_pacheco_dev,2664848814594324472,0,1
pk_pacheco_dev,2656744694610728846,0,0
pk_pacheco_dev,2643058984360044247,0,0
pk_pacheco_dev,2642253842615624703,0,0
pk_pacheco_dev,2601810022540020589,0,0
pk_pacheco_dev,2598118752491760114,0,0
pk_pacheco_dev,2596114523895907164,0,0
pk_pacheco_dev,2593847503842321217,0,0
pk_pacheco_dev,2593244377337933584,0,0
pk_pacheco_dev,2593217156414873361,0,0
pk_pacheco_dev,2593017476145893117,0,0
pk_pacheco_dev,2592321840357626208,0,0
data.petr,2632891039212328442,1,0
data.petr,2631230103426547877,1,0
data.petr,2629307183427048648,1,0
iamknotinsane,2686765907668105827,0,0
iamknotinsane,2663711770785301275,0,0
iamknotinsane,2663073235145081894,0,0
iamknotinsane,2641320445528083078,0,0
iamknotinsane,2633973117746003463,0,0
iamknotinsane,2632623824032459901,0,0
iamknotinsane,2632460509436062791,0,0
iamknotinsane,2630905492644089940,0,0
iamknotinsane,2630892198176829857,0,0
iamknotinsane,2630239346362303153,0,0
iamknotinsane,2621280283168954845,0,0
iamknotinsane,2617174530676640363,0,0
devdointerior,2682135178901654127,0,0
devdointerior,2681491458598394199,0,0
devdointerior,2680043838906684142,0,0
devdointerior,2677800273694575076,0,0
devdointerior,2675803154520936101,0,0
devdointerior,2674513126212278282,0,0
devdointerior,2672768588670170334,0,0
devdointerior,2671331673085338582,0,0
devdointerior,2647595323623936279,0,0
devdointerior,2645289974466895614,0,0
devdointerior,2644051777331453399,0,0
devdointerior,2642970009965594295,0,0
otabek_0803,2670695989785845510,0,0
otabek_0803,2632091151767538495,0,0
otabek_0803,2632069006001156037,0,0
otabek_0803,2618133238158082426,0,0
otabek_0803,2612654960756502816,1,0
otabek_0803,2606952773313349569,0,0
otabek_0803,2598354546422079981,0,0
otabek_0803,2532413438758433363,0,0
otabek_0803,2524330074879157171,0,0
otabek_0803,2485872924549180125,1,0
otabek_0803,2446027787782477152,1,0
otabek_0803,2433605681069306256,1,0
david11yf29,2284205714464693300,0,0
david11yf29,2264768315896675851,1,0
david11yf29,2211849075846186559,0,0
david11yf29,1897993691572023356,1,0
david11yf29,1836441350528508619,1,0
david11yf29,1792958822719205263,0,0
david11yf29,1672995962165847212,0,0
david11yf29,1419404935744851119,1,1
david11yf29,1419402820171575891,0,0
david11yf29,1393890656979611162,0,0
david11yf29,1392704569926100816,0,0
david11yf29,1387889810991027172,0,0
carvingdezine,2577168430142794411,0,0
carvingdezine,2576498333833176143,0,0
carvingdezine,2337255356289467754,0,0
carvingdezine,2326159681757689595,0,1
carvingdezine,2269602830161732879,0,0
carvingdezine,2268271215623876563,0,0
carvingdezine,2138775133203112888,0,0
carvingdezine,2134951696105993687,0,0
carvingdezine,1729822371136026357,0,0
carvingdezine,1690556645489627907,0,0
carvingdezine,1690469866237553771,0,1
carvingdezine,1690436606379853251,0,0
learn.code_,2652405432299835982,0,0
learn.code_,2651533525316978370,0,0
learn.code_,2650279766876140282,0,0
learn.code_,2647338841010943532,0,0
learn.code_,2645800009747127206,0,0
learn.code_,2644205298908351541,0,0
learn.code_,2644200845144691328,0,0
learn.code_,2643758461911938762,0,0
learn.code_,2643173614025768990,0,0
learn.code_,2642333764276015071,0,0
learn.code_,2642091199765184385,0,0
learn.code_,2642044018164300933,0,0
chomaee2,2638348128490834334,0,0
chomaee2,2617986281097192856,0,0
chomaee2,2617972731960149234,0,0
chomaee2,2540404497766055702,0,0
chomaee2,2528065465786791240,0,0
chomaee2,2423628195193770156,0,0
chomaee2,2419133361972068954,0,0
chomaee2,2403504128822526478,0,0
chomaee2,2399900848619937166,0,0
chomaee2,2390956146893466088,0,0
chomaee2,2363581129206197623,0,0
chomaee2,2258567144413633043,0,0
younesalkhatib,2703912743571596755,0,0
younesalkhatib,2695933114865034399,0,0
younesalkhatib,2693020623520453917,0,0
younesalkhatib,2646882316088442155,0,0
younesalkhatib,2634519990127431168,0,0
younesalkhatib,2622905075986056434,0,0
younesalkhatib,2612077597306530167,0,0
younesalkhatib,2585193485010611997,0,0
younesalkhatib,2476351574885867913,0,0
younesalkhatib,2396008477002315807,0,0
younesalkhatib,2318603795758364959,0,0
younesalkhatib,2141743736133404096,0,0
bettysanchez7,2642511391397738236,0,0
bettysanchez7,2584500227675710774,0,0
bettysanchez7,2528825890969214469,0,0
bettysanchez7,2386154695149606746,0,0
bettysanchez7,2361173595671490631,0,0
bettysanchez7,2352535685145471948,0,0
bettysanchez7,2327169291516246284,0,0
bettysanchez7,2317677653915921884,0,0
bettysanchez7,2297647462560938207,0,0
bettysanchez7,2285168708794324886,0,0
bettysanchez7,2278188987288379618,0,0
bettysanchez7,2272928448563647842,0,0
iammilaad,2701158815783960861,1,0
iammilaad,2666838949632382493,0,1
iammilaad,2631706922474122352,0,1
iammilaad,2626265717337982116,0,0
iammilaad,2614778043129334369,0,0
iammilaad,2611179857630201463,0,0
iammilaad,2605675063424364373,0,1
iammilaad,2603863798148139186,0,0
iammilaad,2600845012979929552,0,0
iammilaad,2598798877012270992,0,0
iammilaad,2590259564070884084,1,0
iammilaad,2555630663910994381,1,0
adeolaharuna,2078010325996571757,1,0
adeolaharuna,1895191076036022947,1,0
adeolaharuna,1858304344291012603,1,0
adeolaharuna,1766088477881232939,1,0
adeolaharuna,1520487466246437567,0,0
adeolaharuna,1507960884227214150,0,0
adeolaharuna,1179617923757282060,0,0
adeolaharuna,1052014672707621000,0,0
adeolaharuna,880945188082324045,0,0
adeolaharuna,880939027832541673,0,0
adeolaharuna,880937480755122634,0,0
adeolaharuna,841298519657320613,0,0
alpha.coder,2416166315380336050,0,1
alpha.coder,2398757766123536247,0,0
alpha.coder,2398041882543402046,0,1
alpha.coder,2396711614679344598,0,1
alpha.coder,2381243345780480473,0,1
alpha.coder,2372521827189842144,0,0
alpha.coder,2369171377459694681,0,0
alpha.coder,2365382199555071785,0,0
alpha.coder,2362954963094804814,0,0
alpha.coder,2362384613483133029,0,0
alpha.coder,2361122606113064779,0,1
alpha.coder,2360273762122778422,0,1
rbarbosas,2623072300662260355,0,0
rbarbosas,2618698012475996397,0,0
rbarbosas,2501288651051582947,0,0
rbarbosas,2500509792337267306,0,0
rbarbosas,2431535136184214761,0,0
rbarbosas,2046842579464965555,0,0
rbarbosas,989195613585540170,0,0
rbarbosas,712280345141315015,0,0
wasfuernname,2617749722888732292,0,1
wasfuernname,2592806110607357135,0,0
wasfuernname,2590147274452069225,0,1
wasfuernname,2586545622915286758,0,0
wasfuernname,2586268719972470484,0,1
wasfuernname,2584428598990903233,0,0
wasfuernname,2582289707860364365,0,1
wasfuernname,2579881252881087595,0,1
wasfuernname,2577230483522880451,0,0
wasfuernname,2529149905519278740,0,0
wasfuernname,2523487672434159442,0,0
wasfuernname,2517928211874136976,0,0
danyer08,2668445535931631808,0,0
danyer08,2667033604028447589,0,0
danyer08,2650696198301066523,0,0
danyer08,2650694383434154387,0,0
danyer08,2618565857180643264,0,0
danyer08,2108361216473672414,0,0
danyer08,1841944432423017406,0,0
danyer08,1841916962634227964,0,0
danyer08,1794567744689460325,0,0
danyer08,1764265437422743162,0,0
danyer08,1720005461871109288,0,0
danyer08,1658347510819649244,0,0
sagarchoudhary96,2481310126800633648,1,0
sagarchoudhary96,2343522830704437463,1,0
sagarchoudhary96,2190505221835536174,1,0
sagarchoudhary96,2189071367094559308,1,0
sagarchoudhary96,2186905676216072463,1,0
sagarchoudhary96,2185648944475072546,1,0
sagarchoudhary96,2184979914416318235,1,0
sagarchoudhary96,2149853966046072310,1,0
sagarchoudhary96,2101781677564295782,1,0
sagarchoudhary96,1901811792214401511,1,0
sagarchoudhary96,1876255863230323558,1,0
sagarchoudhary96,1874783826565518495,1,0
davidbatun,2704339115389838967,0,1
davidbatun,2703359550516882825,0,1
davidbatun,2702255632621237900,0,1
davidbatun,2701433595809186198,0,1
davidbatun,2695623485871790662,0,1
davidbatun,2694863112117883734,0,0
davidbatun,2694206336387863461,0,1
davidbatun,2689097911270278175,0,1
davidbatun,2686760779869624479,0,0
davidbatun,2684090533395103693,0,1
davidbatun,2683950693622110839,0,1
davidbatun,2682293666249135213,0,1
luciano.webdev,2666334770596533780,0,0
luciano.webdev,2283176887696408120,0,1
luciano.webdev,2211358316540747194,0,0
luciano.webdev,2170910446713198967,0,0
luciano.webdev,2118612927371471590,0,0
luciano.webdev,2117854331364791200,0,0
luciano.webdev,2063451424280745576,0,0
luciano.webdev,2009519256022322365,0,0
luciano.webdev,1935728706719227368,0,0
luciano.webdev,1900369199235553989,0,0
luciano.webdev,1829213780786322618,0,0
luciano.webdev,1825764709883074068,0,0
derotsch,2330042528479726318,0,0
derotsch,2270593644137693734,0,0
derotsch,2258911002598076255,0,1
derotsch,2255152019638934692,0,0
derotsch,2249646232527266681,0,0
derotsch,2224904645264194800,0,0
derotsch,2224424969726863425,0,1
derotsch,2196810854657542752,0,1
derotsch,2185783970209575818,0,0
derotsch,2183372447164082027,0,0
derotsch,2181475504266171839,0,0
derotsch,2177754778031949241,0,0
majid_ahmadi_dev,1875574307040678674,1,0
majid_ahmadi_dev,1875574252455949947,0,0
majid_ahmadi_dev,1875574170239179864,0,0
majid_ahmadi_dev,1875574114303968379,0,0
majid_ahmadi_dev,1875573912297972973,0,0
majid_ahmadi_dev,1875573610954004161,0,0
majid_ahmadi_dev,1875572879660160286,0,0
majid_ahmadi_dev,1875572436297081419,0,0
majid_ahmadi_dev,1875571638943231671,0,0
majid_ahmadi_dev,1874084714705376827,0,0
majid_ahmadi_dev,1874063957229081320,0,0
majid_ahmadi_dev,1874052574198424203,0,0
satis_fy_,2448524479912298631,0,0
satis_fy_,1965213453539229349,0,0
satis_fy_,1763605900265140162,1,0
satis_fy_,1744296457605634393,0,0
satis_fy_,1388882438927942656,0,0
satis_fy_,1376812016250267296,0,0
satis_fy_,1372608740482919907,0,0
satis_fy_,1370380646665883204,0,1
satis_fy_,1362105974895439463,0,0
satis_fy_,1297869665342705346,1,0
satis_fy_,1288521552295503629,1,0
satis_fy_,1262259230344975467,1,1
mozafarfahimi,2386405196786781269,0,0
mozafarfahimi,2372556195377438610,0,0
mozafarfahimi,2355229950386102692,0,0
mozafarfahimi,2333604898464952356,0,0
mozafarfahimi,2332729463770374746,0,0
mozafarfahimi,2332652797630943297,0,0
mozafarfahimi,2325550280250067835,0,0
mozafarfahimi,2319847313379383090,0,0
mozafarfahimi,2313802080614937694,0,0
mozafarfahimi,2313314490736648169,0,1
mozafarfahimi,2307037581648317895,0,0
mozafarfahimi,2299754409747166588,0,0
dzimiks,2704869804890316424,0,0
dzimiks,2695869733075597780,0,0
dzimiks,2691007745899943191,0,0
dzimiks,2673593810737654964,0,0
dzimiks,2670637528535750898,0,0
dzimiks,2665448580901380780,0,0
dzimiks,2658415970144583933,0,0
dzimiks,2635107330637728245,0,0
dzimiks,2630114185613296886,0,0
dzimiks,2629412408022163100,0,0
dzimiks,2628694027950114911,0,0
dzimiks,2627869055371704066,0,0
aadhibangalan,2687632114949814009,0,0
aadhibangalan,2351177495086153133,0,0
aadhibangalan,2235753065397532112,0,0
aadhibangalan,2075798816245778785,0,0
aadhibangalan,1958061891951530368,1,0
aadhibangalan,1878930257139300497,0,0
aadhibangalan,1804216259232193789,0,0
aadhibangalan,1794264321053052093,0,0
aadhibangalan,1742022345134032865,0,0
aadhibangalan,1727340150654276726,0,0
aadhibangalan,1702218013207429412,0,0
aadhibangalan,1688245763408597263,0,0
novalkrnfds,2224390324246297609,0,1
novalkrnfds,2224225562287975356,0,1
novalkrnfds,1907935603972639797,0,0
novalkrnfds,1884832274950414122,0,0
novalkrnfds,1884515148448515561,0,1
novalkrnfds,1842792682642916014,0,0
novalkrnfds,1835255634141058215,1,1
novalkrnfds,1804746696670691785,0,0
novalkrnfds,1783121230091884705,1,1
novalkrnfds,1776802999491109774,0,0
novalkrnfds,1643195533337998427,0,0
novalkrnfds,1607170111013923340,0,0
sincerely.daria,2711279134884370480,0,0
sincerely.daria,2709895863952882264,0,0
sincerely.daria,2709174674511029949,0,0
sincerely.daria,2709088458033750104,0,0
sincerely.daria,2708936567672917308,0,0
sincerely.daria,2708413112166850216,0,0
sincerely.daria,2708234810399457447,0,0
sincerely.daria,2707686754520305580,0,0
sincerely.daria,2707665083994470485,0,0
sincerely.daria,2706824521724693244,0,0
sincerely.daria,2706238581868084710,0,0
sincerely.daria,2706170492124318526,0,0
codewithwaseem,2683369715795885814,0,0
codewithwaseem,2669788965443292558,0,0
codewithwaseem,2668979283116009619,0,0
codewithwaseem,2667652360922254122,0,0
codewithwaseem,2652473805427737370,0,0
codewithwaseem,2651767273283220266,0,1
codewithwaseem,2642687532097637311,0,0
codewithwaseem,2607666604888838270,0,0
codewithwaseem,2600756533139541216,0,0
codewithwaseem,2518803352511399732,0,0
codewithwaseem,2509358150226932797,0,0
codewithwaseem,2494890263693024263,0,0
gpowork,2659740854861882155,0,0
gpowork,2657352814299228752,0,0
gpowork,2648109190253939985,0,0
gpowork,2647340462791406498,0,0
gpowork,2647163138487326605,0,0
gpowork,2646048883637652186,0,0
gpowork,2638686157670522911,0,0
gpowork,2637955115984762335,0,0
gpowork,2637379999789874202,1,0
gpowork,2636380082807812529,0,0
gpowork,2635100951797773670,1,0
gpowork,2633377352017124164,0,1
germancode,2031456556285174581,0,0
germancode,2031455180520053928,0,0
germancode,1796776391279488786,0,0
germancode,1796776135150039677,0,0
germancode,1793126142438676277,0,0
germancode,1793125934350930849,0,0
germancode,1793125766209679006,0,0
germancode,1791501065930590362,0,0
germancode,1791500745108311937,0,0
germancode,1791500497459683608,0,0
germancode,1791500313740846885,0,0
germancode,1789899904748331017,0,0
bentritt,2673773841344705772,0,1
bentritt,2325185025677965169,0,1
bentritt,2323792232300608848,0,0
bentritt,2323096447019664267,0,1
bentritt,2322810671522409508,0,0
bentritt,2321684995264387015,0,1
bentritt,2319152930337624293,0,0
bentritt,2317062186445648835,0,0
bentritt,2313669126479264564,0,0
bentritt,2309211741563912952,0,0
bentritt,2304799527247597313,0,1
bentritt,2303528947382843187,0,1
divine_codez,2701043248916949087,0,1
divine_codez,2515757665735406740,0,0
divine_codez,2496060848357547798,0,0
divine_codez,2441052348250657843,0,0
divine_codez,2363103998864918057,0,1
divine_codez,2215559743536498667,0,0
divine_codez,1996888520553010032,0,0
divine_codez,1872103667878614456,0,0
divine_codez,1656271909506487624,0,0
divine_codez,1641218982626668239,0,0
divine_codez,1640558935433174131,0,0
divine_codez,1640112304342469030,0,0
the_lastcodebender,2681263299366023007,0,0
the_lastcodebender,2629126414905686965,0,0
the_lastcodebender,2620644988275328969,0,1
the_lastcodebender,2535299572307049582,0,0
the_lastcodebender,2477961715560536398,0,0
the_lastcodebender,2458357878612837357,0,0
the_lastcodebender,2437922937324467898,0,0
the_lastcodebender,2412816291313364075,0,0
the_lastcodebender,2400763958098281735,0,1
the_lastcodebender,2392525265327693349,0,0
the_lastcodebender,2380877937965611137,0,0
the_lastcodebender,2371449905551191022,0,0
hackers_world,1677753585311205234,0,1
hackers_world,1677745448613292876,0,0
iamkevinleenyc,2630775384486749025,0,0
iamkevinleenyc,2625723096965459954,0,0
iamkevinleenyc,2624248673481770228,0,0
iamkevinleenyc,2586891040509571442,0,0
iamkevinleenyc,2553240240849785064,0,0
iamkevinleenyc,2545589621704053472,0,0
iamkevinleenyc,2544199182706856756,0,0
iamkevinleenyc,2515674732030188073,0,0
iamkevinleenyc,2446045710917229301,0,1
iamkevinleenyc,2444872407053615111,0,0
iamkevinleenyc,2413495171537091262,0,0
iamkevinleenyc,2395995605724194545,0,0
a_visual_bliss,1555135778426086639,0,0
a_visual_bliss,1554541574398387845,0,0
a_visual_bliss,1552997270840238649,0,0
a_visual_bliss,1551080878603939766,0,0
a_visual_bliss,1548015377371815995,0,0
a_visual_bliss,1547336060916585867,0,0
a_visual_bliss,1545688690307069559,0,0
a_visual_bliss,1407451067280845563,0,0
a_visual_bliss,1338337298286497157,0,0
a_visual_bliss,1336565922022108453,0,0
a_visual_bliss,1331275379226450586,0,0
a_visual_bliss,1310212114589560685,0,0
feeeper,2482018042755600980,0,0
feeeper,2371358684642552099,1,0
feeeper,2218415471897161856,0,0
feeeper,2148667867020335292,0,0
feeeper,2115869337587373579,0,0
feeeper,1988007912202790584,1,0
feeeper,1953111176876790312,1,0
feeeper,1924298689948245714,0,0
feeeper,1798820765849445695,1,0
feeeper,1798501671942098735,1,0
feeeper,1796730656137231648,1,0
feeeper,1796551256083063250,0,1
coded_studios,2652912521346461273,0,0
coded_studios,2612294542377172482,0,1
coded_studios,2590667288648041560,0,0
coded_studios,2564423422597059143,0,0
coded_studios,2561331080713317630,0,0
coded_studios,2560681498694221308,0,0
coded_studios,2550155553453546939,0,0
coded_studios,2534141304688144448,0,0
coded_studios,2502514131627962318,0,0
coded_studios,2474023377847040011,0,0
coded_studios,2463837857678619093,0,0
coded_studios,2413165346796508373,0,0
manojlovic_c,2711194486085527089,0,0
manojlovic_c,2695332548856375325,0,0
manojlovic_c,2689535174024227081,0,0
manojlovic_c,2688078153437635916,0,0
manojlovic_c,2683173588296716441,0,0
manojlovic_c,2675702853756035407,0,0
manojlovic_c,2669883739904971958,0,1
manojlovic_c,2667572437069196123,0,1
manojlovic_c,2639507781824594418,0,0
manojlovic_c,2628196505152394390,0,0
manojlovic_c,2628166414108358542,0,0
manojlovic_c,2624387498862695250,0,0
vanegu1tas,2527480717445778278,0,0
vanegu1tas,2386710319650204601,0,0
vanegu1tas,2282856081992503137,0,0
vanegu1tas,2147491607186914291,0,0
vanegu1tas,2122704503135394078,0,0
vanegu1tas,2112581782795733677,0,0
vanegu1tas,2094730432301171582,0,0
vanegu1tas,2094006100025214835,0,0
vanegu1tas,2072665687431806500,0,0
vanegu1tas,2068679739626761826,0,0
vanegu1tas,2022234603758331595,0,0
vanegu1tas,1896212716222595869,0,0
chriss_japheth723,2660199324318038543,0,0
chriss_japheth723,2568014508850954231,0,0
chriss_japheth723,2549540295412803844,0,0
chriss_japheth723,2471758066234476058,0,0
chriss_japheth723,2470361231351818580,0,0
chriss_japheth723,2453636078483985072,0,0
chriss_japheth723,2401206905861951998,0,0
chriss_japheth723,2212544364813759862,0,0
chriss_japheth723,2197072823343044184,0,0
chriss_japheth723,2195661408706810529,0,0
chriss_japheth723,2194365559595326098,0,0
chriss_japheth723,2192758166214046819,0,0
benjaminthedev,2507713290008850044,0,0
benjaminthedev,2478692729731929886,0,0
benjaminthedev,2471078826743005160,0,0
benjaminthedev,2463978257339454283,0,0
benjaminthedev,2156834409943154266,0,0
benjaminthedev,2145868271700742349,0,0
benjaminthedev,2110409655959350359,0,0
benjaminthedev,2110179259694848235,0,0
benjaminthedev,2109471653187646733,0,0
benjaminthedev,2103623748988170864,0,0
benjaminthedev,2103153778751440588,0,0
benjaminthedev,2097436589826263529,0,0
bhdesignnyc,2320122112582452042,0,0
bhdesignnyc,2291214348565101279,0,0
bhdesignnyc,2217909399891055617,0,0
bhdesignnyc,2170713026645366986,0,0
bhdesignnyc,2145958322526916549,0,0
bhdesignnyc,2054668028808923786,0,0
bhdesignnyc,2028098898241214858,0,0
bhdesignnyc,1985180964108097651,0,0
bhdesignnyc,1927694844948759543,1,0
bhdesignnyc,1903286624700359217,0,0
bhdesignnyc,1870023726977121075,0,0
bhdesignnyc,1848203773282178314,0,0
saran_satz,1359119767500174851,1,0
saran_satz,1358848157996130739,1,0
saran_satz,1358247136907332831,0,0
saran_satz,1357921199707725447,0,0
saran_satz,1357774429879170399,1,0
saran_satz,1357154150047994700,0,0
saran_satz,1343939694103000137,1,0
saran_satz,1341949472595046178,0,0
saran_satz,1341383023048574212,0,0
saran_satz,1340848369430241152,0,0
saran_satz,1340760632400475727,0,0
saran_satz,1340039390613677803,1,0
alchi_sean,2673534829786407990,0,1
alchi_sean,2653355968851528518,0,1
alchi_sean,2652297578509646811,0,0
alchi_sean,2532310160524826942,0,0
alchi_sean,2490114655540884181,0,0
alchi_sean,2392351830899405930,0,0
alchi_sean,2345818923221644775,0,0
alchi_sean,2337712959394096265,0,0
alchi_sean,2322732433012785230,0,0
alchi_sean,2298192670205576537,0,0
alchi_sean,2244998744609774113,0,0
alchi_sean,2222676447259765089,0,0
jatin._.1812,2107101390385339943,0,0
jatin._.1812,1877497678952944927,0,1
jatin._.1812,1805538930130185089,0,0
jatin._.1812,1741548173540126931,0,0
jatin._.1812,1715105828250607027,0,0
jatin._.1812,1621713383341896506,0,0
jatin._.1812,1617393623716277593,0,0
jatin._.1812,1605852741103983673,0,0
jatin._.1812,1575516345571144940,0,0
jatin._.1812,1575510925221806629,0,0
jatin._.1812,1559227844143657294,0,0
jatin._.1812,1535771856589887404,0,0
kuklin_lunoxod,2706696224672838059,0,0
kuklin_lunoxod,2689243773057231964,0,0
kuklin_lunoxod,2684245307415522595,0,1
kuklin_lunoxod,2679355191711272624,0,1
kuklin_lunoxod,2678324464221216604,0,1
kuklin_lunoxod,2667828888087856886,0,0
kuklin_lunoxod,2652491471148188221,0,1
kuklin_lunoxod,2643197339212971453,0,0
kuklin_lunoxod,2643109390655778564,0,1
kuklin_lunoxod,2642978692804529308,0,1
kuklin_lunoxod,2550163317763288781,0,0
kuklin_lunoxod,2524816593792305686,0,1
luizmurilo97,2362590446353832822,0,0
luizmurilo97,2346611870865445323,0,0
luizmurilo97,2340428141948143209,0,0
luizmurilo97,2338206313095741953,0,0
luizmurilo97,2327442956013042574,0,0
luizmurilo97,2287949308087445037,0,0
luizmurilo97,2284262495560834440,0,0
luizmurilo97,2281671948622980040,0,0
luizmurilo97,1998386161455657879,0,1
luizmurilo97,1967864826166125057,0,0
luizmurilo97,1949794700271478905,0,0
luizmurilo97,1946706014025659846,0,0
pujolsluis,2664155863784450275,1,0
pujolsluis,2662938216363398903,1,0
pujolsluis,2662919300386157022,1,1
pujolsluis,2611980667452260291,0,0
pujolsluis,2610486562589039001,0,1
pujolsluis,2385400161058542454,0,0
pujolsluis,2382281495957737916,0,0
pujolsluis,2330719724715209233,0,0
pujolsluis,2219239389599711082,0,0
pujolsluis,2161184999801138895,0,0
pujolsluis,2161001115742433598,0,0
pujolsluis,2160999230125962343,0,0
luc_michalski,2656664681265115528,0,1
luc_michalski,2656273687935939356,0,1
luc_michalski,2466297261389117675,0,0
luc_michalski,2466293563631874186,0,0
luc_michalski,2466291005979216541,0,0
luc_michalski,1577821001425046433,0,0
luc_michalski,1349497327559477087,0,0
luc_michalski,1349494042261939424,0,0
luc_michalski,1316121761854966100,0,0
luc_michalski,1311706270813928142,0,0
luc_michalski,1303580735592249727,0,0
luc_michalski,1303123024392183315,0,1
emadhbasri,2625444003595929757,0,1
emadhbasri,2621757307855491291,0,1
emadhbasri,2620780144494831037,0,1
emadhbasri,2620778199000319796,0,1
emadhbasri,2386392380199888649,0,0
emadhbasri,2130575374143413494,0,0
emadhbasri,1945111371628739523,0,0
emadhbasri,1937239700632831010,0,0
emadhbasri,1639408363968047704,0,0
emadhbasri,1636581001878345684,0,0
emadhbasri,1629713885883720358,0,0
emadhbasri,1424166940855694705,1,0
seyid_miri,2295214559989979384,0,0
seyid_miri,2283445457696935938,0,1
seyid_miri,2243120491294447890,0,1
seyid_miri,2026408419640064150,0,0
seyid_miri,2003226658936653553,0,1
seyid_miri,2003128945293295997,0,1
seyid_miri,1996704939983925201,0,0
seyid_miri,1944313745937432222,1,0
seyid_miri,1936198182539125313,0,0
seyid_miri,1935001369073406374,0,0
seyid_miri,1929224852808489710,0,1
seyid_miri,1908319888443797663,0,0
iwtraining_br,2700606283164009443,0,0
iwtraining_br,2689596638093903408,0,0
iwtraining_br,2689593227193732120,0,0
iwtraining_br,2689590438845651662,0,0
iwtraining_br,2689585488736368971,0,0
iwtraining_br,2689539608335577218,0,0
iwtraining_br,2689529620414082839,0,0
iwtraining_br,2664356591883467958,0,0
iwtraining_br,2664354042132380238,0,0
iwtraining_br,2664341767426403638,0,0
iwtraining_br,2552730400128794099,0,0
iwtraining_br,2552727273854006024,0,0
matosleo26,2691829393334232124,0,0
matosleo26,2684543615260452728,0,0
matosleo26,2669774372128907372,0,0
matosleo26,2650525260078082160,0,0
matosleo26,2344683291407701878,0,0
matosleo26,2286717571420290582,0,0
matosleo26,2277976644174239804,0,0
matosleo26,2194762779001311325,0,0
matosleo26,2194757194411367436,0,0
matosleo26,2096618181973369494,0,0
matosleo26,2088800589455389707,0,0
matosleo26,2000477477249277865,1,0
josemakerdeng,2691062674336344565,0,0
josemakerdeng,2690959210771911175,0,0
josemakerdeng,2686584035909645975,0,0
josemakerdeng,2564870343113166850,0,0
josemakerdeng,2564163018840764339,0,0
josemakerdeng,2488830049649811650,0,0
josemakerdeng,2488829657927054205,0,0
josemakerdeng,2477771891246546100,0,0
josemakerdeng,2474319481123606758,0,0
josemakerdeng,2470451811483647883,0,0
josemakerdeng,2285698482484629977,0,0
josemakerdeng,2259830258937417525,0,0
leslavadesign,2624978669493613181,0,0
leslavadesign,2619230201907022556,0,0
leslavadesign,2613893614612639274,0,0
leslavadesign,2592738764948630784,0,0
leslavadesign,2592735521241625617,0,0
leslavadesign,2592731332180690081,0,1
leslavadesign,2592402646990559936,0,0
leslavadesign,2592400774393194517,0,0
leslavadesign,2592399187167699751,0,0
leslavadesign,2592379482268889249,0,0
leslavadesign,2592379386999564471,0,0
leslavadesign,2592379319857014719,0,0
soltec_ec,2660778907479832874,0,0
soltec_ec,2548328307803346168,0,0
soltec_ec,2397027619247650377,0,0
soltec_ec,2392770830939344237,0,0
soltec_ec,2392769133747721034,0,0
soltec_ec,2362137452611532381,0,0
soltec_ec,2328482645994314514,0,0
soltec_ec,2316649816719782870,0,0
soltec_ec,2310534863290033840,0,0
soltec_ec,2272286426677575128,0,0
soltec_ec,2269441302985593339,0,0
soltec_ec,2250320436101725293,0,0
cleilsonp,2540438857670631263,0,0
cleilsonp,2540437334106367175,0,0
cleilsonp,2540436659863657943,0,0
cleilsonp,2442698199471804363,0,0
cleilsonp,2442696989046110079,0,0
cleilsonp,2442691819876782616,0,0
cleilsonp,2432905364455541245,0,0
cleilsonp,2432904360783526437,0,0
cleilsonp,2432902695040877155,0,0
cleilsonp,2402734932356020521,0,0
cleilsonp,2402734247845658299,0,0
cleilsonp,2402732892942771660,0,0
_._cerebro_._,2694386996069751744,0,0
_._cerebro_._,2685522331378112834,0,1
_._cerebro_._,2683656663276182019,0,0
_._cerebro_._,2655183369384190333,0,0
_._cerebro_._,2646028379214061215,0,1
_._cerebro_._,2546023142557934748,0,0
_._cerebro_._,2546021820555201125,0,0
_._cerebro_._,2546020279651675111,0,0
_._cerebro_._,2546017471900767457,0,0
_._cerebro_._,2539910312142102484,0,0
_._cerebro_._,2539208923514481274,0,0
_._cerebro_._,2538585412785778151,0,0
michelemarcucci_,2637231898068712096,1,0
michelemarcucci_,2284377907027858516,1,0
michelemarcucci_,2253892336325215472,1,0
michelemarcucci_,2197219784677024924,0,0
michelemarcucci_,2122042156593002420,1,0
michelemarcucci_,2030539344661755576,1,0
michelemarcucci_,1766163855882380702,1,0
marcosrgd,2575073449595458796,0,0
marcosrgd,2569060143629897334,0,0
marcosrgd,2566434588556278781,0,0
marcosrgd,2533078323000293620,0,0
marcosrgd,2533075941424319762,0,0
marcosrgd,2488707754507559386,0,0
marcosrgd,2384543854035826400,0,0
marcosrgd,2346863631278659178,0,0
marcosrgd,2346805420521518290,0,0
marcosrgd,2299657225240338763,0,0
marcosrgd,2284528941859262586,0,0
marcosrgd,2206980789505945789,0,1
jonjon1367,1726591538592768653,1,0
jonjon1367,1722914555753223525,0,0
jonjon1367,1662137368377058568,0,0
jonjon1367,1662136494384761287,0,0
jonjon1367,1662134374592069623,0,0
jonjon1367,1646506445753324243,0,0
jonjon1367,1614145447893668397,0,0
jonjon1367,1564159672452415779,0,0
jonjon1367,1425053620629653506,1,0
jonjon1367,1404950167492475260,0,0
jonjon1367,1355358060600484785,1,0
jonjon1367,1205262074445111523,1,0
esthefaniagapito,2691904680192427721,0,1
esthefaniagapito,2691127526018156819,0,1
esthefaniagapito,2683178731049348194,0,1
esthefaniagapito,2682384558682145857,0,0
esthefaniagapito,2657864295367270931,0,0
esthefaniagapito,2656841311770863116,0,0
irawanheru,2440663611909408989,0,0
irawanheru,2431183336268347284,0,0
irawanheru,2379724036039824665,0,0
irawanheru,2364526199421418589,0,0
irawanheru,2363643741045927253,0,0
irawanheru,2362952294411961120,0,0
irawanheru,2362147671463818078,0,0
irawanheru,2358747353220866865,0,0
irawanheru,2305805026278093472,0,0
irawanheru,2253865251195649603,0,0
irawanheru,2240638903216047817,0,0
irawanheru,2238973353276590580,0,0
malanofficial,2575761436212326824,0,0
malanofficial,2575106493981748781,0,0
malanofficial,2476932535676069953,0,0
malanofficial,2462584902101695661,0,1
malanofficial,2460591434866562732,0,0
malanofficial,2445082570111606245,0,1
malanofficial,2390929211257233740,0,0
malanofficial,2386403856353818006,0,0
malanofficial,2383384091153176164,0,1
malanofficial,2295894140226315519,0,0
malanofficial,2284132941344063826,0,1
malanofficial,2252966073585742458,0,0
andrew_moryakov,2687412516865197804,0,0
andrew_moryakov,2634235932589778094,0,1
andrew_moryakov,2602929630959363077,0,1
andrew_moryakov,2602901941464424413,0,1
andrew_moryakov,2602889440626507298,0,1
andrew_moryakov,2602400588740794875,0,1
andrew_moryakov,2463398606995477828,0,1
andrew_moryakov,2456273952514139037,0,0
andrew_moryakov,2456168433464045385,0,0
andrew_moryakov,2456158735277038498,0,1
andrew_moryakov,2456129999647303344,0,1
andrew_moryakov,2447421702777639997,0,0
ashraful88,2599244754077037639,0,0
ashraful88,2480836871870853915,0,0
ashraful88,2414633033397015740,0,0
ashraful88,2388550908147176977,0,0
ashraful88,2361433945776535486,0,0
ashraful88,2342861141162457135,0,1
ashraful88,2341622437647437734,0,1
ashraful88,2258042092017116096,0,0
ashraful88,2253679186978648595,0,0
ashraful88,2244004629078465956,0,0
ashraful88,2237768631373916714,0,0
ashraful88,2225628321969743797,0,0
marcelo.paiva,2532472441029831953,0,0
marcelo.paiva,2504303114003074508,0,0
marcelo.paiva,2489362664054030167,0,0
marcelo.paiva,2472319000916058050,0,0
marcelo.paiva,2411186927900231878,0,0
marcelo.paiva,2353438405851195691,0,0
marcelo.paiva,2303365292804221973,0,0
marcelo.paiva,2293308292862949801,0,0
marcelo.paiva,2269057922712237943,0,0
marcelo.paiva,2266114936614093890,0,0
marcelo.paiva,2245934870043206843,0,0
marcelo.paiva,2242370191186365613,0,0
utasi_bence,2320448234367351997,1,1
utasi_bence,2300163512714294883,0,0
utasi_bence,2296129759599839111,0,0
utasi_bence,2295271701428523261,0,0
utasi_bence,1772091580606477809,1,0
utasi_bence,1735728591949113473,1,0
utasi_bence,1682887780048155719,0,0
utasi_bence,1452089947591266172,1,0
utasi_bence,1449893266676936775,1,1
utasi_bence,1427753564738038391,1,0
utasi_bence,1354520751953110734,1,0
utasi_bence,1349214900450231508,0,0
arryanggaputra,2452265735554872723,0,0
arryanggaputra,2301011580891729167,0,0
arryanggaputra,2290459554529333669,0,0
arryanggaputra,2287160547157726723,1,0
arryanggaputra,2269664196639381435,1,0
arryanggaputra,2262446621052386979,0,0
arryanggaputra,2261605357889425200,0,0
arryanggaputra,2243795567268152534,0,0
arryanggaputra,2229584642906607061,0,0
arryanggaputra,2221791354031966841,0,0
arryanggaputra,2218988872260243008,0,0
arryanggaputra,2217165078772219725,0,0
aydbtiko,2589151069957065851,0,0
aydbtiko,2350185488513269271,0,0
aydbtiko,1786875621797089513,0,0
aydbtiko,1755851146859404337,1,0
aydbtiko,1703399788751631105,1,0
aydbtiko,1686357788512848619,0,0
aydbtiko,1584499394483683234,1,0
aydbtiko,1583978650184159789,0,0
aydbtiko,1582552055212888306,0,0
aydbtiko,1503646061364129259,1,0
aydbtiko,1464509866713784186,0,0
aydbtiko,1461693728237617543,1,0
javi3r_gg,2558171288861016509,0,1
javi3r_gg,2326383848803590526,0,0
javi3r_gg,2189536047659737395,0,0
javi3r_gg,2066023502777146585,0,0
javi3r_gg,2033492782640673346,0,1
javi3r_gg,2025786060189318672,0,0
javi3r_gg,2024336720087860596,0,1
javi3r_gg,2018437419625364466,0,1
javi3r_gg,2010605434628800878,0,1
javi3r_gg,2003703044085485584,0,0
javi3r_gg,2001889889365587271,0,0
javi3r_gg,1989243471803060931,0,0
tison0416,2057633850762251553,0,0
tison0416,1831384197403529836,0,0
tison0416,1821101482024465271,0,0
tison0416,1756644489327490912,0,0
tison0416,1735729143833992063,0,0
tison0416,1697764472288177638,0,0
tison0416,1645551532110205248,0,0
tison0416,1637187334288208878,0,0
tison0416,1628335316446403904,0,0
tison0416,1617753760480655273,0,0
tison0416,1561422874185640626,0,0
tison0416,1556593331939623591,0,0
cyber.grizzly,2633847430778594198,0,0
cyber.grizzly,2610487250933141765,0,0
cyber.grizzly,2610484288034894671,0,0
cyber.grizzly,2610481901979236041,0,0
cyber.grizzly,2585314744979124126,0,0
cyber.grizzly,2541004943512123063,0,0
cyber.grizzly,2474322055123587371,0,0
cyber.grizzly,2440351758519429813,0,0
cyber.grizzly,2440346289197439712,0,0
cyber.grizzly,2440337933237764642,0,0
cyber.grizzly,2164647372612509352,0,0
cyber.grizzly,2151690512649432904,0,0
eduardorojas.js,2715112002191977247,0,1
eduardorojas.js,2714016260507358528,0,0
eduardorojas.js,2712991450212071474,0,1
eduardorojas.js,2712862929617538350,0,0
eduardorojas.js,2711547713673909953,0,1
eduardorojas.js,2710089006171620900,0,1
eduardorojas.js,2708313396531409846,0,0
eduardorojas.js,2707705596825040462,0,0
eduardorojas.js,2707063978138068170,0,0
eduardorojas.js,2692405787163506833,0,0
eduardorojas.js,2688178738358036630,0,0
eduardorojas.js,2686550713664615964,0,1
juniorjanei,2712206740059059469,0,1
juniorjanei,2599552692538653669,0,0
juniorjanei,2428845760614626643,0,0
juniorjanei,2272214436106644602,0,0
juniorjanei,2251003729778218215,0,0
juniorjanei,2249845279153032406,0,0
juniorjanei,2110493116334194333,0,0
juniorjanei,2055449727478010168,0,0
juniorjanei,2047961278807742070,0,0
juniorjanei,2047908288885383791,0,0
juniorjanei,2040519924922142008,0,0
juniorjanei,2040519411086316550,0,0
astrojose_,2410290348451635951,0,0
astrojose_,2409894672283120543,0,0
astrojose_,2284871487200646793,0,0
astrojose_,1931236829466511568,0,0
astrojose_,1908813485236677941,0,0
astrojose_,1906734555734263196,0,0
astrojose_,1865890397068996734,0,0
astrojose_,1854321630153455005,0,0
astrojose_,1843438425162616138,0,0
astrojose_,1842766082123543185,0,0
astrojose_,1832483617547049599,0,0
astrojose_,1829594914927657745,0,0
devrchancay,2674920007182262576,0,0
devrchancay,2667012573704986088,0,0
devrchancay,2529401407630527093,0,0
devrchancay,2523777800850230967,0,0
devrchancay,2523144848181237093,0,0
devrchancay,2519219331883333880,0,0
devrchancay,2515620145338222499,0,0
devrchancay,2509240060314004855,0,0
devrchancay,2459354947882924075,0,0
devrchancay,2421753229794428672,0,0
devrchancay,2365657322192064474,0,0
devrchancay,2354021903752450562,0,0
tasty.sausage,2341733918809443599,1,0
tasty.sausage,2341569436736830468,0,0
tasty.sausage,2338672076193071435,0,0
tasty.sausage,2321167290795535888,1,0
tasty.sausage,2309132843459919992,0,0
tasty.sausage,2301131640662734609,0,0
tasty.sausage,2295017448423675592,1,0
tasty.sausage,2294644418367281685,0,0
tasty.sausage,2275608539237872237,0,0
tasty.sausage,2272100149484163616,1,0
tasty.sausage,2240892910960976593,1,0
tasty.sausage,2238087509023979433,1,0
migantoju,2707203366185204808,0,0
migantoju,2473929609339854116,0,0
migantoju,2464856253671996060,0,0
migantoju,2190808216844428253,0,0
migantoju,2137501214244703517,0,0
migantoju,2053539827009695901,1,0
migantoju,2034686227207677092,1,0
migantoju,1989016629758218064,0,0
migantoju,1944128760363588477,0,0
migantoju,1942607183029356188,0,0
migantoju,1941041779312164313,0,0
migantoju,1940464079459510005,0,0
cozyscenes,1443429819047129440,0,0
cozyscenes,1377024374607832895,0,1
cozyscenes,1370751733525719261,0,1
cozyscenes,1367591926547588886,1,1
cozyscenes,1366444307527815100,0,1
cozyscenes,1365811287456465864,0,1
cozyscenes,1364378484286070160,0,0
cozyscenes,1364252411275670933,0,0
cozyscenes,1363903409497663992,0,0
cozyscenes,1363899896080145195,0,0
cozyscenes,1363526098826949935,0,1
cozyscenes,1363499244787113148,0,0
javascriptcode,2711908028767980237,0,0
javascriptcode,2699463557712964155,0,0
javascriptcode,2598846146785184779,0,0
javascriptcode,2598559387589390315,0,0
javascriptcode,2598055399895040898,0,0
javascriptcode,2596715374771036383,0,0
javascriptcode,2590556377042079486,0,0
javascriptcode,2560872804566742926,0,0
javascriptcode,2560161970028556499,0,0
javascriptcode,2559657806183590417,0,0
javascriptcode,2557254243046232771,0,0
javascriptcode,2554329099206838937,0,0
aadityaa_711,2716204022887566573,0,1
aadityaa_711,2716078139499744588,0,1
aadityaa_711,2715366032235986401,0,0
aadityaa_711,2713485243452247043,0,0
aadityaa_711,2710978430752265759,0,0
aadityaa_711,2710957783191933395,0,0
aadityaa_711,2710944286081075398,0,0
aadityaa_711,2710533807928050387,0,0
aadityaa_711,2710519460304651299,0,0
aadityaa_711,2710511880526349542,0,0
aadityaa_711,2706981333418423422,0,0
aadityaa_711,2706181075721240576,0,0
isuruab_,2691288591880419344,0,1
isuruab_,2565395933828685461,0,0
isuruab_,2506099271808786678,0,0
isuruab_,2502821399552645437,0,0
isuruab_,2478598418140078865,0,0
isuruab_,2475296166918790844,0,0
isuruab_,2473279883692172382,0,0
isuruab_,2472770461228076858,0,0
isuruab_,2445287729518840906,0,0
isuruab_,2425922111363610060,0,0
isuruab_,2415160845980349780,0,0
isuruab_,2401715185872380754,0,1
jessycepaz,2714971095775501652,0,0
jessycepaz,2714385838255669751,0,0
jessycepaz,2705374825664428805,0,1
jessycepaz,2704016212167622786,0,1
jessycepaz,2701790304847260825,0,1
jessycepaz,2698859002267395054,0,1
jessycepaz,2698855957143815520,1,1
jessycepaz,2686688786923356963,0,0
jessycepaz,2681543154552926111,0,1
jessycepaz,2642614714635317219,0,0
jessycepaz,2576654597395238475,0,0
jessycepaz,2538313217916883724,0,0
im_vithu,2244054955626624462,0,0
im_vithu,2229629503084550670,0,0
im_vithu,2211769607106584572,0,0
im_vithu,2026192603306130704,0,0
im_vithu,1995853162222019723,0,0
im_vithu,1955947914594710201,0,0
im_vithu,1938588883593090130,0,0
im_vithu,1919021246156609917,0,0
im_vithu,1875911472175885143,0,0
im_vithu,1793262877631557483,0,0
im_vithu,1779422199440836608,0,0
im_vithu,1778021946367937531,0,0
narthkings,2613617961630244584,0,0
narthkings,2390273589086702546,0,0
narthkings,2349352739838361203,0,0
narthkings,2256673344172834307,0,0
narthkings,2186248942688168786,0,0
narthkings,1843402726282077105,0,0
narthkings,1836918329917300104,0,0
narthkings,1836289998901254578,0,0
narthkings,1836287381219504873,0,0
narthkings,1835469443226696894,0,0
narthkings,1834392167148011518,0,0
narthkings,1833677360421820668,0,0
felipemorandini,2720217497078652106,0,0
felipemorandini,2712961853040768725,0,0
felipemorandini,2710022817464695357,0,0
felipemorandini,2707727739639314886,0,0
felipemorandini,2706927209895876009,0,0
felipemorandini,2706216693841796809,0,0
felipemorandini,2703961172372050581,0,0
felipemorandini,2699928197753833193,0,0
felipemorandini,2699076675281353603,0,0
felipemorandini,2698423744563375186,0,0
felipemorandini,2697667286628432125,0,0
felipemorandini,2697089565082900477,0,0
bose.js,1895957869934044663,1,0
bose.js,1869668956982558390,1,0
bose.js,1866284986979008874,0,0
bose.js,1865472732327031365,0,0
bose.js,1863372428148073659,0,0
bose.js,1826969835754849424,0,0
bose.js,1822720299020710632,0,0
bose.js,1821640531684771977,0,0
bose.js,1820876096426934726,0,0
bose.js,1812637075762428897,0,0
bose.js,1812636221667945712,0,0
bose.js,1809441376312764223,0,0
vitordepaula1,2674369790162594064,0,0
vitordepaula1,2641025413645042633,0,0
vitordepaula1,2641017929312120033,0,0
vitordepaula1,2543840982710161736,0,0
vitordepaula1,2543839476132888943,0,0
vitordepaula1,2543278198876348176,0,0
vitordepaula1,2510473738781505150,0,0
vitordepaula1,2464759414893332696,0,0
vitordepaula1,2450527708326052831,0,0
vitordepaula1,2449425034377543548,0,0
vitordepaula1,2449093682239357978,0,1
vitordepaula1,2340341118300214942,0,0
blackboycodes,2535917148733518695,0,0
blackboycodes,2169751021802562297,0,0
blackboycodes,2159128427575035583,0,0
blackboycodes,2133115304079034401,0,0
blackboycodes,2132049509848820872,0,0
blackboycodes,2130372086287749613,0,0
blackboycodes,2087493539680518227,0,1
blackboycodes,2081586488790145683,0,0
blackboycodes,2079067248258436562,0,0
blackboycodes,2058958786493073635,0,0
blackboycodes,2050181616559913601,0,0
blackboycodes,2035065212420708319,0,0
alberto.ortiz.94,2704287675676276983,0,0
alberto.ortiz.94,2704285572509490653,0,0
alberto.ortiz.94,2698272006825895644,0,0
alberto.ortiz.94,2698270649557486264,0,0
alberto.ortiz.94,2317326406928645639,0,0
alberto.ortiz.94,2312144713762673720,0,0
alberto.ortiz.94,2310218823508061156,0,0
alberto.ortiz.94,2260667651789319801,0,0
alberto.ortiz.94,2245574801191995834,1,0
alberto.ortiz.94,2218638437102582571,0,0
alberto.ortiz.94,1988209069294690413,1,0
alberto.ortiz.94,1898003888729386918,1,0
michielkauwatjoe,2706803178554515169,0,0
michielkauwatjoe,2691632632292300975,0,0
michielkauwatjoe,2629385817837256993,0,0
michielkauwatjoe,2610536145026896999,0,0
michielkauwatjoe,2585924904264662631,0,0
michielkauwatjoe,2509113242199399440,0,0
michielkauwatjoe,2499673024947818299,0,0
michielkauwatjoe,2494635023148676519,0,0
michielkauwatjoe,2466343684063742299,0,1
michielkauwatjoe,2402352454867221766,1,0
michielkauwatjoe,2396751239999642089,0,0
michielkauwatjoe,2377168110758620537,1,0
pro100alex183,2160896496187318227,0,0
pro100alex183,2156686975252446785,0,0
pro100alex183,2156102760253332618,0,0
pro100alex183,2155364628204694405,0,0
pro100alex183,2152301847751218181,0,0
pro100alex183,2150279086119913448,0,0
pro100alex183,2150135280615681032,0,1
pro100alex183,2143859443834726975,0,0
pro100alex183,2142742482811857446,0,0
pro100alex183,2139923615311863106,0,0
pro100alex183,2134768840417062220,0,0
pro100alex183,2130720307917417373,0,0
7sg.ir,2529983389463734891,1,1
7sg.ir,2527997269716600142,1,1
7sg.ir,2381474830393216309,1,0
7sg.ir,2380028470426908948,1,0
7sg.ir,2379386241828063401,1,1
7sg.ir,2276976082687006782,1,0
redigermany,2507545603599911307,0,1
redigermany,2343948447207146208,0,0
redigermany,2331609870679095798,0,0
redigermany,2321321908712161711,0,0
redigermany,2312577095359752430,0,0
redigermany,2282726468664325988,0,0
redigermany,2280005035827753097,0,0
redigermany,2277705846116602998,0,0
redigermany,2193666901939418290,0,0
redigermany,2172712185353028379,0,0
redigermany,2147476995584314482,0,0
redigermany,2146839550631147793,0,0
urban_revolution,2569221199818533685,0,0
urban_revolution,2412608740467709620,0,0
urban_revolution,2403743965281437833,0,0
urban_revolution,2381621014067161021,0,0
urban_revolution,2379524052178368853,0,0
urban_revolution,2354556922718655764,0,0
urban_revolution,2354024474540954766,0,0
urban_revolution,2351771788143561452,0,0
urban_revolution,2345324617970079591,0,1
urban_revolution,2344656217862103513,0,0
urban_revolution,2343930233349443253,0,0
urban_revolution,2342462595167270062,0,1
marouane.beii,2686371297461604439,0,0
marouane.beii,2678338117257246007,0,0
marouane.beii,2657494968863589240,0,0
marouane.beii,2574930370231356849,0,0
marouane.beii,2559971286793124935,0,0
marouane.beii,2545889786892208182,0,0
cjader23,2707223634712472256,0,1
cjader23,2684714713420840431,0,0
cjader23,2680817996161426475,0,0
cjader23,2636254790733274152,0,1
cjader23,2631170373478128111,0,0
cjader23,2618786353779813198,0,0
cjader23,2615799603054704111,0,0
cjader23,2608412994565361577,0,1
cjader23,2607894237375999654,0,1
cjader23,2606473797161617109,0,0
cjader23,2605371008725444067,0,0
cjader23,2604214901892666617,0,1
vinniemarone,2387368548421845145,0,0
vinniemarone,2322745881152895549,0,0
vinniemarone,2194088620424199484,0,0
vinniemarone,2188324202881132767,0,0
vinniemarone,2104863697658171400,0,0
vinniemarone,2067903438617737480,0,0
vinniemarone,1984031939075366549,0,0
vinniemarone,1955357017138630844,0,0
vinniemarone,1945461632060524047,0,0
vinniemarone,1919316871239151593,1,0
vinniemarone,1873848906893112787,0,0
vinniemarone,1864872440310430530,0,0
kleber.mourao,2259879021705476987,0,1
kleber.mourao,2182991272348704328,0,0
kleber.mourao,2031616908219678246,0,0
kleber.mourao,2025207873747215720,0,0
kleber.mourao,2016527542652812021,1,0
kleber.mourao,1975498627872588329,0,0
kleber.mourao,1877389212490105288,1,0
kleber.mourao,1820823328827568802,0,0
kleber.mourao,1780810497059694101,0,0
kleber.mourao,1772828199886012846,0,0
kleber.mourao,1758321374591565880,0,0
kleber.mourao,1757051155814489013,0,0
sundaytypeco,2561667048598243974,0,0
sundaytypeco,2464876978248162495,0,0
sundaytypeco,2464412604286912603,0,0
sundaytypeco,2440218305504742384,0,0
sundaytypeco,2406948884405600150,0,0
sundaytypeco,2403996819182273701,0,0
sundaytypeco,2402808118867399481,0,0
sundaytypeco,2402006770479567353,0,0
sundaytypeco,2401200521240586756,0,0
sundaytypeco,2394990451590842358,0,0
sundaytypeco,2383542377645018788,0,0
sundaytypeco,2382928642085578832,0,0
devbowser,1333342500413230190,0,0
devbowser,1327405008690225222,0,0
devbowser,1281391923831914521,0,0
devbowser,1280488747658336795,0,0
devbowser,1269184051044959550,0,0
devbowser,1268875564440110731,0,0
devbowser,1266022872025941100,0,0
devbowser,1265199679476352854,1,0
andculture,2693180609127713933,0,0
andculture,2669182979061898909,0,0
andculture,2667114965163675839,0,0
andculture,2659774400377670577,0,0
andculture,2658446086461840374,0,0
andculture,2429263542240639609,0,0
andculture,2426544046601998825,0,0
andculture,2409700098697068388,0,0
andculture,2406084560020086653,0,0
andculture,2401076234962296060,0,0
andculture,2399548397672395676,0,0
andculture,2396001978390845602,0,0
chiheb_ben_jamaa,2135094312701348647,0,0
chiheb_ben_jamaa,2077468534996319192,0,0
chiheb_ben_jamaa,2062059458674285032,1,0
chiheb_ben_jamaa,1967006837200152930,0,1
chiheb_ben_jamaa,1844839524996690037,1,0
chiheb_ben_jamaa,1771582923175608682,1,0
chiheb_ben_jamaa,1768397217150071373,0,0
chiheb_ben_jamaa,1746940865462431145,0,0
chiheb_ben_jamaa,1743823871146086803,0,0
chiheb_ben_jamaa,1733888476526707555,0,0
chiheb_ben_jamaa,1715228829126758000,0,0
chiheb_ben_jamaa,1687851357016181672,0,0
maksks_ershov,2653978599206121152,0,0
maksks_ershov,2650728747902868727,0,0
maksks_ershov,2568388689062113835,0,0
maksks_ershov,2505489510363059341,0,1
maksks_ershov,2505451363956853291,0,1
maksks_ershov,2257420440062967571,0,0
maksks_ershov,2179980397548130482,0,0
maksks_ershov,2122025990000555276,0,0
maksks_ershov,2108986759250505027,0,0
maksks_ershov,2071180636044929479,0,0
maksks_ershov,2000248153459080401,0,0
maksks_ershov,1959697940952700598,0,0
ericmcwinner,2415631278578990745,0,0
ericmcwinner,2415008915697158258,0,0
ericmcwinner,2414218645690879262,0,0
ericmcwinner,2413558892769612119,0,0
ericmcwinner,2412832199008420406,0,0
ericmcwinner,2412065013352427059,0,0
ericmcwinner,2411038204288713973,0,0
ericmcwinner,2410418982395227425,0,0
ericmcwinner,2355375347610905339,0,0
ericmcwinner,2340342091999929482,0,0
ericmcwinner,2321832241028433749,0,0
ericmcwinner,2320790954326217575,0,0
hrishi_kesh_rai,2077177435517964192,1,0
hrishi_kesh_rai,2076376889726863666,1,0
hrishi_kesh_rai,2061863955613186857,1,0
hrishi_kesh_rai,2043501882311355217,1,0
hrishi_kesh_rai,2040146733367055329,1,0
hrishi_kesh_rai,2017766324540883881,1,0
hrishi_kesh_rai,2009503738557286737,1,0
hrishi_kesh_rai,1989481462759915000,1,0
hrishi_kesh_rai,1975846861906668821,1,0
hrishi_kesh_rai,1973520585892257443,1,0
hrishi_kesh_rai,1972027050332341591,1,0
hrishi_kesh_rai,1963279612427702423,1,0
iago.machado,2681753166913321264,0,1
iago.machado,2675712415972463508,0,1
iago.machado,2096721775695410070,0,0
iago.machado,1970746627023072273,1,0
iago.machado,1836583227592515624,0,0
iago.machado,1834456991097709194,0,0
iago.machado,1829369337180089136,0,0
iago.machado,1774283762718683096,0,0
iago.machado,1767720174092755127,0,0
iago.machado,1644302823309148755,1,0
tannedesign.de,2524839770678069431,0,1
tannedesign.de,2460645034790779499,1,1
tannedesign.de,2460620135766512953,1,1
tannedesign.de,2451892183281411536,0,1
tannedesign.de,2451125227280352407,0,1
tannedesign.de,2444599347183148674,0,0
tannedesign.de,2440078135228872914,0,0
tannedesign.de,2440066675325326712,0,1
tannedesign.de,2429357739085122982,0,0
tannedesign.de,2426175267346183763,0,0
tannedesign.de,2426175071178547802,0,0
tannedesign.de,2426174771856304189,0,0
dj.seiya,2155557186688247057,0,0
dj.seiya,2155288223806773759,0,0
dj.seiya,2144076441587095764,0,0
dj.seiya,2059697805501727020,0,1
dj.seiya,2056695527756904336,1,0
dj.seiya,2054487724236634859,1,0
dj.seiya,2043986868416280996,0,0
dj.seiya,1910337046728372982,0,0
dj.seiya,1901362159426837583,0,0
dj.seiya,1893728786931786896,0,0
dj.seiya,1886705025669984342,0,0
dj.seiya,1845560673434723530,1,0
lauchacarro,2646878087197721575,0,0
lauchacarro,2643188181841629956,0,0
lauchacarro,2634397653939270850,0,0
lauchacarro,2520671042117390972,0,0
lauchacarro,2484539246732707158,0,0
lauchacarro,2449775450224774374,0,0
lauchacarro,2249057991372674283,0,0
lauchacarro,2211166939936796640,0,0
lauchacarro,2203355398835453119,0,0
lauchacarro,2195416938355050156,0,0
lauchacarro,2178019481857980813,0,0
lauchacarro,2148394931629344969,0,0
sbbenjamin,2716266195231364259,0,1
sbbenjamin,2694169692879191429,0,0
sbbenjamin,2665475175372112842,0,0
sbbenjamin,2656071323790142366,0,0
sbbenjamin,2648231635477951290,0,0
sbbenjamin,2512954609293527366,0,1
sbbenjamin,2428533771203295305,0,1
sbbenjamin,2408191114644187602,0,1
sbbenjamin,2190900519099023953,0,0
sbbenjamin,2163230780218630000,0,0
sbbenjamin,2007649186685926143,0,0
sbbenjamin,2004839051626335492,0,0
ghali_antares,2686810826354881452,0,0
ghali_antares,2574382278172746147,0,0
ghali_antares,2428680266908099853,0,0
ghali_antares,2417831248992806580,0,0
ghali_antares,2317008076081664734,0,1
ghali_antares,2281032348777551594,0,0
ghali_antares,2188796812642969656,0,0
ghali_antares,2174898596763057748,0,0
ghali_antares,2171974100893148981,0,0
ghali_antares,2162844111485710759,0,0
ghali_antares,2096144190438035238,0,0
ghali_antares,1727671325525624118,0,0
dectype,2395142559862407710,0,0
dectype,2395136556731300907,0,0
dectype,2394323798385346857,0,0
dectype,2394239391398005936,0,0
dectype,2393627801032092691,0,0
dectype,2393016155007994642,0,0
dectype,2392772459519883490,0,0
dectype,2392766901496624132,0,0
dectype,2392372228596800321,0,0
dectype,2392125404451524115,0,0
dectype,2392118060669895201,0,0
dectype,2182742380460151641,0,0
whoisrishabh,2646505551095023612,1,1
whoisrishabh,2636582634455770994,0,0
whoisrishabh,2632301790337660554,0,0
whoisrishabh,2622147748033408585,0,1
whoisrishabh,2621333467113165410,0,1
whoisrishabh,2617537044705765099,0,1
whoisrishabh,2469761571908488319,0,0
whoisrishabh,2467510072818127312,0,0
whoisrishabh,2465402585532993541,0,0
whoisrishabh,2464029221245550122,0,0
whoisrishabh,2459429200566968978,0,0
whoisrishabh,2445155678743230685,0,0
thehackingsage,2357158198752039961,0,0
thehackingsage,2331571388953032492,0,0
thehackingsage,2076673394203498072,0,0
thehackingsage,2072615974309459144,0,0
thehackingsage,2071375348360271588,0,0
thehackingsage,2041719957036944573,0,0
thehackingsage,2004594737136221831,0,1
thehackingsage,1887309889321008211,1,0
thehackingsage,1879828179738137184,0,0
thehackingsage,1867703635263387967,0,0
thehackingsage,1811662082728199924,0,0
thehackingsage,1786140950143137183,0,0
neroonmars,2702637659490274000,0,0
neroonmars,2671190337178997131,1,0
neroonmars,2580588540995950679,1,0
neroonmars,2569904109188705079,0,0
neroonmars,2503798868567833921,0,0
neroonmars,2412744469351847120,1,0
neroonmars,2397285529368128766,1,0
neroonmars,2389540763909944035,0,0
neroonmars,2387903048126743549,0,0
neroonmars,2387013009022829448,1,0
neroonmars,2382089508354709916,0,0
neroonmars,2346455438761583812,1,0
lucastavaresn,2311842937247317254,0,1
lucastavaresn,2308358438450459460,0,0
lucastavaresn,2295478034391617884,0,1
lucastavaresn,2293244235867874090,0,0
lucastavaresn,2291003140941481733,0,0
lucastavaresn,2283619418688577170,0,0
lucastavaresn,2231429089189667490,0,0
lucastavaresn,2229270842521207476,0,0
lucastavaresn,2227800216778423642,0,0
lucastavaresn,2224240425351170267,0,0
lucastavaresn,2222705872627243208,0,0
lucastavaresn,2220052936969320065,0,0
chrpr0,2175073065858285995,0,0
chrpr0,2164056841772147129,0,0
chrpr0,2163932711110503217,0,1
chrpr0,2137027532661756564,0,0
chrpr0,2124790427588193799,0,0
chrpr0,2120228473020373010,0,1
chrpr0,2060858531519286511,1,0
chrpr0,2023889648930832597,0,0
chrpr0,1995800186342728515,0,0
chrpr0,1941491935908529857,1,0
chrpr0,1911961078705673736,0,0
chrpr0,1896585119483786957,0,0
jonatanhuergo,2398041768157113318,0,1
jonatanhuergo,2397624891148819672,0,0
jonatanhuergo,2343174489603217347,0,0
jonatanhuergo,2330927210448030602,0,0
jonatanhuergo,2312127206292143258,0,0
jonatanhuergo,2307004055585321567,0,0
jonatanhuergo,2228267360505549215,0,0
jonatanhuergo,2224408494206184238,0,0
jonatanhuergo,2205420182024174284,0,0
jonatanhuergo,2158233644203053741,0,0
jonatanhuergo,2154099573688426319,0,0
jonatanhuergo,2152407567060802834,0,0
soufyane_weld_reggane,2701034406150219811,0,0
soufyane_weld_reggane,2700306733950189350,0,0
soufyane_weld_reggane,2684435258234975584,0,0
soufyane_weld_reggane,2483843996621094197,0,0
soufyane_weld_reggane,2475023678959797985,0,0
soufyane_weld_reggane,2464150801410695152,0,1
soufyane_weld_reggane,2461889136879334160,0,0
soufyane_weld_reggane,2457462034377533991,0,0
soufyane_weld_reggane,2442346013010617250,0,0
soufyane_weld_reggane,2255920617802191442,0,0
soufyane_weld_reggane,2250534494955613032,0,0
soufyane_weld_reggane,2249387047491327102,0,0
muitnazib,2700666422847262741,0,0
muitnazib,2699337435747449916,0,0
muitnazib,2669531611759968582,0,0
muitnazib,2462486651219130582,0,0
muitnazib,2461792809167858630,0,0
muitnazib,2461193504161574861,0,0
muitnazib,2460343239644780178,0,0
muitnazib,2459319778029853404,0,0
muitnazib,2458625238465627942,0,1
muitnazib,2458185182248480811,0,0
muitnazib,2454276336983476976,0,0
muitnazib,2452453507757751623,0,0
modiomar,2633886915208517648,0,0
modiomar,2598787578155990358,0,0
modiomar,2466281552326973693,0,0
modiomar,2304577443699051225,0,0
modiomar,2213568022722317858,0,0
modiomar,2213556284635301787,0,0
modiomar,2213555756748654566,0,0
modiomar,2130390777329970577,0,0
modiomar,2110017925892347266,0,0
modiomar,2016452251749291966,0,0
modiomar,1978367576342637541,0,0
modiomar,1745285785077128627,0,0
abbybased,2690800019535047345,0,0
abbybased,2677959168058503948,1,0
abbybased,2659111964836228309,0,0
abbybased,2463995367474463135,0,0
abbybased,2409572577040299444,0,0
abbybased,2393566359503024963,0,0
abbybased,2354800152931265831,0,0
abbybased,2338160343622171792,0,0
abbybased,2337207878689009643,0,0
abbybased,2335005853519860304,0,0
abbybased,2331602286922690024,0,0
abbybased,2331548836868204282,0,1
slemeshaev,2661624888546095651,0,0
slemeshaev,2633400886870723849,0,0
slemeshaev,2632230046691143162,0,0
slemeshaev,2631587960790909402,0,0
slemeshaev,2629240490857538870,0,0
slemeshaev,2628583498207735378,0,0
slemeshaev,2627854292227357361,0,0
slemeshaev,2627142371542842886,0,0
slemeshaev,2626417509517051558,0,0
slemeshaev,2625612098846208508,0,0
slemeshaev,2625610855209897045,0,0
hezky_r,2720933535974968570,0,0
hezky_r,2707187576669070179,0,0
hezky_r,2706529874157541679,0,0
hezky_r,2705696980436220118,0,0
hezky_r,2705080796601291559,0,0
hezky_r,2520513705916436383,0,0
hezky_r,2519482327468629580,0,0
hezky_r,2519099222291452240,0,0
hezky_r,2518352767553516022,0,0
hezky_r,2517527087353800772,0,0
hezky_r,2516626462281730774,0,0
hezky_r,2516130589156108592,0,0
dead_lemon,2659707543699343203,0,0
dead_lemon,2500131997348689083,0,1
dead_lemon,2220560827169950864,0,0
dead_lemon,2220407108445054311,0,0
dead_lemon,2220405759783415220,0,0
dead_lemon,2026045748367288862,0,0
dead_lemon,1992251238021623273,1,0
dead_lemon,1991388879900204772,1,0
dead_lemon,1960782275936770671,1,0
dead_lemon,1939914604110379548,1,1
dead_lemon,1939375636675416586,0,0
dead_lemon,1938622779978193748,0,1
rhutikcodes,2386922460860717756,0,0
rhutikcodes,2301095066464480680,0,0
rhutikcodes,2300371262008309242,0,0
rhutikcodes,2298891635582735592,0,0
rhutikcodes,2298158027712626588,0,0
rhutikcodes,2297407075716039289,0,0
rhutikcodes,2296627791716098607,0,0
rhutikcodes,2295841961892275255,0,0
rhutikcodes,2294930862956185394,0,0
rhutikcodes,2148208434166946572,0,0
rhutikcodes,2143223994755999437,0,0
rhutikcodes,2138751873187283027,0,0
audimast3r,2714226790342006237,1,0
audimast3r,2541013855328090991,1,0
audimast3r,2488839093147848687,1,0
audimast3r,2430064765598400243,1,0
audimast3r,2303172132875867814,1,0
audimast3r,2286461779215405089,1,0
audimast3r,2266349203467236842,1,0
audimast3r,2255490846497768406,1,0
audimast3r,2164160349461700704,1,0
audimast3r,2119899336465758567,1,0
audimast3r,2072089520314027000,1,0
audimast3r,2051838840637488872,1,0
pauls_snaps93,2690886663874035759,0,0
pauls_snaps93,2052534996359035158,0,0
pauls_snaps93,1992347376979115034,0,0
pauls_snaps93,1989517290034890508,0,0
pauls_snaps93,1774271994742171159,1,0
pauls_snaps93,1772855542201784858,0,0
pauls_snaps93,1723945665288994071,1,0
pauls_snaps93,1707440365396337727,0,0
pauls_snaps93,1656589117168689290,1,0
pauls_snaps93,1595004282465981570,1,1
pauls_snaps93,1594202309135290239,1,0
pauls_snaps93,1588798877109007311,0,1
guzz.cwb,2683919316723160652,0,0
guzz.cwb,2630273393898863114,0,0
guzz.cwb,2614168301751789978,0,0
guzz.cwb,2569382927406275641,0,0
guzz.cwb,2456692264131439299,0,1
guzz.cwb,2445070599073233382,0,1
guzz.cwb,2310591661228463020,0,0
guzz.cwb,2274384222763326593,0,0
guzz.cwb,2259107069967884547,0,0
guzz.cwb,2240189037090591995,0,0
guzz.cwb,2207844299851204016,0,0
guzz.cwb,2055578637155054993,0,0
furknyavuz,2690842525629139386,0,0
furknyavuz,2627071970468771572,0,0
furknyavuz,2586497649321183646,0,0
furknyavuz,2219806781538219506,0,0
furknyavuz,2199541667551665473,0,0
furknyavuz,2199305206055219105,0,0
furknyavuz,2157472695193120788,0,0
furknyavuz,2143049796436799381,0,0
furknyavuz,2090651009047434045,0,0
furknyavuz,2089327036556870618,0,0
furknyavuz,2088650967096892873,0,0
furknyavuz,2088644520560631940,1,0
ammypv,2716579374782786003,0,1
ammypv,2714189229369310685,0,0
ammypv,2712183480872355011,0,1
ammypv,2709181741005087595,0,1
ammypv,2701296769611142668,0,1
ammypv,2685844269391337103,0,1
ammypv,2651163388550814487,0,0
ammypv,2599824294969433980,0,0
ammypv,2599823035721928493,0,1
ammypv,2582317218122908406,0,0
ammypv,2565680069059447518,0,1
ammypv,2540213175242254996,0,0
deepanshu.gfx,2292946693047650682,0,0
deepanshu.gfx,2122658835159147411,0,0
deepanshu.gfx,2037912855973697238,0,0
deepanshu.gfx,2030672584428930671,0,0
deepanshu.gfx,2024836313475225089,0,0
deepanshu.gfx,2024190917086413085,1,0
deepanshu.gfx,2023372100420555024,0,0
deepanshu.gfx,2022600946491714924,0,0
deepanshu.gfx,2021997828661945642,0,0
deepanshu.gfx,1904619183526642236,0,0
deepanshu.gfx,1891413331038929872,0,0
deepanshu.gfx,1839362748267636013,0,0
soyluismunoz,2667649254370533444,0,0
soyluismunoz,2124103245513483116,0,0
soyluismunoz,1956786470232691614,0,0
soyluismunoz,1930812064004056061,0,0
soyluismunoz,1930809836988224897,0,0
soyluismunoz,1910563384466838676,0,0
soyluismunoz,1904774561216419915,0,0
soyluismunoz,1848810588542027530,0,0
soyluismunoz,1844700226053884433,0,0
soyluismunoz,1844507876698460336,0,0
soyluismunoz,1844389327061616925,0,0
soyluismunoz,1839631154622665732,0,0
tyetech,2722057125649797989,0,1
tyetech,2720245406875513233,0,1
tyetech,2720105019804058010,0,1
tyetech,2719155461597001267,0,1
tyetech,2719153306471397206,0,1
tyetech,2719151394514733463,0,1
tyetech,2719145231379179589,0,1
tyetech,2719142217712996352,0,1
tyetech,2716841229427705120,0,1
tyetech,2716839421573742698,0,1
tyetech,2716836144790559955,0,1
tyetech,2716831401334750719,0,1
maismuka,2697389412060045341,1,0
maismuka,2384884020066198969,0,0
maismuka,2314657681393018239,0,0
maismuka,2297624973315714669,0,1
maismuka,2260314518554904590,0,0
maismuka,2184808213097003780,0,0
maismuka,2184708684654046310,0,0
maismuka,2152093526735805881,0,1
maismuka,2150230795627803675,0,1
maismuka,2149919737444870551,0,1
maismuka,2100145653165547806,0,1
maismuka,2076783857415475204,0,0
umataldetatiana,2728549116833931409,0,1
umataldetatiana,2728214322925026368,0,1
umataldetatiana,2728145867874090868,0,1
umataldetatiana,2727163610264312126,0,0
umataldetatiana,2724601946126514341,0,0
umataldetatiana,2724314219674369066,0,0
umataldetatiana,2724274445080248126,0,0
umataldetatiana,2723686227499777212,0,0
umataldetatiana,2719158915908767775,0,0
umataldetatiana,2717949799796903350,0,0
umataldetatiana,2717877182075387031,0,0
umataldetatiana,2717191652555835396,0,0
str9led,2723698190157935994,0,1
str9led,2720131621462607715,0,1
str9led,2715833893854098925,0,1
str9led,2648329578442166537,0,0
str9led,2642334862519955847,0,0
str9led,2639718811756035092,0,1
str9led,2638161256806108796,0,0
str9led,2633067651297148580,0,0
str9led,2632404734687913934,0,0
str9led,2620613846416464742,0,1
str9led,2618572699842090159,0,0
str9led,2599800791398981262,0,1
mr.zgardek,2529942430878238417,0,0
mr.zgardek,2523518749184427195,0,0
mr.zgardek,2521369146934910921,0,0
mr.zgardek,2520687875145488887,1,0
mr.zgardek,2514132386383172163,0,0
mr.zgardek,2511868013312969091,0,0
mr.zgardek,2506218417634995111,1,0
mr.zgardek,2485261038823368849,1,0
mr.zgardek,2478624718675969912,1,0
mr.zgardek,2476520959439167981,1,0
mr.zgardek,2434250828118154207,1,0
mxious,1109086877846427497,1,0
mxious,1108978741584156616,0,0
mxious,1064068148381439162,0,0
mxious,986596566117995742,0,1
mxious,986589861179118617,0,0
mxious,986576479478699603,0,0
mxious,976195636478432586,0,0
mxious,944058321807430829,0,1
mxious,901009301975684668,1,0
mxious,900887908088894484,0,1
mxious,900096506685904463,0,1
mxious,895603494429742412,0,0
frswedom,1748420433788828168,1,0
frswedom,1743349259996337869,1,0
frswedom,1524203646945182603,1,0
frswedom,1501625245160147684,1,0
frswedom,1414696197248481095,0,0
frswedom,1343533238966916207,1,0
frswedom,1337742402677184868,1,0
frswedom,1216483363503527477,0,0
frswedom,1214691754310948303,0,0
frswedom,1123417128885343271,1,0
frswedom,1121670817202886039,0,0
frswedom,1119777336276604432,0,0
vyshnavkarun,2706839481764653135,0,1
vyshnavkarun,2706830614224792723,0,1
vyshnavkarun,2701764676543207929,0,1
vyshnavkarun,2701715996346415292,0,0
vyshnavkarun,2696722941798093574,0,1
vyshnavkarun,2690147679176303954,0,1
vyshnavkarun,2685767344671955272,0,1
vyshnavkarun,2681391501313065787,1,1
vyshnavkarun,2681320871725234154,0,1
vyshnavkarun,2678699589447839248,1,1
vyshnavkarun,2678641149975454948,0,1
vyshnavkarun,2675565214306803959,0,1
actualjcwii,2074310266337913065,0,0
actualjcwii,2074310132019715605,0,0
actualjcwii,2074310006601509456,0,0
actualjcwii,2048064432714913965,0,1
actualjcwii,2016448461978028102,0,1
actualjcwii,2003283521771554500,0,0
actualjcwii,2000866476211670015,0,0
actualjcwii,1995965519044765738,0,1
actualjcwii,1993127662261297550,1,1
actualjcwii,1982527685675807205,0,0
actualjcwii,1982299528398009190,0,1
actualjcwii,1982169158717391609,0,0
britishcode,2206717267910067909,0,0
britishcode,2184927457713513495,0,0
britishcode,2004587940692739332,0,1
britishcode,1946579190501843011,0,0
britishcode,1828994133667588377,0,0
britishcode,1809664353684065064,0,1
britishcode,1806670965363905351,0,0
britishcode,1691998923364899265,0,0
britishcode,1419005130140818943,0,0
britishcode,1397050611882641335,0,0
britishcode,1326135296701752454,0,0
britishcode,1295033373739326065,0,0
malousloth,2612684991042619415,0,0
malousloth,2564615974621248924,0,0
malousloth,2462737999668197786,0,0
malousloth,2446368764331555785,0,0
malousloth,2437835833694626680,0,0
malousloth,2432755053771396109,0,0
malousloth,2408651324055244584,0,0
malousloth,2406632386723078508,0,0
malousloth,2380726665242639116,0,0
malousloth,2362570615616236959,0,0
malousloth,2360260196377748963,0,0
malousloth,2358873063725427776,0,0
babehmaul,2720525472238549948,0,1
babehmaul,2712314494906092452,0,1
babehmaul,2696554960933290910,0,1
babehmaul,2668371158629697577,0,0
babehmaul,2648521798517654985,0,1
babehmaul,2645095055037017303,0,1
babehmaul,2503081880971600242,0,1
babehmaul,2477070489202703883,0,1
babehmaul,2363986947494123752,1,0
babehmaul,2358824075235452168,0,1
babehmaul,2300125586222190108,0,1
babehmaul,2206669927145049455,0,0
valdisme,2272751629040408850,0,0
valdisme,2129523684369792097,0,0
valdisme,2112728521748278840,0,0
valdisme,1981593815527373643,0,0
valdisme,1827772641076117259,0,0
valdisme,1798633525944818778,0,0
valdisme,1692506170520246561,0,0
valdisme,1521591310254225363,0,0
valdisme,1521364973505654294,0,0
valdisme,1520946295244948386,0,0
valdisme,1520934523092015107,0,0
valdisme,1494299176484522511,0,0
thealex.v15,2671626420964764986,0,0
thealex.v15,2661400639044457393,0,0
thealex.v15,2573918465954382870,1,0
thealex.v15,2569179033934068514,1,0
thealex.v15,2560819169767762342,0,0
thealex.v15,2224398169954306857,0,0
thealex.v15,2118553582030005651,0,0
thealex.v15,1984628038374357415,1,0
thealex.v15,1947508422137446871,0,0
thealex.v15,1917065023685230845,0,0
thealex.v15,1912937047527855529,0,0
thealex.v15,1904953133215593042,0,0
amatyashov,2651520921860901351,0,1
amatyashov,2468187462940142505,0,1
amatyashov,2463780938684304427,0,1
amatyashov,2253605251751790802,0,1
amatyashov,2252160184948223837,0,1
amatyashov,2180383919220643850,0,1
amatyashov,2176374942195277926,0,0
amatyashov,2176374142509448126,0,0
amatyashov,2176373723389342852,0,0
amatyashov,2176373228318870336,0,0
amatyashov,2176372274861285779,0,0
amatyashov,2176371822589395683,0,0
belhajimen,2098960505906364665,0,0
belhajimen,2096098308939185344,0,0
belhajimen,2053987123333477834,0,0
belhajimen,1940617470406995297,0,0
belhajimen,1926479773803232333,0,0
belhajimen,1916764731155522078,0,0
belhajimen,1836334318736004451,0,0
belhajimen,1835936435398491432,0,0
belhajimen,1834501741922223302,0,0
belhajimen,1776193681054619012,0,0
belhajimen,1775645295838607354,0,0
belhajimen,1773848251188890055,0,0
pongracz.szabolcs,2650889018550661209,0,0
pongracz.szabolcs,2387262731089444012,0,0
pongracz.szabolcs,2379052298062996628,0,0
pongracz.szabolcs,2378315262800689060,0,0
pongracz.szabolcs,2372829045724174283,0,0
pongracz.szabolcs,2320690079167098492,0,0
pongracz.szabolcs,2309653248339733639,0,0
pongracz.szabolcs,2297573478286278623,0,0
pongracz.szabolcs,2294462665862374428,0,0
pongracz.szabolcs,2285165236172292126,0,0
pongracz.szabolcs,2274734863214852869,0,0
pongracz.szabolcs,2197406417262796353,0,0
denis_mesh,2631476572425719314,0,0
denis_mesh,2631408512861572016,0,1
denis_mesh,2556783441759714980,0,0
denis_mesh,2512431995384107197,0,0
denis_mesh,2427119831083814092,0,0
denis_mesh,2415886031460862120,0,0
denis_mesh,2402477998171283686,0,0
denis_mesh,2379284777966741959,0,0
denis_mesh,2378560083663644928,0,0
denis_mesh,2377835442359873455,0,0
denis_mesh,2377208073953595667,0,0
denis_mesh,2377049996606190214,0,0
abo0oo0d4682,2686618035483247225,0,0
abo0oo0d4682,2685095574803395189,0,0
abo0oo0d4682,2660965702988714304,0,1
abo0oo0d4682,2512039274090929773,0,1
abo0oo0d4682,2459075141221909917,0,1
abo0oo0d4682,2392374671359490679,0,1
abo0oo0d4682,2389488031641258119,0,0
abo0oo0d4682,2353758678785830652,0,0
abo0oo0d4682,2344612886347126269,0,0
abo0oo0d4682,2334892309717905486,0,0
abo0oo0d4682,2309861763396837205,0,0
abo0oo0d4682,2287998833069648096,0,0
jhon_p16,2311180719592705501,0,1
jhon_p16,2171586625845345466,0,0
jhon_p16,2171550731948036450,0,0
jhon_p16,2171536681809926714,0,1
jhon_p16,2162179695100040860,0,0
jhon_p16,2162176252767817151,0,0
jhon_p16,2144693791511125877,0,0
jhon_p16,2126554902443449625,0,0
jhon_p16,2097653263292728615,0,0
jhon_p16,2097648880740195948,0,0
jhon_p16,2033051602190282050,0,0
jhon_p16,2026330259733124545,0,0
megusto97,2613523538812817873,0,1
megusto97,2478768665803013823,1,0
megusto97,2390875221101892083,0,1
megusto97,2381571313258943690,0,1
megusto97,2362670480626690961,0,0
megusto97,2204103486501372489,0,1
megusto97,2089415717012345009,0,0
megusto97,1955925022157891585,1,0
megusto97,1783544416600160654,1,0
megusto97,1712452396986035237,0,0
megusto97,1704610919501189611,0,0
megusto97,1703781737938403172,0,1
foteini.kappa,2691144683842909987,0,0
foteini.kappa,2688134467796854665,0,1
foteini.kappa,2679928159727626611,0,0
foteini.kappa,2670665167286799968,0,0
foteini.kappa,2667204729820085600,0,0
foteini.kappa,2656981049470952666,0,0
foteini.kappa,2605409448498195453,0,0
foteini.kappa,2596874533259397122,0,0
foteini.kappa,2568574156705529559,0,0
foteini.kappa,2430055668275914349,0,0
foteini.kappa,2388963727148952066,0,0
foteini.kappa,2308470171703974218,0,0
iamabhashmi,2628293308808239213,0,0
iamabhashmi,2622757581169360708,0,0
iamabhashmi,2618640623205207881,0,0
iamabhashmi,2572868108734540617,0,0
iamabhashmi,2544475323358968256,0,1
iamabhashmi,2535179300438302010,0,0
iamabhashmi,2508823074645495386,0,0
iamabhashmi,2508014734478785993,0,0
iamabhashmi,2495080545341402703,0,0
iamabhashmi,2494239137600443785,0,0
iamabhashmi,2491399097773993482,0,0
iamabhashmi,2484761656858278071,0,0
mondei1,2287803472076152825,0,0
mondei1,2035715027526372860,1,1
mondei1,1903756534892910472,1,0
mondei1,1899300460620619389,0,0
mondei1,1890901726924666442,1,1
mondei1,1886537786052774253,0,0
mondei1,1881932858038570585,0,0
mondei1,1854315804112647945,0,0
mondei1,1813811478533643997,1,0
mondei1,1771291247919584726,1,0
mondei1,1766818689749038547,0,0
mondei1,1733526600215260985,0,0
gaurav_codemonster,2697158919919060576,0,0
gaurav_codemonster,2606184968896081790,1,0
gaurav_codemonster,2574713585171374601,1,0
gaurav_codemonster,2493505840234026600,1,0
gaurav_codemonster,2166042675752892123,1,0
gaurav_codemonster,2089044142721193400,1,0
gaurav_codemonster,1996280398992562434,0,1
gaurav_codemonster,1907360095080424261,1,0
gaurav_codemonster,1859323360874658263,1,0
gaurav_codemonster,1786117413369390531,1,0
gaurav_codemonster,1734835430824376775,1,1
gaurav_codemonster,1716516324282639103,1,0
computing4all,2151225856362010361,0,0
computing4all,2150597768414285698,0,0
computing4all,2112854486754317698,0,0
computing4all,2109255087440723899,0,0
computing4all,1972181021872980402,0,0
computing4all,1965424539220692348,0,0
computing4all,1965422931040778784,0,0
computing4all,1965422568627655462,0,0
computing4all,1965421326400694102,0,0
computing4all,1896691592125133232,0,0
computing4all,1891822356680444890,0,0
computing4all,1876717349715079445,0,0
ba_ddou,2498295480641372537,1,0
ba_ddou,2460550032136824983,1,0
ba_ddou,2402658449953653073,0,0
ba_ddou,2319259663052081998,1,0
ba_ddou,2294607736570016005,0,0
ba_ddou,2229377638149773398,0,0
ba_ddou,2212667937685189245,0,0
ba_ddou,2188766131896938496,0,0
ba_ddou,2186608082486594419,0,0
ba_ddou,1840173801561437191,0,1
ba_ddou,1839418231024957319,0,0
call_me_maci_,2709860324717111067,0,0
call_me_maci_,2660578749077126692,0,0
call_me_maci_,2473665707970552638,0,0
call_me_maci_,2430903614645276066,0,0
call_me_maci_,2397210655865474727,0,0
call_me_maci_,2169222803413619798,0,0
call_me_maci_,2077849358717564686,0,0
call_me_maci_,1985720648291633022,0,0
and____spring,2450233998349158546,1,0
and____spring,2432705131472328576,0,0
and____spring,2427164401983237496,0,0
and____spring,2366693461116867440,0,0
and____spring,2360678459587349538,0,0
and____spring,2353832984949541875,0,0
and____spring,2343019791207311885,0,0
and____spring,2321253779055251794,0,0
and____spring,2267952667128851794,0,0
and____spring,2184074213581501748,1,0
and____spring,2099400733561219245,0,0
and____spring,2071072171888578335,0,0
theradikalstyle,2418394673933863679,0,0
theradikalstyle,2333632471230807685,0,0
theradikalstyle,2332117584524456600,0,0
theradikalstyle,2287908283791872971,0,0
theradikalstyle,2280097079894553945,0,0
theradikalstyle,2204856240856036380,0,0
theradikalstyle,2172669898160124385,0,0
theradikalstyle,2170513174351413717,0,0
theradikalstyle,2163352046454291740,0,0
theradikalstyle,2148100763220846642,0,0
theradikalstyle,2137430301625223726,0,0
theradikalstyle,2136093318092915876,0,1
thegameprogrammer,2724633669718675055,0,0
thegameprogrammer,2480009181256734446,0,0
thegameprogrammer,1984375116859076114,0,0
thegameprogrammer,1981333727766243014,0,0
thegameprogrammer,1979992494422697686,0,1
thegameprogrammer,1979992165018785273,0,0
thegameprogrammer,1979991757995353137,0,0
thegameprogrammer,1974060181868456566,0,0
thegameprogrammer,1973399836870949372,0,0
thegameprogrammer,1973014403418780584,0,1
thegameprogrammer,1970659173133726390,0,0
thegameprogrammer,1970174369858765412,0,1
andrisunardi,2716913535949989002,0,0
andrisunardi,2697776513444343014,0,0
andrisunardi,2671970841649961227,0,0
andrisunardi,2669889589216203970,0,0
andrisunardi,2664032728348748213,0,0
andrisunardi,2658274351824374213,0,0
andrisunardi,2647930047008425246,0,0
andrisunardi,2599917580492023430,0,1
andrisunardi,2574059286112453834,0,0
andrisunardi,2572553296028114171,0,0
andrisunardi,2569853537207262298,0,0
andrisunardi,2569168736708115963,0,0
jsongerber,2091631731611526799,1,0
jsongerber,2013919518778488374,1,0
jsongerber,1910274020792644680,1,1
jsongerber,1861180227105267333,1,0
jsongerber,1801809357790762899,1,1
jsongerber,1717601371131482830,1,0
jsongerber,1687312521717130071,1,0
jsongerber,1638731292822993417,1,1
jsongerber,1634362148228701026,1,0
jsongerber,1630666576435102751,1,0
jsongerber,1586466628152079014,0,0
jsongerber,1585754350373242789,1,0
occsdev,1876369194514564440,0,0
occsdev,1850205326692267062,0,0
occsdev,1837950648625561601,0,0
occsdev,1832904928503728542,0,0
occsdev,1820530951210871062,0,0
occsdev,1812504228011599498,0,0
occsdev,1805411746979446831,0,0
occsdev,1802488790779372199,0,0
occsdev,1795241488918421047,0,0
occsdev,1792309860642563313,0,0
occsdev,1790787458230045809,0,0
occsdev,1790104328229640471,0,0
rcpisawesome,2271148238744579528,0,0
rcpisawesome,2269791251836496716,0,0
rcpisawesome,2266836779596157224,0,0
rcpisawesome,2265528263585489456,0,0
rcpisawesome,2264007981662072567,0,0
rcpisawesome,2228657680776233856,0,0
rcpisawesome,2227865075683630511,0,0
rcpisawesome,2226408753448519976,0,0
rcpisawesome,2225014040254361718,0,0
rcpisawesome,2224204687892951589,0,0
rcpisawesome,2223551314021601726,0,0
rcpisawesome,2223065403911779629,0,0
dylan.03100,2669745653385595767,0,0
dylan.03100,2653276468581488348,0,0
dylan.03100,2555494600263747516,0,0
dylan.03100,2553257119644431416,0,0
dylan.03100,2498896641552467559,0,0
dylan.03100,2438000739308820919,0,0
dylan.03100,2431998456209255087,0,0
dylan.03100,2382743978759416428,0,0
dylan.03100,2178474374580112096,0,0
dylan.03100,2171884886495915065,0,0
dylan.03100,2085789787173701927,0,0
dylan.03100,2000943244851533385,1,0
theaquarianboy,2685041981278102889,0,0
theaquarianboy,2317256592360679434,0,0
theaquarianboy,2317251225580872532,0,0
theaquarianboy,2317249551374139898,0,0
theaquarianboy,2305931533289276271,0,0
theaquarianboy,2305046243901250894,0,0
theaquarianboy,2302918925737165439,0,1
theaquarianboy,2296959567714879949,0,0
theaquarianboy,2296248143006936581,0,0
theaquarianboy,2294865588278040680,0,1
theaquarianboy,2289287303167164004,0,0
theaquarianboy,2287069832439779750,0,0
knackstudios_io,1182376133187044875,1,0
knackstudios_io,1171473796004283527,1,0
knackstudios_io,1170534469954930257,1,0
knackstudios_io,1170477486996424601,1,0
knackstudios_io,1147257334872115182,0,0
knackstudios_io,1124813321078539976,1,0
knackstudios_io,1070411480891099036,1,0
knackstudios_io,1070080006589482141,1,0
knackstudios_io,1069661853606708437,1,0
knackstudios_io,1066240295945078420,0,0
knackstudios_io,1066013357355796316,0,0
knackstudios_io,1065589768596981032,1,0
insomnius.arib,2718875745940999678,0,0
insomnius.arib,2678618434870003228,0,0
insomnius.arib,2590083318471896548,0,0
insomnius.arib,2477059278356423653,0,0
insomnius.arib,2474847010201887045,0,0
insomnius.arib,2472773195695169064,0,0
insomnius.arib,2462966622907215643,0,1
insomnius.arib,2451784943903673848,0,1
insomnius.arib,2392083476804652614,0,1
insomnius.arib,1945691298448324990,0,0
insomnius.arib,1925458307034001226,0,0
insomnius.arib,1790778134996949715,0,0
serverpoint,2680925053221988543,0,0
serverpoint,2646899444986902620,0,0
serverpoint,2610482883422275750,0,0
serverpoint,2590593651132206008,0,0
serverpoint,2585537251179994835,0,0
serverpoint,2584100298274305714,0,0
serverpoint,2474473397860288943,0,0
serverpoint,2437982245070160617,0,0
serverpoint,2380908297849699857,0,0
serverpoint,2372828940665310000,0,0
serverpoint,2110262598611210358,0,0
serverpoint,2091501896199225207,0,0
sil.ete,2730781493958878988,0,0
sil.ete,2727183328013724489,0,0
sil.ete,2716391876375798594,0,0
sil.ete,2707592631770260151,0,0
sil.ete,2703021503183712368,0,0
sil.ete,2702500998070506553,0,0
v.tasev,2588783743415051291,0,0
v.tasev,2301762264468783218,0,0
v.tasev,2266961651677190218,0,0
v.tasev,2199565890119768550,0,0
v.tasev,2197414222408459537,0,0
v.tasev,2174877945654181868,0,0
v.tasev,2061789327025646649,0,0
v.tasev,2023130562827288802,0,1
v.tasev,1945603670746823313,0,0
v.tasev,1910877625682749040,0,0
v.tasev,1890669852545695659,0,0
v.tasev,1767468754515989332,0,0
danny.robert,2735096465851689878,0,0
danny.robert,2730674067060697669,0,0
danny.robert,2729304718978797013,0,1
danny.robert,2729268612698556235,0,0
danny.robert,2729265214129641787,0,0
danny.robert,2729262589258506201,0,0
danny.robert,2729259178249159689,0,0
danny.robert,2729257163649706562,0,0
danny.robert,2729253805236910897,0,0
danny.robert,2729250974819758027,0,0
danny.robert,2582673302879491775,0,1
danny.robert,2582671595344798287,0,1
obeyeno,2505485802555210924,0,0
obeyeno,2422647721754614086,0,0
obeyeno,2281262741098658173,0,0
obeyeno,2280540226643695296,0,0
obeyeno,2265466697727493645,0,0
obeyeno,2255294064969064446,0,0
obeyeno,2255293187763982459,0,0
obeyeno,2238782959002711980,0,0
obeyeno,2238779983252485888,0,0
obeyeno,2168872234726655799,0,0
obeyeno,2132681614395075713,0,0
obeyeno,2119260296358300065,0,0
juancms98,2708455668447079813,0,0
juancms98,2638283813746986325,0,0
juancms98,2589514661444304355,0,1
juancms98,2567832138188551643,0,0
juancms98,2562070080729828087,0,0
juancms98,2557828318314175998,0,0
juancms98,2556868417956113175,0,0
juancms98,2478974666527221442,0,0
tickstersapp,1312544604633179662,1,0
tickstersapp,1192733558919310746,1,0
tickstersapp,1191306006874992426,1,0
tickstersapp,1177601882455191301,1,0
tickstersapp,1173189692818108413,0,0
tickstersapp,1128914206026018639,1,0
tickstersapp,1092695532420377751,1,0
tickstersapp,1057342303432256855,1,0
tickstersapp,1026808370668154850,1,0
tickstersapp,1026682586049720220,1,0
simon.pirmann,2653140690452486488,0,0
simon.pirmann,2374014959585226425,0,0
simon.pirmann,2363867904900544130,0,0
simon.pirmann,2358794624644619781,0,0
simon.pirmann,2353720870616821822,0,0
simon.pirmann,2348647756606361368,0,0
simon.pirmann,2343574098569389101,0,0
simon.pirmann,2334909960223868668,0,0
simon.pirmann,2334141360298954561,0,0
simon.pirmann,2333427526355598439,0,0
simon.pirmann,2328353920562826241,0,0
simon.pirmann,2323280226983475305,0,0
thefrontendguy,2690062229207976543,0,0
thefrontendguy,2688612938422904175,0,0
thefrontendguy,2687162963770605516,0,0
thefrontendguy,2684988923693847909,0,0
thefrontendguy,2683539122309752787,0,0
thefrontendguy,2682089913421190777,0,0
thefrontendguy,2679915616770579798,0,0
thefrontendguy,2678465830947351941,0,0
thefrontendguy,2677016185096360676,0,0
thefrontendguy,2674841864974324025,0,0
thefrontendguy,2673392481124530203,0,0
thefrontendguy,2671942861689377299,0,0
random_unrelated_name,2543103960064192351,0,0
random_unrelated_name,2273564136506073425,0,0
random_unrelated_name,2092338730546302527,0,0
random_unrelated_name,2069593563695658735,0,0
random_unrelated_name,2041658545700497935,0,0
random_unrelated_name,2040946098597483970,0,0
random_unrelated_name,2040880149190123405,0,0
random_unrelated_name,2031972472598712383,0,0
random_unrelated_name,1939841147369055282,0,0
random_unrelated_name,1921860598159378425,0,0
random_unrelated_name,1883989916225131697,0,0
random_unrelated_name,1876157326211489591,0,0
vibhassharma,2687283937431983504,1,0
vibhassharma,2595230691768466225,1,0
vibhassharma,2433610413293496054,1,0
vibhassharma,2391559360176125144,1,0
vibhassharma,2347362181475746155,1,0
vibhassharma,2315471303992143624,1,0
vibhassharma,2295893372810687260,1,0
vibhassharma,2283576205830272497,1,0
vibhassharma,2276333749556558656,1,0
vibhassharma,2245194875069573787,1,0
vibhassharma,2234291277532029560,1,0
vibhassharma,2205315142215692572,1,0
arsalanse,2268787575080865814,0,0
arsalanse,2001644549902036873,1,0
arsalanse,1902493447848427363,1,0
arsalanse,1858242366344216284,0,0
arsalanse,1591333952136653291,0,0
arsalanse,1587202527221107552,0,0
arsalanse,1355920024514269392,0,0
arsalanse,1193430697156984686,0,0
arsalanse,1090458029538066178,0,0
arsalanse,1066949108374617429,0,0
btboxr_arib,2728728254030498287,0,1
btboxr_arib,2727615876291157359,0,1
btboxr_arib,2719826481025130452,0,0
btboxr_arib,2684995094783042537,0,0
btboxr_arib,2658691060994102977,0,1
btboxr_arib,2362513334140402621,0,1
btboxr_arib,2358146988448189416,0,1
btboxr_arib,2352626351931718161,0,0
btboxr_arib,2248658521877263609,0,0
btboxr_arib,2068880372171459543,0,1
btboxr_arib,2067040777969993549,0,1
btboxr_arib,2002373354683590447,1,0
dipenc245,2671898551491029761,0,0
dipenc245,2664904306110743602,0,0
dipenc245,2652308736205295827,0,0
dipenc245,2634166714635470363,0,1
dipenc245,2445959610590099587,0,0
dipenc245,2376138172022007301,1,0
dipenc245,2299208144349247249,0,0
dipenc245,2171069641647006123,0,0
dipenc245,2090446832267114645,1,0
dipenc245,2090443155649080846,0,0
dipenc245,2042251104150867657,0,0
dipenc245,1986104100739974617,1,0
sonai_sunshine96,2737731290194611699,0,0
sonai_sunshine96,2735228383163472608,0,0
sonai_sunshine96,2734273785200179013,0,0
sonai_sunshine96,2732314310817973094,0,0
sonai_sunshine96,2730176526187546601,0,0
sonai_sunshine96,2728361439322564525,0,0
sonai_sunshine96,2719973257603525930,0,0
sonai_sunshine96,2708772428464895392,0,0
sonai_sunshine96,2698923401653220995,0,0
sonai_sunshine96,2687417741656589291,0,0
sonai_sunshine96,2678648574606481617,0,0
sonai_sunshine96,2611781157083621918,0,0
jalalsaidov,2023708694207709422,1,0
jalalsaidov,2003611879806543800,1,0
teddy_rahsyah,2699600848643576296,0,0
teddy_rahsyah,2575607164738315152,0,0
teddy_rahsyah,2522540715393967932,0,0
teddy_rahsyah,2512600915765465275,0,1
teddy_rahsyah,2511134997608801354,1,0
teddy_rahsyah,2505180439254452285,0,0
teddy_rahsyah,2096622320105219966,1,0
teddy_rahsyah,1907394045177749408,1,0
teddy_rahsyah,1841413301247388853,0,0
teddy_rahsyah,1837027447134824222,0,1
teddy_rahsyah,1835692378838904241,0,1
teddy_rahsyah,1815324468065353833,0,0
camelcaseguy,2724989684324062464,0,0
camelcaseguy,2721252531786113570,0,0
camelcaseguy,2714904410797844904,0,0
camelcaseguy,2670523648383050244,1,0
camelcaseguy,2584395121068722038,0,1
camelcaseguy,2579199484603712037,0,0
camelcaseguy,2573030372274039512,0,0
camelcaseguy,2567166705938600900,0,0
camelcaseguy,2564182311783312793,0,0
camelcaseguy,2563336727572602777,0,0
camelcaseguy,2561046295870372881,0,0
camelcaseguy,2560269842144569032,0,0
blackmencode,1349506549744117002,1,0
blackmencode,1345734096868893628,1,0
blackmencode,1274899970009436507,1,0
blackmencode,1251418699040133714,0,0
blackmencode,1236226841183883799,1,0
blackmencode,1223894333847081139,0,0
blackmencode,1192789413106651592,0,0
blackmencode,1188083059632738603,0,0
blackmencode,1188002691365835204,0,0
blackmencode,1182774087006655038,0,0
blackmencode,1172742325048283329,0,0
blackmencode,1167603962582504267,0,0
enviraldesign,2597484052585686247,0,1
enviraldesign,2592588568248429776,0,0
enviraldesign,2558314248406886791,0,1
enviraldesign,2556204678624822743,0,0
enviraldesign,2547629553675588053,0,1
enviraldesign,2546086870695879626,0,0
enviraldesign,2545209797899188759,0,1
enviraldesign,2543018125714880253,0,1
enviraldesign,2542436872263533624,0,1
enviraldesign,2540850942326883418,0,1
enviraldesign,2535063332648340568,0,1
enviraldesign,2525733400734533080,0,0
amirrezam75,2685952251780095474,1,0
amirrezam75,2593922932099194504,1,1
amirrezam75,2501799654866296951,1,0
amirrezam75,2431583182823519871,1,0
amirrezam75,2431570700029537984,1,1
amirrezam75,2418544829765057470,1,1
amirrezam75,2365564543314176615,1,0
amirrezam75,2365508734559532460,1,1
amirrezam75,2350098228130745475,1,0
amirrezam75,2319759865328609443,1,0
amirrezam75,2272227475507408787,1,0
amirrezam75,2245943375083823301,1,0
saideep_prinja,2728957592156467951,0,0
saideep_prinja,2726093065605866103,0,0
saideep_prinja,2722413496349727920,0,0
saideep_prinja,2721305169391461931,0,0
saideep_prinja,2712010472701642436,0,1
saideep_prinja,2689162324087229005,0,0
saideep_prinja,2688456079772490282,0,0
saideep_prinja,2654326556089196689,0,0
saideep_prinja,2607539910100286498,0,0
saideep_prinja,2582588913123034002,0,0
saideep_prinja,2567318795820209185,0,0
saideep_prinja,2565871587573068834,0,0
apsyadiraa,2741050803191357876,0,1
apsyadiraa,2731306477290880798,0,0
apsyadiraa,2722174473112819353,0,0
apsyadiraa,2691591899762136106,0,0
apsyadiraa,2650859491195016295,0,0
apsyadiraa,2632723802909833579,0,0
apsyadiraa,2613077288465745420,0,0
apsyadiraa,2609434948228481630,0,0
apsyadiraa,2592036880811977082,0,0
apsyadiraa,2581164315142970070,0,0
apsyadiraa,2580599018677701131,0,0
apsyadiraa,2577600696983641041,0,0
youti_ben,2738529721896845899,0,0
youti_ben,2737752839372861522,0,0
youti_ben,2278437821343622419,0,0
youti_ben,2234839226237841987,0,0
youti_ben,2231471417348750289,0,0
youti_ben,2208735722184312185,0,0
youti_ben,2183492470250303029,0,0
youti_ben,2182976894700424089,0,0
youti_ben,2169208810181457547,0,0
youti_ben,2158265897654031858,0,0
youti_ben,2158218910409842814,0,0
youti_ben,2158122538851548552,0,0
hadziqmtqn,2686858552399998575,0,0
hadziqmtqn,2674821756558381958,0,0
hadziqmtqn,2662170752589281669,0,0
hadziqmtqn,2658287354806286967,0,0
hadziqmtqn,2656795856048825600,0,0
hadziqmtqn,2652397091321845395,0,0
hadziqmtqn,2648839399429025488,0,0
hadziqmtqn,2647872999946928082,0,0
hadziqmtqn,2647416348678038749,0,0
hadziqmtqn,2646691764341337639,0,0
hadziqmtqn,2646473003027499725,0,1
hadziqmtqn,2645841750259961014,0,0
salmanshuaib,2736723756904179810,0,1
salmanshuaib,2733169522092361647,0,0
salmanshuaib,2731863503452572959,0,1
salmanshuaib,2719486783413270971,0,0
salmanshuaib,2711041734240826378,0,0
salmanshuaib,2709332258102521402,0,0
salmanshuaib,2706135783156285939,0,0
salmanshuaib,2705664305579227378,0,0
salmanshuaib,2704192355954719333,0,0
salmanshuaib,2704075284436301379,0,0
salmanshuaib,2702871238622361910,0,0
salmanshuaib,2702513060333023638,0,0
codecloud.me,1033901231605832166,1,0
codecloud.me,1033127244843997609,1,0
codecloud.me,1029562016113908031,0,0
codecloud.me,1024551585095899668,0,1
codecloud.me,1024531029499861095,0,0
codecloud.me,1024518163128408927,0,0
codecloud.me,1024496693509642690,0,0
codecloud.me,1023729254802938653,0,1
codecloud.me,1023698920212289894,0,0
codecloud.me,1023695567721879858,0,0
codecloud.me,1023667427263929155,0,0
codecloud.me,1023029069252679715,0,0
atharvapatwardhan,2687017227762274436,1,0
atharvapatwardhan,2687011662290117088,1,0
atharvapatwardhan,2676353211343946031,0,0
atharvapatwardhan,2616984525339370103,1,0
atharvapatwardhan,2597894134551596447,1,0
atharvapatwardhan,2586989106304027930,1,0
atharvapatwardhan,2493542082854378963,0,0
atharvapatwardhan,2484191878703318607,1,0
atharvapatwardhan,2479819427412372037,0,0
atharvapatwardhan,2478200031828808728,0,0
atharvapatwardhan,2461829043759457352,1,0
atharvapatwardhan,2443480110633007278,1,0
im_anarchist,2709024095768318618,0,0
im_anarchist,2700263679999241879,0,0
im_anarchist,2655514642117150248,0,0
im_anarchist,2636233697327972622,0,1
im_anarchist,2630423489754234388,0,0
im_anarchist,2628538919106656365,0,1
im_anarchist,2626544140261038610,0,1
im_anarchist,2595769404518531487,0,0
im_anarchist,2586980482061493194,0,0
im_anarchist,2567019423389273606,0,0
im_anarchist,2546739999234531404,0,0
im_anarchist,2528919437840923472,0,0
_jess_skye_,2137409745701773504,0,1
_jess_skye_,2098124890858316607,0,0
_jess_skye_,2097342121710639467,0,0
_jess_skye_,2096236292387058869,0,0
_jess_skye_,2091601180190005248,0,0
_jess_skye_,2085015379939301853,0,0
_jess_skye_,2084477213675155902,0,0
_jess_skye_,1947476127883049485,0,0
_jess_skye_,1904396204511791252,0,0
_jess_skye_,1897481980879493306,1,0
_jess_skye_,1896636358148190334,0,1
_jess_skye_,1894329589329883180,0,0
chamodshehanka,2741690618406291662,0,0
chamodshehanka,2728587495731224385,0,0
chamodshehanka,2722543180210986563,0,0
chamodshehanka,2721857336965596690,0,0
chamodshehanka,2719879394098174927,0,0
chamodshehanka,2715239171661967806,0,0
chamodshehanka,2678381933754180141,0,0
chamodshehanka,2675026482465813993,0,0
chamodshehanka,2671376248432657992,0,0
chamodshehanka,2662381644920583542,0,0
chamodshehanka,2621284438902368635,0,0
chamodshehanka,2615731442955432771,0,0
anonymous__programmer,2659792492950211261,0,0
anonymous__programmer,2655907823259368309,0,0
anonymous__programmer,2653268901786154483,0,1
anonymous__programmer,2650372637230630355,0,0
anonymous__programmer,2648198752057556205,0,0
anonymous__programmer,2646025691821159614,0,0
anonymous__programmer,2643845435139967210,0,0
anonymous__programmer,2641676644494838361,0,0
anonymous__programmer,2638776313226152331,0,1
anonymous__programmer,2637327928610599825,0,0
anonymous__programmer,2635865398897377836,0,0
anonymous__programmer,2632963851012792437,0,0
mojican38,2344521893924726143,0,0
mojican38,1900288408988102046,0,0
mojican38,1860638078969083410,1,0
mojican38,1748401431620514272,0,0
mojican38,1734636047730339811,0,0
mojican38,1709102264579663371,0,0
mojican38,1702394372191267510,0,0
mojican38,1688603510461337764,0,0
mojican38,1675049345077278486,0,0
mojican38,1640268057362720288,0,0
mojican38,1571843526592275416,1,0
mojican38,1571489176531314219,0,0
nishidakeisuke8,2630803675905659246,0,0
nishidakeisuke8,2611962629244267610,0,0
nishidakeisuke8,2573548187321046952,0,0
nishidakeisuke8,2382727316978503684,0,0
nishidakeisuke8,2350349462479547338,0,0
nishidakeisuke8,2287805424920864573,0,0
nishidakeisuke8,2271859150774101665,0,0
nishidakeisuke8,2240891425121902448,0,0
nishidakeisuke8,2174677204319616574,0,0
nishidakeisuke8,2147260954440867434,1,0
nishidakeisuke8,2140814464793131574,0,0
nishidakeisuke8,2122578882044526842,0,0
liisgarciia,2643065001841142107,0,1
liisgarciia,2612765871316109771,0,0
liisgarciia,2611189304970388306,0,0
liisgarciia,2609119746725997831,0,1
liisgarciia,2598396401659268983,0,0
liisgarciia,2591170475749891976,0,1
liisgarciia,2586503906197331375,0,1
liisgarciia,2585303526616601478,0,1
liisgarciia,2582881572119073689,0,1
liisgarciia,2580947132262208359,0,0
liisgarciia,2580188717785206809,0,1
liisgarciia,2578742668994485648,0,0
yliu.designs,2720973800369948946,0,0
yliu.designs,2577191860834265337,0,0
yliu.designs,2570926630223290913,0,1
yliu.designs,2567048842621944641,0,1
yliu.designs,2559321428378602235,0,0
yliu.designs,2555012427277138278,0,0
yliu.designs,2552480979491930584,0,0
yliu.designs,2534596829439293452,0,0
yliu.designs,2520978596698523424,0,0
yliu.designs,2477861405636089315,0,0
yliu.designs,2475778981204656033,0,0
yliu.designs,2432514380513752093,0,0
kawashimaken,2739809133627540588,0,0
kawashimaken,2731787537897892094,0,0
kawashimaken,2726932038916444919,0,0
kawashimaken,2711674122877574760,0,0
kawashimaken,2708290778151469965,0,1
kawashimaken,2705703886658090088,1,1
kawashimaken,2699913346362083773,0,0
kawashimaken,2699547054689905641,0,0
kawashimaken,2696623993523110916,0,0
kawashimaken,2679784606586915320,0,0
kawashimaken,2673898349991346502,1,0
kawashimaken,2658905989782098579,0,1
jeanmarccourtiade,2729985131952569940,0,1
jeanmarccourtiade,2728370829822863268,0,0
jeanmarccourtiade,2727150672563743071,0,1
jeanmarccourtiade,2726594820765195068,0,0
jeanmarccourtiade,2726285146912310527,0,1
jeanmarccourtiade,2725557144134367233,0,0
jeanmarccourtiade,2725007913740467918,0,0
jeanmarccourtiade,2723500519990737142,0,0
jeanmarccourtiade,2712586800188340619,0,0
jeanmarccourtiade,2711229289807758422,0,0
jeanmarccourtiade,2709716729900121229,0,0
jeanmarccourtiade,2703084695903723299,0,0
math_france,2739568770655083607,0,0
math_france,2732421843152619096,0,1
math_france,2732418849543743736,0,0
math_france,2728074215944080067,0,0
math_france,2727169956143669637,0,1
math_france,2679477786816289872,0,0
math_france,2678581892474136626,0,1
math_france,2675883105605392438,0,1
math_france,2667162799385530862,0,1
math_france,2663238714402139094,0,1
math_france,2654892294265495835,0,1
math_france,2640383218953953421,0,1
satadru97,2498699890888241402,0,0
satadru97,2482657040006286806,0,0
satadru97,2430004600329297621,0,0
satadru97,2386480567919229239,0,0
satadru97,2361748915989130865,0,0
satadru97,2335957829491328526,0,0
satadru97,2332310787724160353,0,0
satadru97,2330069584333094955,0,0
satadru97,2325375195824407832,0,0
satadru97,2323490511863664347,0,0
satadru97,2320691940986672644,0,0
satadru97,2307654203081616725,0,0
h9tech,2443524928239276322,0,0
h9tech,2385513684651865863,0,0
h9tech,2380009841230972871,0,0
h9tech,2376730644110888370,0,0
h9tech,2369145096336626051,0,0
h9tech,2333639290531134713,0,0
h9tech,2332725086232098242,0,0
h9tech,2331460749454729827,0,0
h9tech,2330035748620814406,0,0
h9tech,2329285444786812420,0,0
h9tech,2328614518248374790,0,0
h9tech,2326965197530533305,0,0
johan_mattisson,2742224498821651093,0,0
johan_mattisson,2192067052190336981,0,0
johan_mattisson,2146658335483921476,0,0
johan_mattisson,2074819671531458220,0,0
johan_mattisson,2073168887580593784,0,0
johan_mattisson,2070232974797860634,0,0
johan_mattisson,2045616187507081296,0,0
johan_mattisson,1791223454520623720,0,0
johan_mattisson,1780598479153556066,1,0
johan_mattisson,1773282141473284904,0,0
johan_mattisson,1698637287306291189,0,0
johan_mattisson,1645610755424061008,0,0
theinvisiblemedia,2469005483461212339,0,0
theinvisiblemedia,2467024914798705660,0,0
theinvisiblemedia,2466259138891304478,0,0
theinvisiblemedia,2465577972737059422,0,1
theinvisiblemedia,2463932064999842169,0,0
theinvisiblemedia,2461951631842164635,0,1
theinvisiblemedia,2461183910329914328,0,0
theinvisiblemedia,2460504464975262096,0,0
theinvisiblemedia,2458861086388015302,0,1
theinvisiblemedia,2456878052481465085,0,0
theinvisiblemedia,2456110616199164110,0,1
theinvisiblemedia,2455431001855746535,0,0
laravel_official,2452386504765375856,0,0
laravel_official,2404696707314171906,0,0
laravel_official,2393820803776068464,0,0
laravel_official,2386649747508226427,0,0
laravel_official,2323574540866787205,0,0
laravel_official,2320364317238768981,0,0
laravel_official,2284325017036637799,0,0
laravel_official,2256875337004767353,0,0
laravel_official,2220757736990427924,0,0
laravel_official,2201159489279907261,0,0
laravel_official,2177252621201540680,0,0
laravel_official,2162391136231490260,0,0
daniyal_akh,2649757118842853662,0,0
daniyal_akh,2639141248771848901,0,0
daniyal_akh,2639140615222201990,0,0
daniyal_akh,2592399854705895739,0,0
daniyal_akh,2590950432428181595,0,0
daniyal_akh,2590949756902031000,0,0
daniyal_akh,2584493050902830896,0,0
daniyal_akh,2500778893284254139,0,0
daniyal_akh,2386730214207203516,0,0
daniyal_akh,2375830332328056070,0,0
daniyal_akh,2357508721409568535,0,0
daniyal_akh,2340264723607492728,0,0
nycfocusgrouprecruiter,1203083379027067062,1,0
nycfocusgrouprecruiter,1203065070151910029,1,0
nycfocusgrouprecruiter,1156252294981206793,1,0
nycfocusgrouprecruiter,1156193161594651162,1,0
nycfocusgrouprecruiter,1152931014026576006,0,0
nycfocusgrouprecruiter,1119939896272076858,1,0
nycfocusgrouprecruiter,1112634881123664666,0,0
nycfocusgrouprecruiter,1109864074534306021,0,0
nycfocusgrouprecruiter,1104576720189899727,0,0
nycfocusgrouprecruiter,1103210894358593883,1,0
nycfocusgrouprecruiter,1103133601422491806,0,0
nycfocusgrouprecruiter,1103130736578641998,0,0
data_scientistt,2383072564526611614,0,0
data_scientistt,2124981231913644589,0,0
data_scientistt,2117788718106851503,0,0
data_scientistt,2117783574187311675,0,0
data_scientistt,2117782303212467384,0,0
data_scientistt,2117774309447742633,0,0
nishant_26n,2746415313513616814,0,0
nishant_26n,2569919391381996575,0,0
groopemultimedia,2181664482005362186,0,0
groopemultimedia,2179827540372525435,0,0
groopemultimedia,2175534606240273640,0,0
groopemultimedia,2165652863311990564,0,0
groopemultimedia,2161078717555016034,0,0
groopemultimedia,2156966375338545311,0,0
groopemultimedia,2154855583168478123,0,0
groopemultimedia,2153156462565098875,0,0
groopemultimedia,2151814594698694375,0,0
groopemultimedia,2151055799747953888,0,0
groopemultimedia,2149821414797365629,0,0
groopemultimedia,2149564629070985057,0,0
joshua_lazar_,2716241353475987195,0,1
joshua_lazar_,2710206724692273232,0,0
joshua_lazar_,2665278416863564673,0,0
joshua_lazar_,2664628107828809295,0,0
joshua_lazar_,2564928565981031357,0,1
joshua_lazar_,2496458714673632361,0,0
joshua_lazar_,2489877825718082527,0,0
joshua_lazar_,2478492259533554179,0,0
joshua_lazar_,2473897667190403797,0,0
joshua_lazar_,2473455536168714688,0,0
joshua_lazar_,2472634175045119260,0,0
joshua_lazar_,2472624172880069483,0,0
prasad.poojary,2085585862124509667,0,0
prasad.poojary,2071031984733355171,0,0
prasad.poojary,2051704651522300807,0,0
prasad.poojary,2049321709546329882,0,0
prasad.poojary,2045844671711879786,0,0
prasad.poojary,2044247649829393733,0,0
prasad.poojary,2043509771511837915,0,0
prasad.poojary,2042814807668899435,0,0
prasad.poojary,1770851403540125540,1,0
prasad.poojary,1714441130471812835,1,0
prasad.poojary,1694870029571764767,1,0
prasad.poojary,1665949149127050045,1,0
jaffemarques,2685971253222690334,0,0
jaffemarques,2653220830129102264,0,0
jaffemarques,2651945264104608875,0,0
jaffemarques,2645250956081638632,0,0
jaffemarques,2644514492461042479,0,0
jaffemarques,2643805364604364385,0,1
jaffemarques,2621343943786512312,0,1
jaffemarques,2614302791883432660,0,0
jaffemarques,2607043122412395786,0,1
jaffemarques,2597445114133775671,0,1
jaffemarques,2593247675923308109,0,1
jaffemarques,2592520329763334585,0,0
aladinyo_93,2569080183643203773,0,0
aladinyo_93,2564747727742010407,0,0
aladinyo_93,2550555689853214691,0,0
aladinyo_93,2406194002363467536,0,0
aladinyo_93,2323318736449138539,1,0
aladinyo_93,2102450809275270502,0,0
aladinyo_93,2101795759427744242,0,0
aladinyo_93,2101013601012594466,0,0
aladinyo_93,2100335687610357895,0,0
aladinyo_93,2099551133207171816,0,0
aladinyo_93,2099550109084136459,0,0
aladinyo_93,2098858599912833180,0,0
d_slike.codes,2344028411493672033,0,0
d_slike.codes,2050336757522228718,1,0
d_slike.codes,2044888104280015717,1,0
d_slike.codes,2042775900231248001,1,0
d_slike.codes,1998095779445074587,1,0
d_slike.codes,1986372719125735313,1,0
d_slike.codes,1970576363220279435,0,0
d_slike.codes,1956863279817328807,0,0
d_slike.codes,1943498598474064104,1,0
d_slike.codes,1940749899247583232,0,0
d_slike.codes,1928182853250856202,1,0
d_slike.codes,1908013353969068446,0,0
codehelper,2028139226398618275,0,0
codehelper,2014378915300607794,0,0
codehelper,1861308836041076640,0,0
codehelper,1720716200802408265,0,0
codehelper,1553218917048437372,1,0
codehelper,1549540467519504901,0,0
codehelper,1541649730450658498,0,0
codehelper,1534042084977470001,0,0
codehelper,1526733151501898036,0,0
codehelper,1522461636648500235,0,0
codehelper,1515871985548523296,0,1
codehelper,1509878853648487850,0,0
pandagains,2729373078627832626,0,0
pandagains,2709564748195927633,0,0
pandagains,2517795803819333473,0,0
pandagains,2118306627032349121,0,0
pandagains,2098967816401892021,0,0
pandagains,1953336191698141234,0,0
pandagains,1952323781680005096,0,0
pandagains,1943690348146345190,0,1
pandagains,1942123818769506342,0,0
pandagains,1941489696561382882,0,0
pandagains,1939255921214862481,0,0
pandagains,1938482150133119771,0,1
amm_duncan,2636567613167781586,0,0
amm_duncan,2631522953483381190,0,0
amm_duncan,2627705385551352479,0,0
amm_duncan,2626589539818822398,0,0
amm_duncan,2624248406614987471,0,0
amm_duncan,2622581133025881445,0,0
amm_duncan,2621589502109693969,0,0
amm_duncan,2604197815204512693,0,0
amm_duncan,2194537297982840210,0,0
art.exception,2742496174192854140,1,0
art.exception,2741059662276246646,1,0
art.exception,2696173887508651936,1,0
art.exception,2623363957479945049,1,0
art.exception,2622716194111008410,1,0
art.exception,2622525700156243101,1,0
art.exception,2564051433769369545,0,0
art.exception,2529124775915422051,1,0
art.exception,2514129105631788039,1,0
art.exception,2498108856788672001,1,0
art.exception,2488098624830355775,1,0
art.exception,2463204966163317300,1,0
notmaks_,2733075427536950543,0,0
notmaks_,2701888926602238364,0,0
notmaks_,2644219091106252804,0,0
notmaks_,2218221583591574663,0,0
notmaks_,2126274570961162899,0,0
notmaks_,2124081858858050889,1,0
notmaks_,2072630864349891365,1,0
notmaks_,2061636342799384382,1,0
notmaks_,2032129176542293504,1,0
notmaks_,2006499514881645514,1,0
notmaks_,2000806128581195464,0,0
notmaks_,1999539151698978405,1,0
neolynk,2398823752457651131,0,0
neolynk,2398822793320994281,0,0
neolynk,2398822196698034759,0,0
neolynk,2231890596444757163,0,0
neolynk,2230078646992030018,0,0
neolynk,2228659408075203034,0,0
neolynk,2227094417754586268,0,0
neolynk,2225798071852523611,0,0
neolynk,2222743746485942060,0,0
neolynk,2221132535593481885,0,0
neolynk,2219924968058496090,0,0
neolynk,2219114847340166335,0,0
foursites,2748166832080421883,0,0
foursites,2743667734502100419,0,0
foursites,2730682191867058591,0,0
foursites,2729261019023797540,0,0
foursites,2725693546572024649,0,0
foursites,2719234774914199347,0,0
foursites,2717801142678647379,0,0
foursites,2714123666253354114,0,0
foursites,2709693676966448262,0,0
foursites,2703939228283172093,0,0
foursites,2700314722915988517,0,0
foursites,2697336929988592427,0,0
fathela.mwailer,2195868795699237616,0,0
fathela.mwailer,2055348399427211257,1,0
fathela.mwailer,2042063233078321600,1,0
fathela.mwailer,2026910686093036971,1,0
fathela.mwailer,2019848189041291230,0,0
fathela.mwailer,2014090589817444081,0,0
fathela.mwailer,1994094712264626834,0,0
fathela.mwailer,1942416903092070215,0,0
moein459,2036271118307172645,1,0
moein459,2015471711679652896,1,0
moein459,1992275502883429385,1,0
moein459,1983625247203934070,1,0
moein459,1982216343127392250,1,0
moein459,1979928208754553519,1,0
moein459,1977828339298389513,1,0
moein459,1965508308799774622,1,0
moein459,1962660736464601435,1,0
moein459,1960262012899770151,1,0
moein459,1923917189066662913,1,0
moein459,1901749146702144862,1,0
timo.koerber,2744454535047176788,0,0
timo.koerber,2740080477690023704,0,0
timo.koerber,2700832263998733659,0,0
timo.koerber,2700504175123398837,0,0
timo.koerber,2667030058340926503,0,0
timo.koerber,2667028754616861430,0,0
timo.koerber,2663436039605087451,0,0
timo.koerber,2661161265299195888,0,0
timo.koerber,2644323473608999164,0,0
timo.koerber,2642548170226354467,0,0
timo.koerber,2638548599280208104,0,0
timo.koerber,2638504238727283828,0,0
taslangraham,2725007425751575710,0,0
taslangraham,2703976554316344761,0,0
taslangraham,2697680299478879018,0,0
taslangraham,2697487855435334055,0,0
taslangraham,2642524202762221597,0,0
taslangraham,2640258467467477693,0,0
taslangraham,2633814718134733384,0,0
taslangraham,2622771310182699544,0,0
taslangraham,2604771717247642570,0,0
taslangraham,2507200014070516057,0,1
taslangraham,2502589741573349660,0,0
taslangraham,2474958913393870771,0,0
tarantula_3d_,2330789880051092641,0,0
tarantula_3d_,2330079475230308101,0,0
tarantula_3d_,2329975343546636800,0,0
tarantula_3d_,2313431421051880351,0,0
tarantula_3d_,2313428946773297722,0,0
tarantula_3d_,2300137998450542134,0,0
tarantula_3d_,2300135140191701325,0,0
tarantula_3d_,2283551902010710208,0,0
tarantula_3d_,2282897442435590357,0,0
tarantula_3d_,2276444760342628719,0,0
tarantula_3d_,2265448448959074843,0,0
tarantula_3d_,2265447640548885940,0,0
jkomyno,2753909362965275043,0,0
jkomyno,2730758841731482001,1,0
jkomyno,2712850833991164279,0,0
jkomyno,2707669230977364485,0,0
jkomyno,2662764074112812845,0,0
jkomyno,2642100748724812621,0,0
jkomyno,2492965003692218809,1,0
jkomyno,2477201660062850348,0,0
jkomyno,2468619536690923854,0,0
jkomyno,2410669201519440757,0,0
jkomyno,2397461382171403232,0,0
jkomyno,2274761088594558715,0,1
pavel.savinov.es,2618271085468077518,0,0
pavel.savinov.es,2563195646173637105,0,0
pavel.savinov.es,2501785444967011038,0,0
pavel.savinov.es,2485660077135113538,0,0
pavel.savinov.es,2482699190535226561,1,0
pavel.savinov.es,2472553418502210773,0,0
pavel.savinov.es,2415485775287266415,0,0
pavel.savinov.es,2411193213936362673,0,0
pavel.savinov.es,2408378121092060445,0,0
pavel.savinov.es,2404703932933878428,0,0
pavel.savinov.es,2352494293404440526,0,0
pavel.savinov.es,2320572328939059445,0,0
santiagocarlosve,2733919891381884320,0,0
santiagocarlosve,2708499973208360966,0,0
santiagocarlosve,2705554174585502696,0,0
santiagocarlosve,2657115985046370941,0,0
santiagocarlosve,2610559738672830758,0,0
santiagocarlosve,2604855849063499158,0,0
santiagocarlosve,2594764849003566212,0,0
santiagocarlosve,2591850115727978218,0,0
santiagocarlosve,2586856546206325022,0,0
santiagocarlosve,2567729088987317372,0,0
santiagocarlosve,2555599154219096788,0,0
santiagocarlosve,2538951783569689706,0,0
var.safar,2717597483416153596,0,1
var.safar,2665432289301037167,0,1
var.safar,2656511520978445994,0,1
var.safar,2641582941689815590,0,0
var.safar,2625594960581241720,0,1
var.safar,2620658026704611606,0,1
var.safar,2619698000498366031,0,1
var.safar,2608195936739933510,0,1
var.safar,2607311185707756185,0,1
var.safar,2606828854085587974,0,1
var.safar,2605163793336092186,0,1
var.safar,2517998370257312272,0,0
brain.motion,2494395144463032107,0,0
brain.motion,2364256352087058112,0,0
brain.motion,1995705217351174007,0,0
brain.motion,1511530072010798608,1,0
brain.motion,1453698371889170976,1,0
brain.motion,1452965969797581700,1,0
brain.motion,1452010565890660664,1,0
brain.motion,1386846417901161055,1,0
brain.motion,1364391474950914662,1,0
brain.motion,1363117625315732721,1,1
brain.motion,1362921041701613371,1,0
brain.motion,1362838586307018802,0,1
mohammadali_mirhamed,2235955330583874595,0,0
mohammadali_mirhamed,2129108197470225104,0,1
mohammadali_mirhamed,2116840495619883457,0,0
mohammadali_mirhamed,2098143031794693707,0,0
mohammadali_mirhamed,2098100158458037771,0,0
mohammadali_mirhamed,1912629549772173649,0,0
mohammadali_mirhamed,1903921059058864353,0,0
mohammadali_mirhamed,1868133000376348955,0,0
mohammadali_mirhamed,1853002179751455057,0,0
mohammadali_mirhamed,1830732243020974447,0,0
mohammadali_mirhamed,1790139439521977268,0,0
mohammadali_mirhamed,1776809024157430754,0,0
hosam_zaqout,2752067877803023743,0,0
hosam_zaqout,2709959497751225267,0,0
hosam_zaqout,2696718361965243098,0,0
hosam_zaqout,2661420911113100707,0,1
hosam_zaqout,2635417797582324238,0,1
hosam_zaqout,2609966987041655056,0,1
hosam_zaqout,2597893533484209116,0,1
hosam_zaqout,2588817210094863851,0,1
hosam_zaqout,2578143619145709531,0,0
hosam_zaqout,2574966822937736105,0,0
hosam_zaqout,2569707887192245205,0,0
hosam_zaqout,2561444347062837569,0,1
imsanjaysoni,2357650465072070413,0,0
imsanjaysoni,2347827463136368345,0,1
imsanjaysoni,2337356807034731089,0,0
imsanjaysoni,2259736190521338434,0,0
imsanjaysoni,1991772237849807037,1,0
imsanjaysoni,1957624244567157563,0,1
imsanjaysoni,1915789386270463759,1,0
imsanjaysoni,1910393583985070711,0,0
imsanjaysoni,1903578433277812531,0,0
imsanjaysoni,1892436122252920742,0,0
imsanjaysoni,1875776303052029665,0,0
imsanjaysoni,1868206870951701734,0,0
datazenit,1861257849536441762,0,1
datazenit,1331876317091890935,1,0
datazenit,1251614018618725753,1,1
datazenit,1241442761138967613,1,0
datazenit,1228475350169360080,1,0
datazenit,1196426790628431219,1,0
datazenit,1192882654180742330,1,0
datazenit,1192248684678157905,0,0
datazenit,1191261511954929471,0,0
edson.soldevilla,2140708046349961298,0,1
edson.soldevilla,1995686349776458911,0,0
edson.soldevilla,1975525639633252657,0,1
edson.soldevilla,1939952666663106814,0,0
edson.soldevilla,1934747289394758131,0,0
edson.soldevilla,1900295653272446985,0,0
edson.soldevilla,1886223418798770443,0,0
edson.soldevilla,1879193534540978245,0,1
edson.soldevilla,1877772528790228490,0,1
edson.soldevilla,1873972882935000716,0,1
edson.soldevilla,1867022790227680545,0,1
edson.soldevilla,1864688905056924525,0,1
sysadmin_impaciente,2756017214173657684,0,0
sysadmin_impaciente,2754587975784570203,0,1
sysadmin_impaciente,2754094775190879027,0,0
sysadmin_impaciente,2750413166765053752,0,0
sysadmin_impaciente,2748934199397407039,0,0
sysadmin_impaciente,2748359642975720066,0,0
sysadmin_impaciente,2746003686814840225,0,0
sysadmin_impaciente,2743923400464910559,0,1
sysadmin_impaciente,2743089712406328563,0,0
sysadmin_impaciente,2740873359872066101,0,0
sysadmin_impaciente,2740404329127389837,0,0
sysadmin_impaciente,2740111370315758375,0,0
ken_inori,2458174063192254109,0,0
ken_inori,2458046017684426828,0,0
ken_inori,2380363222351272185,0,1
ken_inori,2379643716939120205,0,0
ken_inori,2250059117448448316,0,0
ken_inori,2236365124437087783,0,0
ken_inori,2064654945898153120,0,0
ken_inori,1977063131953647364,0,1
ken_inori,1972732278645526100,0,0
ken_inori,1959628140428838646,0,0
ken_inori,1958952126551738455,0,0
ken_inori,1956028872363131443,0,0
billythekode,2225406064601006688,0,0
billythekode,2057610591350664761,1,0
billythekode,2053130781253477423,0,0
billythekode,2027065956869889154,0,0
billythekode,2023130239613606664,0,0
billythekode,1936214548755582074,0,0
billythekode,1907419500762363443,0,0
billythekode,1906820065027987100,0,0
billythekode,1905785974644181791,0,0
billythekode,1905503564656307921,0,0
billythekode,1905316163984109557,0,0
billythekode,1904175139760980589,0,0
perin_q,2746158931597605732,0,0
perin_q,2722656509652191514,0,0
perin_q,2713500563045516109,0,0
perin_q,2667967081574689915,0,0
perin_q,2663678687337465839,0,0
perin_q,2654186855357764637,0,0
perin_q,2651302223202590808,0,0
perin_q,2643844250526997584,0,0
perin_q,2642729631831165537,0,0
perin_q,2641887363394070451,0,0
perin_q,2609101061129161317,0,0
perin_q,2575718336157376453,0,0
stitchpatrick,1980877768551939957,0,0
stitchpatrick,1962788085860613854,0,1
stitchpatrick,1953463656361978976,0,0
stitchpatrick,1899123935854052379,0,0
stitchpatrick,1888219063373878385,0,0
stitchpatrick,1860697765919900158,0,0
stitchpatrick,1655447779553872323,0,0
stitchpatrick,1654681843288886878,0,0
stitchpatrick,1652798977852386755,0,0
stitchpatrick,1628791887282575737,0,0
stitchpatrick,1586228332604112615,0,0
stitchpatrick,1509475087437756160,0,0
masschaostheory,2703292004773633524,0,0
masschaostheory,2700404645002220696,0,0
masschaostheory,2687356500374937746,0,0
masschaostheory,2680931837960534907,0,0
masschaostheory,2659141664495156793,0,0
masschaostheory,2646321221813026175,0,0
masschaostheory,2624576244815840631,0,0
masschaostheory,2572433252229279631,0,0
masschaostheory,2564283221768781666,0,0
masschaostheory,2554204060878442011,0,0
masschaostheory,2481612138398201772,0,0
masschaostheory,2454666771941525480,0,0
picuscreative,1931428853679787802,0,0
picuscreative,1928579167357823221,0,0
picuscreative,1927112638568190814,0,0
picuscreative,1926468078322260916,0,0
picuscreative,1924927331995187681,0,0
picuscreative,1922753012066175503,0,0
picuscreative,1920668273754811635,0,0
picuscreative,1920578684637833370,0,0
picuscreative,1920423653883815374,0,0
picuscreative,1919949589562468879,0,1
picuscreative,1919853905676642552,0,0
picuscreative,1919698876030282616,0,0
saulcoronascs,2546991404112845593,0,0
saulcoronascs,2545537731335637586,0,0
saulcoronascs,2543392207962883585,0,0
saulcoronascs,2541939886095422683,0,0
saulcoronascs,2540515576114024568,0,0
saulcoronascs,2538340355164575678,0,0
saulcoronascs,2536889775535528592,0,0
saulcoronascs,2535434035385990744,0,0
saulcoronascs,2533258415440916696,0,0
saulcoronascs,2531806997018185963,0,0
saulcoronascs,2530356289689557549,0,0
saulcoronascs,2527468625177021652,0,0
kumardeepak.xyz,2422753395843445786,0,0
kumardeepak.xyz,2419192914050870767,0,0
kumardeepak.xyz,2418889226734905615,0,0
kumardeepak.xyz,2418108503332998011,0,0
kumardeepak.xyz,2417313714853831578,0,0
kumardeepak.xyz,2411586295979279171,0,0
kumardeepak.xyz,2411257021724317834,0,0
kumardeepak.xyz,2410518013612164585,0,0
kumardeepak.xyz,2410097193462752737,0,0
kumardeepak.xyz,2409728326009880131,0,0
kumardeepak.xyz,2409012291820872671,0,0
kumardeepak.xyz,2408894280430742228,0,0
ns_ios,1234168482412941461,0,0
ns_ios,1234166394136088656,0,0
ns_ios,1234165295001948198,0,0
ns_ios,1234159453485716292,0,0
ns_ios,1234158778194383650,0,0
ns_ios,1224407752553845517,0,0
ns_ios,1224406388440355569,0,0
ns_ios,1220740632410378344,0,0
ns_ios,1220058251722543520,0,0
ns_ios,1220051544376135943,0,0
ns_ios,1219384802033324403,0,0
ns_ios,1219383781634658654,1,0
entropy.js,1251686996874142854,0,0
entropy.js,1249527729362610165,0,0
entropy.js,1245215992744289877,0,0
entropy.js,1229956341236803028,0,0
entropy.js,1227806354889549065,0,0
entropy.js,1225682192721029074,0,0
mogicomp,2755434549531203327,0,0
mogicomp,2754690405679446412,0,0
mogicomp,2750310079498696468,0,0
mogicomp,2748264456727207928,0,0
mogicomp,2745265842648684975,0,0
mogicomp,2743755866750879547,0,0
mogicomp,2741521190385727273,0,0
mogicomp,2738682417391194708,0,0
mogicomp,2736508102055824968,0,0
mogicomp,2735058587623917197,0,0
mogicomp,2733609274412217243,0,0
mogicomp,2729985157964967955,0,0
ramon_calaver,2465042362540311690,0,0
ramon_calaver,2231741971985166210,0,0
ramon_calaver,2039732410372823268,1,0
ramon_calaver,2036624598939697153,0,0
ramon_calaver,2025771635115449488,0,0
ramon_calaver,2024137092700763558,0,0
ramon_calaver,2015466231227727208,0,0
ramon_calaver,1969205431026601449,0,0
ramon_calaver,1967291815377517597,0,0
ramon_calaver,1967287268282247379,1,0
ramon_calaver,1896977347825680397,1,0
ramon_calaver,1814177869351803259,1,0
artiombutomov,2687913120374944030,0,0
artiombutomov,2532779023236309744,0,0
artiombutomov,2532333536100014616,0,0
artiombutomov,2529398312239406636,0,0
artiombutomov,2090521280129353258,0,0
artiombutomov,2090232253341888103,0,0
artiombutomov,2087723464320010299,0,0
artiombutomov,2066683065266286784,0,0
artiombutomov,2032828561609962550,1,1
artiombutomov,2031181309153828986,0,0
artiombutomov,2030422295126138832,0,0
artiombutomov,2029895129858738515,1,0
_.buddhi._,2726979236738136023,0,0
_.buddhi._,2703299511401790915,0,1
_.buddhi._,2510496265912418718,0,0
_.buddhi._,2508246807350776582,0,0
_.buddhi._,2504461020247299267,0,0
_.buddhi._,2504458484949958481,0,0
_.buddhi._,2500724561287694378,0,0
_.buddhi._,2498059487339234182,0,0
_.buddhi._,2487004711138878109,0,0
_.buddhi._,2461046794489324120,0,0
_.buddhi._,2404652775329041410,0,0
_.buddhi._,2401449059692055055,0,0
gonzalolagioia,2753749407914239352,0,1
gonzalolagioia,2750511924615216675,0,1
gonzalolagioia,2735285315446995232,0,0
gonzalolagioia,2727951485842303637,0,1
gonzalolagioia,2710496415882930379,0,1
gonzalolagioia,2706344103139910416,0,1
gonzalolagioia,2705551062613344282,0,0
gonzalolagioia,2641234068643923019,0,0
gonzalolagioia,2637262511435151168,0,1
gonzalolagioia,2630875477793715541,0,0
gonzalolagioia,2617895070110422782,0,0
gonzalolagioia,2615046621073620891,0,0
_alexandr_mi,2452056163605579460,0,1
_alexandr_mi,2452054883571128526,0,0
_alexandr_mi,2413424134026820241,0,0
_alexandr_mi,2405565846862026235,0,0
_alexandr_mi,1763745313736902262,1,1
_alexandr_mi,1753803295196230159,1,1
_alexandr_mi,1752901725088894768,1,1
_alexandr_mi,1751738380222482665,1,1
_alexandr_mi,1748712677222681744,1,1
_alexandr_mi,1428899568908565515,1,0
_alexandr_mi,1409060927499851733,1,0
_alexandr_mi,1409032203480022376,1,0
fexinc_hotspot,2614725569657185475,0,0
fexinc_hotspot,2587861300512991138,0,0
fexinc_hotspot,2583994205752695436,0,0
fexinc_hotspot,2582828268345173663,0,0
fexinc_hotspot,2580966154705953540,0,0
fexinc_hotspot,2579381901895588833,0,0
fexinc_hotspot,2573809823665711180,0,0
fexinc_hotspot,2567134295349934397,0,0
fexinc_hotspot,2565445186045913644,0,0
fexinc_hotspot,2562013520363481514,0,0
fexinc_hotspot,2560571692418333946,0,0
fexinc_hotspot,2559597390311060892,0,0
activedutyjoker,1777957353910272142,0,0
activedutyjoker,1772931078422301750,0,0
activedutyjoker,1658279760260094402,0,0
activedutyjoker,1657565277191549644,0,0
activedutyjoker,1646872360038750999,0,0
activedutyjoker,1645152026952637721,0,1
activedutyjoker,1637209789098710450,0,0
activedutyjoker,1634049774368212147,0,0
activedutyjoker,1627280041371313349,0,0
activedutyjoker,1620074649524422083,0,1
activedutyjoker,1614505071989983706,0,0
activedutyjoker,1612273909695418632,0,1
kuroish_,2466719914338484212,0,0
kuroish_,2466209937077091653,0,0
kuroish_,2465330618809190860,0,0
kuroish_,2465327344752334790,0,1
kuroish_,2454434395889997893,0,0
kuroish_,2344079449345294116,0,0
kuroish_,2340878016894644523,0,0
kuroish_,2340620786018310487,0,0
kuroish_,2251188434771549630,0,0
kuroish_,2231702865494660314,0,1
kuroish_,1879633138110235341,0,0
midhunbiju,2327009189261729861,0,0
midhunbiju,2116216250156955406,0,0
midhunbiju,2074464259194026475,0,0
midhunbiju,2045126155736158766,0,0
midhunbiju,2022280190566248294,0,0
midhunbiju,1979186546762754801,0,0
midhunbiju,1972268379192720516,0,0
midhunbiju,1962527247412128004,0,0
midhunbiju,1950906352537050166,0,0
midhunbiju,1946626563236031421,0,0
midhunbiju,1880222580494207839,0,0
midhunbiju,1878920137962578388,0,0
beame.io,1456131528349604750,1,0
beame.io,1456131266222282440,1,0
beame.io,1456129699985275229,0,0
beame.io,1455333974615780179,0,0
beame.io,1455332910428412229,1,0
beame.io,1455331787705573377,0,0
beame.io,1455062574776507628,1,0
beame.io,1455061599206636348,1,0
beame.io,1455061414984303025,1,0
beame.io,1455061096737335592,1,0
beame.io,1454309815294950297,1,0
beame.io,1454274789207647327,1,0
bhavy_arvy12,2552873192356477565,0,0
bhavy_arvy12,2499278749850365566,0,0
bhavy_arvy12,2442882780374068958,0,0
bhavy_arvy12,2436199122439433166,0,1
bhavy_arvy12,2435511751570009003,0,0
bhavy_arvy12,2428939110619132227,0,0
bhavy_arvy12,2345219588494701301,0,0
bhavy_arvy12,2311759608043189573,0,0
bhavy_arvy12,2276305834097195442,0,0
bhavy_arvy12,2271217892081202430,0,0
bhavy_arvy12,2257506051871755813,0,0
bhavy_arvy12,2248672919093654549,0,0
zer0.gravity,2137947395957617810,0,0
zer0.gravity,2136581695636557897,0,0
zer0.gravity,2119106119707415785,0,0
zer0.gravity,2114027317910420187,0,0
zer0.gravity,2112616064906175934,0,0
zer0.gravity,2111802544061021578,0,0
zer0.gravity,2096305967537290920,0,0
zer0.gravity,2090845935575160274,0,0
zer0.gravity,2089439717044459092,0,0
zer0.gravity,2053865597175178548,0,0
zer0.gravity,2053168149129660057,0,0
zer0.gravity,2052464793952221377,0,0
giandomenicolom,1276545300201763080,1,0
inventi.cz,2601762741210199525,0,0
inventi.cz,2581269610797335568,0,1
inventi.cz,2576393805086385530,0,0
inventi.cz,2573479133003952594,0,0
inventi.cz,2564021069659676759,0,0
inventi.cz,2562622923762207013,0,0
inventi.cz,2558093036880296752,0,0
inventi.cz,2556132739894919721,0,0
inventi.cz,2549667604484333361,0,0
inventi.cz,2542132418907829431,0,0
inventi.cz,2535148837444333586,0,0
inventi.cz,2530024053669928953,0,0
web.creator.moscow,1870394314146499590,0,0
web.creator.moscow,1868342890109704881,1,0
web.creator.moscow,1867525498769010545,1,0
web.creator.moscow,1866786134812393435,1,0
web.creator.moscow,1866075276914339563,1,0
web.creator.moscow,1862459205938429567,1,0
web.creator.moscow,1850772849544612151,1,0
web.creator.moscow,1850225875342736815,1,0
pratik_narola,2582536968337328056,0,0
pratik_narola,2564015206674102820,0,0
pratik_narola,2513735885158205512,0,1
pratik_narola,2366950220283226360,0,0
pratik_narola,2366751079401729682,0,0
pratik_narola,2364755721138097776,0,0
pratik_narola,2250223911969072394,1,0
pratik_narola,2244943988345857733,0,0
pratik_narola,2211521620441475885,0,0
pratik_narola,2178534786396749479,0,0
pratik_narola,2145261924634538292,0,0
pratik_narola,2138524924598308171,0,0
ibrahimozturk.me,2643955477932000349,1,1
ibrahimozturk.me,2480681095808630528,0,0
ibrahimozturk.me,2343783329472521476,0,0
ibrahimozturk.me,2129323138797673853,0,0
ibrahimozturk.me,1944896609045304144,1,1
ibrahimozturk.me,1940121647361212764,1,0
ibrahimozturk.me,1935696988301429701,1,1
ibrahimozturk.me,1760109172824623357,1,0
ibrahimozturk.me,1348821479365789046,1,0
ibrahimozturk.me,1331942875830894909,1,0
ibrahimozturk.me,1324777998519448341,1,0
ibrahimozturk.me,1320529942936639109,1,0
bluzelle,2103615957791602184,0,1
bluzelle,2096177699729974259,0,1
bluzelle,2028832563044305937,0,1
bluzelle,2022306648042930594,0,1
bluzelle,2020285018665750278,0,1
bluzelle,2019481741105831135,0,0
bluzelle,2018857388429350032,0,0
bluzelle,2017979323721497584,0,0
bluzelle,1917949323526790069,0,0
bluzelle,1912859371566727079,0,0
bluzelle,1907167384964266102,0,0
bluzelle,1905712493381089386,0,0
alaa.kullab,2132730349279760984,0,1
alaa.kullab,2125727200790644415,0,0
alaa.kullab,2122475100241475708,0,0
alaa.kullab,2122472651212680989,0,1
alaa.kullab,2118133128303376854,0,1
alaa.kullab,2115978587126440283,0,0
alaa.kullab,2114944714838063900,0,0
alaa.kullab,2098072996135716475,0,0
alaa.kullab,2082161152468508763,0,0
alaa.kullab,2005701772739617681,0,1
alaa.kullab,1969278010503720150,0,0
alaa.kullab,1946226942710063928,0,0
vishvani_vj,2752277854701717123,1,1
redsunis,1629097352058946368,1,0
redsunis,1566811736424674741,1,0
redsunis,1541037611357958248,1,0
redsunis,1534184704440419650,1,0
redsunis,1527242966769545782,1,0
redsunis,1507680437626005423,1,0
redsunis,1461893469474770597,1,0
redsunis,1459673448862300396,1,0
redsunis,1457635720695975898,1,0
redsunis,1456272624777858709,1,0
redsunis,1455501423646106327,1,0
redsunis,1454710229341205699,1,0
dashbarkhuss,2700529584768296077,0,1
dashbarkhuss,2674612816399452185,0,0
dashbarkhuss,2660531667249028694,0,1
dashbarkhuss,2657088766074489284,0,1
dashbarkhuss,2656529013598420226,0,1
dashbarkhuss,2522987391566669921,0,0
dashbarkhuss,2476378068275285878,0,0
dashbarkhuss,2343371589151466352,0,1
dashbarkhuss,2322887787526685360,0,0
dashbarkhuss,2307125864826841421,0,0
dashbarkhuss,2301160190275142105,0,1
dashbarkhuss,2282975013135332972,0,1
mapandu_,2715447989240637730,0,0
mapandu_,2702613428907560003,0,0
mapandu_,2620447598912232612,0,0
mapandu_,2601280442907909509,0,0
mapandu_,2587508273858066497,0,0
meismedia,2350297968084758813,0,0
meismedia,2342298476832021278,0,0
meismedia,2335054776334768406,0,0
meismedia,2331000430856802287,0,0
meismedia,2329269570872983295,0,0
meismedia,2322784964984324449,0,0
meismedia,2320787060593613348,0,0
meismedia,2202653801532519037,0,0
meismedia,2172738336593056618,0,0
meismedia,2171317577047954357,0,0
meismedia,2167111833444573190,0,0
meismedia,2165738744185916072,0,1
mmanisai,2690259158224915681,1,0
mmanisai,2684967397504309575,1,0
mmanisai,2476901515056252846,1,0
mmanisai,2414625167474941198,0,1
mmanisai,2409792008052655616,1,0
mmanisai,2301020270691767983,0,0
mmanisai,2298056073183785475,0,0
mmanisai,2297209774557371670,0,0
mmanisai,2289015208515859224,1,0
mmanisai,2273280465828619643,1,0
mmanisai,2253873959786169798,1,0
mmanisai,2247018428442339119,1,0
viswanathgregarious,2356149249730921030,0,1
viswanathgregarious,2346687841326763938,0,1
viswanathgregarious,1992273012095177001,0,0
viswanathgregarious,1983341372656423629,0,0
viswanathgregarious,1982876449543351960,0,0
viswanathgregarious,1976966650335258463,0,0
viswanathgregarious,1968260876415250772,0,0
viswanathgregarious,1963350641128864862,0,0
viswanathgregarious,1948379385686281179,0,1
viswanathgregarious,1946575767463058581,0,0
viswanathgregarious,1937311032691636234,0,0
viswanathgregarious,1935937418842907893,0,0
jxstxn.__,2741200846786376518,0,0
jxstxn.__,2587439921624780136,0,0
jxstxn.__,2563409468312130268,0,0
jxstxn.__,2536509460006568977,0,0
jxstxn.__,2495995905323143049,0,0
jxstxn.__,2250224453724729683,0,1
jxstxn.__,2243108389597625900,0,0
jxstxn.__,2230804909226430448,0,1
jxstxn.__,2224864161339503679,0,0
jxstxn.__,2201113949700130418,0,0
jxstxn.__,2178637528023239518,0,0
jxstxn.__,2164005079288404502,0,0
syofyan_zuhad,2755370529931610119,0,0
syofyan_zuhad,2749262736397324639,0,0
syofyan_zuhad,2744620284434014214,0,1
syofyan_zuhad,2729970075476919636,0,0
syofyan_zuhad,2721779155517356355,0,0
syofyan_zuhad,2717899512747623100,0,1
syofyan_zuhad,2695271938636486937,0,1
syofyan_zuhad,2686448720893435729,0,1
syofyan_zuhad,2685837248211430680,0,1
syofyan_zuhad,2674166040646396811,0,1
syofyan_zuhad,2662685073421308670,0,1
syofyan_zuhad,2603289303506164214,0,1
shuhugohan,2346724399652064291,0,0
shuhugohan,2345906958374086373,0,0
shuhugohan,2345854583437486871,0,0
shuhugohan,2345846489076706106,0,0
shuhugohan,2345733264595143401,0,0
shuhugohan,2345242856966476627,0,1
shuhugohan,2345232414307223247,0,0
shuhugohan,1322450371109351323,1,0
shuhugohan,1321090608178098369,1,0
shuhugohan,1318877946497197491,1,0
shuhugohan,1318170403734827348,1,0
shuhugohan,1316697970230329756,1,0
its_makaujr,2720735880228668717,0,0
its_makaujr,2711623140624281771,0,1
its_makaujr,2704032465816735742,0,0
its_makaujr,2701541686179379791,0,0
its_makaujr,2670747559556958035,0,0
its_makaujr,2661608243844932570,0,1
its_makaujr,2661339843663008098,0,0
its_makaujr,2650825830722360297,0,1
its_makaujr,2645471416905997052,0,0
its_makaujr,2607230789850946117,0,0
its_makaujr,2403729544843780487,0,0
its_makaujr,2391893657260449385,0,0
developer_paradise,1963153997670144391,0,0
developer_paradise,1895917648303794665,0,0
developer_paradise,1890771746643261042,0,0
developer_paradise,1890205049188431091,0,0
developer_paradise,1889472646794770482,0,0
developer_paradise,1888746873666561040,0,0
developer_paradise,1887200223890306250,0,0
developer_paradise,1886514677803185976,0,0
developer_paradise,1885896907147419366,0,0
developer_paradise,1885034333287688226,0,0
developer_paradise,1882884578331778052,0,0
developer_paradise,1882256373346559572,0,0
systcoder,2762872737371896351,0,0
systcoder,2761370987552953576,0,0
systcoder,2760233378390748824,0,0
systcoder,2759841165919919826,0,0
systcoder,2759288662953928961,0,0
systcoder,2757556664359007628,0,0
systcoder,2756174535904280897,0,0
systcoder,2752680041830763405,0,0
systcoder,2752463382222364178,0,0
systcoder,2752435283036258347,0,0
systcoder,2751865883568755213,0,0
systcoder,2751860729498943602,0,0
dvlpr.rp,2680044062331069285,0,0
dvlpr.rp,2665069805243105926,0,0
dvlpr.rp,2665054420678558699,0,0
dvlpr.rp,2644644441714969072,0,0
dvlpr.rp,2644643749378049076,0,0
dvlpr.rp,2644642561047900485,0,0
dvlpr.rp,1820538575164737143,0,0
dvlpr.rp,1782981246798174678,0,0
dvlpr.rp,1719150011255903716,1,0
dvlpr.rp,1707510707547201512,0,0
dvlpr.rp,1706941372042654221,1,0
dvlpr.rp,1704501467593130264,0,0
minan_sha,2711960844481037018,1,0
minan_sha,2705653328600042429,0,0
minan_sha,2704225190796064096,0,0
minan_sha,2540188476025827459,1,0
minan_sha,2540093512696719286,0,0
minan_sha,2535154327007083537,0,0
minan_sha,2530040581700051922,0,0
minan_sha,2530033944775927105,0,0
minan_sha,2469931297666980347,0,0
minan_sha,2463969411309768588,1,0
minan_sha,2453944689968937647,0,0
minan_sha,2446080951333049769,0,0
1024ktips,1328281744214711858,0,0
1024ktips,1327882811076263223,1,0
1024ktips,1303774451360320666,0,0
1024ktips,1302400154024728098,0,0
1024ktips,1301550911064091133,0,0
1024ktips,1300217874246115734,0,0
1024ktips,1300038093139413449,0,0
1024ktips,1299606266104819929,0,0
1024ktips,1298910288649406272,0,0
1024ktips,1298872786010122350,0,0
1024ktips,1298748936458928957,0,0
1024ktips,1298608074986931212,0,0
socialuntza,1948781768531587685,0,0
socialuntza,1588526004253597737,0,0
socialuntza,1563956888893291116,0,0
socialuntza,1562339615938008506,0,0
socialuntza,1561033234048041247,0,0
socialuntza,1560950795170575006,0,0
socialuntza,1538129084578552347,0,0
socialuntza,1405836495843021991,1,0
socialuntza,1317877634629113196,1,0
socialuntza,1308384725408234031,1,0
socialuntza,1308084488781415427,1,0
socialuntza,1307647782613561709,0,0
oxcakmak,2515747307372538446,0,0
oxcakmak,2439247466375612228,0,0
oxcakmak,2355538198351245559,0,0
oxcakmak,2301144722948017604,0,0
oxcakmak,2299512536775914582,0,0
oxcakmak,2298974747109903197,0,0
oxcakmak,2293287248077281929,0,0
oxcakmak,2267145078555607291,0,0
oxcakmak,2260314865213379953,0,0
oxcakmak,2254434134746593657,0,0
oxcakmak,2243249235725464490,0,0
oxcakmak,2164983586461521979,0,0
matic.jovanovic,2467034288238738684,0,0
matic.jovanovic,2465639823733391145,0,0
matic.jovanovic,2461798701367164475,0,1
matic.jovanovic,2461694407065156167,0,0
matic.jovanovic,2449473568785803749,0,0
matic.jovanovic,2448878837483558396,0,0
matic.jovanovic,2447574812515562636,0,0
matic.jovanovic,2446465641179078803,0,0
matic.jovanovic,2401556186274858568,0,0
matic.jovanovic,2349625548122915467,0,0
matic.jovanovic,2234486547541679311,0,0
matic.jovanovic,1985876916977867032,0,0
t4sk_m4ster,2326238159981323491,0,0
t4sk_m4ster,2322192816964239345,0,0
t4sk_m4ster,2117970382406125290,0,0
t4sk_m4ster,2073551549820614943,0,1
t4sk_m4ster,2068980748435570026,1,0
t4sk_m4ster,2066928654266376526,1,0
t4sk_m4ster,2065970188164876207,1,0
t4sk_m4ster,2032851343745244559,0,0
t4sk_m4ster,1842596660250055311,1,0
t4sk_m4ster,1800714095427682701,1,0
t4sk_m4ster,1774883509962382959,0,0
t4sk_m4ster,1738922845931007977,0,0
teamtribytes,1758574774509706019,1,0
teamtribytes,1754954441768693868,1,0
teamtribytes,1739065466176798707,1,0
teamtribytes,1738289194064577835,0,0
teamtribytes,1736133822415414244,0,0
teamtribytes,1735414679709951295,0,0
teamtribytes,1734685129183091679,0,0
jameszenartist,2765819889815737673,0,0
jameszenartist,2739776360928994389,0,0
jameszenartist,2718702343111358126,0,0
jameszenartist,2712773664711647637,0,0
jameszenartist,2706921948116285901,0,0
jameszenartist,2682411483932712492,0,0
jameszenartist,2662417833764081761,0,0
jameszenartist,2601745668043002887,0,0
jameszenartist,2597145279608018498,0,0
jameszenartist,2535577766785365026,0,0
jameszenartist,2417212227143481217,0,0
jameszenartist,2202658109512409985,0,0
shahriaarrr12,2737803572961495250,0,1
shahriaarrr12,2732358968681860095,0,1
shahriaarrr12,2689636740563635291,1,0
shahriaarrr12,2605078836427033065,0,1
shahriaarrr12,2571829693183941171,0,0
shahriaarrr12,2560893637792600561,0,0
shahriaarrr12,2543760901671895873,0,0
shahriaarrr12,2542320316431873485,0,0
shahriaarrr12,2533469826164149699,0,0
shahriaarrr12,2531409213078180684,0,0
tocadotux,2766475007526062942,0,0
tocadotux,2766207888018564918,0,0
tocadotux,2765634977479806659,0,0
tocadotux,2765102444200506145,0,1
tocadotux,2764302396222127610,0,0
tocadotux,2762633367846451918,0,1
tocadotux,2761989368654939897,0,0
tocadotux,2760775793408962163,0,1
tocadotux,2760417298941111888,0,0
tocadotux,2759326933140626092,0,0
tocadotux,2758587520328547118,0,0
tocadotux,2752089670321162459,0,0
geridrmwn,2756059685392251694,0,1
geridrmwn,2732205853064552830,0,1
geridrmwn,2652268019452805046,0,1
geridrmwn,2305296489693313210,0,1
aristidehervembassi,2512345301936111297,0,0
aristidehervembassi,2416180769933631360,0,0
aristidehervembassi,2349026111188694234,0,0
aristidehervembassi,2322536660409316688,0,0
aristidehervembassi,2318430016138348516,1,1
aristidehervembassi,2299297966122625414,0,0
aristidehervembassi,2297506353583168156,1,1
aristidehervembassi,2247185985006045644,0,0
aristidehervembassi,2246321210537749461,0,0
aristidehervembassi,2239478367324033642,0,0
aristidehervembassi,2239473806479769229,0,0
aristidehervembassi,2237446097364858302,0,0
amin25bd,2649795102004727269,0,0
amin25bd,2649794208290270080,0,0
amin25bd,2649793502933969218,0,0
amin25bd,2649792807367483926,0,0
amin25bd,2649792031588924020,0,0
amin25bd,2649791017674699353,0,0
amin25bd,2649790173755607591,0,0
amin25bd,2649789285402024823,0,0
amin25bd,2649788432104300461,0,0
amin25bd,2649787607839725143,0,0
amin25bd,2649786483036408335,0,0
amin25bd,2629723992052194896,0,0
themathsmermaid,2696965046782901196,0,0
themathsmermaid,2635065032020435773,1,0
themathsmermaid,2555245489666755038,1,0
themathsmermaid,2461300433571009137,0,0
themathsmermaid,2434147728826086198,0,0
themathsmermaid,2349530815135757982,0,0
themathsmermaid,2349527780414308362,0,0
themathsmermaid,2349520461639070428,0,0
themathsmermaid,2311875422314818453,0,1
themathsmermaid,2311152159678622863,1,0
themathsmermaid,2297473090747417401,0,1
themathsmermaid,2289449308753747623,0,1
clickasia.co.in,2679709646673601258,0,0
clickasia.co.in,2672669824672750260,0,0
clickasia.co.in,2671759146499935762,0,0
clickasia.co.in,2668669408725271302,0,0
clickasia.co.in,2650251082491980450,0,0
clickasia.co.in,2614144019944734971,0,0
clickasia.co.in,2508673402282593231,0,0
clickasia.co.in,2506183350130314679,0,0
clickasia.co.in,2413096810391703333,0,0
clickasia.co.in,2411960324573131004,0,0
clickasia.co.in,2400118475818577775,0,1
clickasia.co.in,1982254738632576581,0,0
raunakhajela,2340021999640202103,0,1
raunakhajela,2337224831556558311,0,1
raunakhajela,2305870150733014316,0,1
raunakhajela,2256782441502281389,0,0
raunakhajela,2251709002995444785,0,0
raunakhajela,2246635169267463365,0,0
raunakhajela,2236488543400019295,0,0
raunakhajela,2231415125411545251,0,0
raunakhajela,2226486036335549552,0,0
raunakhajela,2221275993533092039,0,0
raunakhajela,1958016105595692179,1,0
raunakhajela,1958004419241306233,0,1
amir.qadimi,2546610342499318827,0,1
amir.qadimi,2270386886258061058,0,1
amir.qadimi,2268497219571386158,1,1
amir.qadimi,2266876023910141711,0,1
amir.qadimi,1947863689442731624,1,1
amir.qadimi,1873406901935178014,1,1
amir.qadimi,1850223048331316526,0,0
amir.qadimi,1806470017148403726,0,0
amir.qadimi,1745106394954373985,1,0
amir.qadimi,1737894246906413394,1,1
amir.qadimi,1695235969894468411,0,0
amir.qadimi,1615508144849720783,0,0
jeremy_aza,2517945215847913308,0,0
jeremy_aza,2514978682288966965,0,0
jeremy_aza,2511960018706916028,0,0
jeremy_aza,2510685954038053125,0,0
jeremy_aza,2485246514474115396,0,0
jeremy_aza,2404072480374426036,0,0
jeremy_aza,2374348339694260681,1,0
jeremy_aza,2369998660093184997,0,0
jeremy_aza,2368553680011262124,0,0
jeremy_aza,2353419289832431613,0,0
jeremy_aza,2348983329203921380,0,0
jeremy_aza,2333658622816633124,0,0
applikey.solutions,1714518213683029933,0,0
applikey.solutions,1704541141246090554,1,0
applikey.solutions,1684764088737150971,1,0
applikey.solutions,1682185849413973363,0,0
applikey.solutions,1681355014825689258,1,0
applikey.solutions,1679819217072967241,1,0
applikey.solutions,1676932419883729022,1,0
applikey.solutions,1669802090517581914,1,0
applikey.solutions,1665440513043634843,1,0
applikey.solutions,1660140721421829467,1,0
applikey.solutions,1654400678632392118,1,1
applikey.solutions,1650176349212483763,1,0
infinite___loop,2727170037910347237,1,0
infinite___loop,2714826593481371374,1,0
infinite___loop,2629679639721101709,1,0
infinite___loop,2596379796612017561,1,0
infinite___loop,2565535554171837294,1,0
infinite___loop,2552141632758449506,1,0
infinite___loop,2549286033305807928,1,0
infinite___loop,2538714883282591963,1,0
infinite___loop,2509368200241466365,1,0
infinite___loop,2488053964190202960,1,0
infinite___loop,2475015344592046231,1,0
infinite___loop,2446432685699983444,1,0
bungker.corp,2049490331591147528,0,0
bungker.corp,2045203976266660170,0,0
bungker.corp,2043176305444383068,0,1
bungker.corp,2042720248252466096,0,0
bungker.corp,1970959682306703949,0,0
bungker.corp,1968780764321453336,0,0
bungker.corp,1909850090207923046,0,0
bungker.corp,1909810868793522373,0,0
bungker.corp,1909653799012080831,0,0
bungker.corp,1909629672436427647,0,0
bungker.corp,1909593471885041850,0,0
bungker.corp,1909542042621329186,0,0
jr.softwaredeveloper,1688442009533987797,0,0
jr.softwaredeveloper,1664471410398845968,0,0
jr.softwaredeveloper,1663710546062333661,0,0
jr.softwaredeveloper,1659488171011641276,0,0
jr.softwaredeveloper,1657876761072832291,0,0
jr.softwaredeveloper,1603570807514880038,0,0
jr.softwaredeveloper,1598472323692871837,0,0
jr.softwaredeveloper,1587659136038984926,0,0
jr.softwaredeveloper,1576731689378450592,1,0
jr.softwaredeveloper,1571326175392740427,0,0
jr.softwaredeveloper,1566597818817356639,1,0
jr.softwaredeveloper,1562610530043874800,0,0
unikub,2737769129773087903,0,1
unikub,2737565404433369316,0,1
unikub,2737132511491854829,0,0
unikub,2707490745843348488,0,0
unikub,2682139956484531266,0,0
unikub,2681887844169360521,0,0
unikub,2681786341928641200,0,1
unikub,2635046043668354559,0,0
unikub,2634304963905585161,0,0
unikub,2629749832816145993,1,1
unikub,2629162171599636101,0,0
unikub,2626833566925234368,0,0
fabriciomoura92,2696770998928021201,0,0
fabriciomoura92,2691656278134847318,0,0
fabriciomoura92,2688751519702877612,0,0
fabriciomoura92,2685952955100547884,0,0
fabriciomoura92,2683938575768990216,0,0
fabriciomoura92,2682918466854284190,0,0
fabriciomoura92,2678074333966811332,0,0
fabriciomoura92,2677387882908161430,0,0
fabriciomoura92,2676430467614178086,0,0
fabriciomoura92,2675878486814456232,0,0
fabriciomoura92,2657769076615373624,0,0
fabriciomoura92,2656257254492539214,0,1
darthkitaristi,2618118134210766939,0,0
darthkitaristi,2544976180963372437,0,0
darthkitaristi,2518678803243750919,0,1
darthkitaristi,2517958113158862814,0,1
darthkitaristi,2486246973119095747,0,0
darthkitaristi,2483336867360448924,0,0
darthkitaristi,2480438034280293724,0,0
darthkitaristi,1816514626630623198,1,0
darthkitaristi,1809278214164228408,0,0
darthkitaristi,1626636044866149436,1,1
darthkitaristi,1601255043549788873,0,0
darthkitaristi,1462676918831093343,0,0
impekableworkshop,1425720070026655006,1,0
impekableworkshop,1421329342492054487,1,0
impekableworkshop,1414863000406597076,0,0
impekableworkshop,1403991391240266734,0,0
impekableworkshop,1393757215643875462,1,0
impekableworkshop,1386603903312016656,1,0
impekableworkshop,1380060717374582542,0,0
impekableworkshop,1375689588094589136,0,1
impekableworkshop,1374886035071560698,0,1
impekableworkshop,1374311769087156538,0,1
impekableworkshop,1373551343726642519,0,1
impekableworkshop,1370595544884699222,0,0
ousstheboss,2700289421029150217,0,0
ousstheboss,2695350487509403406,0,0
ousstheboss,2685225403653554990,0,0
ousstheboss,2559693848795057008,0,0
ousstheboss,2530184467742773704,0,0
ousstheboss,2421941423190268669,0,0
ousstheboss,2365578656753901968,0,1
ousstheboss,2285089185311553927,0,0
ousstheboss,2219272275089503774,0,0
ousstheboss,2123506268706773198,0,0
ousstheboss,2107651617595897605,0,0
ousstheboss,2092052446163932039,0,0
techprit_,2479719859344067726,0,0
techprit_,2421295334866302898,0,0
techprit_,2402873929183383464,0,0
techprit_,2400005979459831535,0,0
techprit_,2398491546803853078,0,0
techprit_,2389089340170391121,0,0
techprit_,2388354825130922603,0,0
techprit_,2387670320900523716,0,0
techprit_,2384712660282602087,0,0
techprit_,2381983290254356244,0,0
techprit_,2377443708347244843,0,0
techprit_,2363717392410147519,0,0
keopsoft,1964959664382757780,1,0
keopsoft,1964257026322317104,1,0
keopsoft,1964245774514546039,1,0
keopsoft,1956650202630952559,1,0
keopsoft,1956316203442041221,1,0
keopsoft,1952372466701730454,1,0
keopsoft,1946859282960190126,1,0
keopsoft,1942483288077825145,1,0
keopsoft,1942348132562085868,1,0
keopsoft,1939023293856333030,1,0
keopsoft,1929239408452787707,1,0
keopsoft,1922217231236905349,0,1
nikroshtsa,2293152594602068427,0,1
nikroshtsa,2289576390175251534,0,0
nikroshtsa,2269994092396484369,0,0
nikroshtsa,2224411818687037720,0,0
nikroshtsa,2180221763827614630,0,0
nikroshtsa,2179524338699785365,0,0
nikroshtsa,2164362042323308743,0,1
nikroshtsa,1897675582578528202,1,0
nikroshtsa,1893270046088937781,0,0
nikroshtsa,1868461144424286625,0,0
nikroshtsa,1831707391872492912,0,0
nikroshtsa,1803941958580053336,0,0
connectionagencysp,2756813694711807425,0,0
connectionagencysp,2750577870222768331,0,0
connectionagencysp,2742647232622635493,0,0
connectionagencysp,2611584210790415116,0,0
connectionagencysp,2559394616147592156,0,0
connectionagencysp,2473057809059901269,0,0
connectionagencysp,2472017300996633350,0,0
connectionagencysp,2469127780470919751,0,0
connectionagencysp,2317084927123082603,0,0
connectionagencysp,2211334986933768555,0,0
connectionagencysp,2188200062773360614,0,0
connectionagencysp,2116071166280257508,0,1
thesacredgeek,1428444358964914936,1,0
thesacredgeek,1419848000620148564,1,0
thesacredgeek,1419163761754947878,1,0
thesacredgeek,1409712171000108691,1,0
thesacredgeek,1402314238965519451,1,0
thesacredgeek,1395207226414716464,1,0
thesacredgeek,1390784336059508795,0,0
thesacredgeek,1390000273992275541,0,0
thesacredgeek,1384941168940310088,0,0
thesacredgeek,1382130832847801719,0,0
thesacredgeek,1382063714739578545,0,0
thesacredgeek,1380253539359728790,1,0
sharp1,2425282206768423891,0,0
sharp1,2275098144809332334,0,1
sharp1,2165069043349132148,0,1
sharp1,2155469925276653299,0,0
sharp1,1743916021231442393,1,0
sharp1,1653853211475221235,0,0
sharp1,1617961964650985671,0,0
sharp1,1472725957723241580,1,0
sharp1,1466147200706549879,0,1
sharp1,1454724422263304335,1,0
sharp1,1451061877701551407,1,0
sharp1,1448155098554625284,0,0
codebuddha,2714793930125419161,0,0
codebuddha,2529154832967719655,0,0
codebuddha,2529145722754982072,0,0
codebuddha,2487182258339998205,0,0
codebuddha,2376253452952153868,0,0
codebuddha,2340392210408899852,0,0
codebuddha,2338243924658808713,0,0
codebuddha,2294723699829536786,0,0
codebuddha,2266264407162012894,0,0
codebuddha,2240723237430557960,0,0
codebuddha,2173573629835619814,0,0
codebuddha,2163255436768187312,0,0
shopov.official,2653726217337728453,0,0
shopov.official,2653724291002799130,0,0
shopov.official,2635092748726585611,0,0
shopov.official,2570705030496582247,0,0
shopov.official,2550361938954328341,0,0
shopov.official,2545811405081944539,0,0
shopov.official,2543857890512102373,0,0
shopov.official,2539396191646147713,0,0
shopov.official,2539393574962681588,0,0
shopov.official,2526438501412457630,0,0
shopov.official,2522752641957389807,0,0
shopov.official,2521883121843840847,0,0
vin_albertus,2481389447566665676,0,1
vin_albertus,2056141849413682164,0,0
vin_albertus,1899772393254438530,1,0
vin_albertus,1831086411190028625,0,0
vin_albertus,1826002584667072787,0,0
vin_albertus,1789301260412105290,0,1
vin_albertus,1772732457540814688,0,0
vin_albertus,1751480475949840234,0,1
vin_albertus,1711589921221142432,0,0
vin_albertus,1705011680129774888,0,0
vin_albertus,1699486806963584615,0,1
vin_albertus,1684862075077633867,0,0
pelgiuliano,2691641791570212073,0,0
pelgiuliano,2343014546497240237,0,0
pelgiuliano,2183559238152659341,1,0
pelgiuliano,2133377712780938046,0,0
pelgiuliano,2118182077215548702,0,0
pelgiuliano,2103045014854227839,0,0
pelgiuliano,2067595985513150065,0,0
pelgiuliano,2042143831596735508,0,0
pelgiuliano,2031897390588682175,0,0
pelgiuliano,1996435531568714574,0,0
pelgiuliano,1976122049185836793,0,0
pelgiuliano,1968980660605898284,0,0
ambrosino94,2678319864301240807,0,1
ambrosino94,2606985699329496350,0,1
ambrosino94,2584742780635249705,0,0
ambrosino94,2542449690534719592,0,1
ambrosino94,2424658069914280432,1,1
ambrosino94,2413513782719739006,0,0
ambrosino94,2412935985869763405,0,0
ambrosino94,2412072142134703676,0,1
ambrosino94,2411997521263447502,0,0
ambrosino94,2378328621145481621,0,0
ambrosino94,2347533464343172101,0,1
ambrosino94,2340464151178776566,0,1
howl_clever,2256114070853837617,0,0
howl_clever,2250255821587980702,0,0
howl_clever,2249026056084326192,0,0
howl_clever,2245182170773661937,0,0
howl_clever,2232132415600558303,0,0
howl_clever,2230678133022112433,0,0
howl_clever,2227091867785427021,0,0
howl_clever,2224833754277359230,0,0
howl_clever,2222716075387376803,0,0
howl_clever,2221624538440118857,0,0
howl_clever,2219807640916288254,0,0
howl_clever,2219356889366437787,0,0
mitesh_official_007,2762362081000203832,1,0
mitesh_official_007,2760118328302690116,0,0
mitesh_official_007,2729291422660021904,1,1
mitesh_official_007,2720732203660759020,1,1
mitesh_official_007,2717090885533393149,1,0
mitesh_official_007,2699342022420653205,1,0
mitesh_official_007,2697284910823680274,0,1
mitesh_official_007,2695846569452434394,1,1
mitesh_official_007,2691416898803566812,0,1
mitesh_official_007,2677612969410005458,1,1
mitesh_official_007,2672113199572712767,1,1
mitesh_official_007,2664744391266673708,1,1
_ankit_singh_8,1998766893713120454,1,0
_ankit_singh_8,1925363608726236079,0,0
_ankit_singh_8,1693720692766093765,0,1
_ankit_singh_8,1692862957472333099,0,0
_ankit_singh_8,1692851471689490849,0,1
_ankit_singh_8,1692145918629735724,0,0
_ankit_singh_8,1622367252685579150,1,0
bathicodes,2751706763177174590,0,0
bathicodes,2746753984805269749,0,0
bathicodes,2745289377863555934,0,0
bathicodes,2742074630501604342,0,0
bathicodes,2738477219263803193,0,0
bathicodes,2737076405931736557,0,0
bathicodes,2735732141482844644,0,0
bathicodes,2735436647992186088,0,0
bathicodes,2723938204002853280,0,0
bathicodes,2714784634770819067,0,0
bathicodes,2703887770634791633,0,0
bathicodes,2688512181070495027,0,0
jhonhernandezph,2743248503189620002,0,0
jhonhernandezph,2708722131347389415,0,0
jhonhernandezph,2691925062311612363,0,1
jhonhernandezph,2639103749880934589,0,1
jhonhernandezph,2636003883183002259,0,0
jhonhernandezph,2622433223309701975,0,1
jhonhernandezph,2618635765412621165,0,1
jhonhernandezph,2617174703261805210,0,0
jhonhernandezph,2616609145877218505,0,0
jhonhernandezph,2615795516173084381,0,1
jhonhernandezph,2612264611420790332,0,0
jhonhernandezph,2609226739419460323,0,0
andrzejsenderecki,2759808671989974156,0,0
andrzejsenderecki,2759174815104478415,0,0
andrzejsenderecki,2597438480934958186,0,0
andrzejsenderecki,2447216516308119441,0,0
andrzejsenderecki,2151035394643248782,0,1
andrzejsenderecki,2122653876041139616,0,0
andrzejsenderecki,1927037274206514363,1,0
andrzejsenderecki,1889386257889677562,1,0
andrzejsenderecki,1886605085992503231,1,0
andrzejsenderecki,1850101970696455708,1,0
andrzejsenderecki,1770409214118669038,1,0
andrzejsenderecki,1681302572930974892,1,0
down4some1,2774815044866962460,0,0
down4some1,2773128638388907994,0,0
down4some1,2760338351610638044,0,0
down4some1,2740134406548352778,0,0
down4some1,2738558051520073245,0,0
down4some1,2736096180552341293,0,0
down4some1,2736095901690060243,0,0
down4some1,2713419312044989548,0,0
down4some1,2711071512808469488,0,0
down4some1,2708942884998191732,0,0
down4some1,2708416619081887486,0,0
down4some1,2706882382608356899,0,0
aniket_c333,1570134077288568131,1,0
smbatterteryan,2764071606195226283,0,0
smbatterteryan,2625774074106685788,0,0
smbatterteryan,2622077794884894215,0,0
smbatterteryan,2620511760906394553,0,0
smbatterteryan,2620352876333779784,0,1
smbatterteryan,2618570118758456117,0,0
smbatterteryan,2616536185489445241,0,1
smbatterteryan,2616529848491668981,0,1
smbatterteryan,2616358159866913051,0,0
smbatterteryan,2615670943347641590,0,1
smbatterteryan,2614121227803798643,0,0
smbatterteryan,2612110811988885724,0,0
tacyanabatista,2774355640249625854,0,0
tacyanabatista,2761998287726513324,0,0
tacyanabatista,2744823254289826510,0,0
tacyanabatista,2714227707644486202,0,0
tacyanabatista,2714193606602617619,0,0
tacyanabatista,2709913500061092611,0,0
tacyanabatista,2687988940013482260,0,1
tacyanabatista,2684634591434471682,0,0
tacyanabatista,2684624312067868012,0,0
tacyanabatista,2681109102350752210,0,0
tacyanabatista,2668768980271676440,0,0
tacyanabatista,2660035609349667820,1,0
efe__m8,2778129672044789782,0,0
efe__m8,2778065743721310386,0,0
efe__m8,2773034289853423131,0,0
efe__m8,2769551335389924893,0,1
efe__m8,2764627957219751001,0,0
efe__m8,2763788557029254056,0,1
efe__m8,2762281807660636178,0,0
efe__m8,2762281362242256313,1,0
efe__m8,2760659869068902095,1,1
efe__m8,2760061178763209335,0,1
efe__m8,2740274483275316768,0,0
efe__m8,2740130698188909925,1,0
joosung0122,1899851252143798525,0,1
joosung0122,1899487501674850610,0,0
joosung0122,1889396348512688045,0,0
joosung0122,1811262798577825731,0,0
joosung0122,1804009164725558500,0,0
joosung0122,1799345059989313100,0,0
joosung0122,1793153964112706091,0,0
joosung0122,1788784588127292571,0,0
joosung0122,1788777856437069050,0,0
joosung0122,1786765091888049900,0,0
joosung0122,1778162981231083091,0,0
joosung0122,1777959946500343193,0,0
junaidrahim31,2657598415159167204,1,0
junaidrahim31,2533093758942505170,0,0
junaidrahim31,2476155348961145718,1,1
junaidrahim31,2460399566235888123,1,0
junaidrahim31,2287329929693597816,1,0
junaidrahim31,2248535889637878790,1,0
junaidrahim31,2222055876420021509,1,0
junaidrahim31,2194549159422345656,1,0
junaidrahim31,2175313624350935825,0,0
junaidrahim31,2164081797040746145,1,0
junaidrahim31,2164072967812861973,0,1
junaidrahim31,2142914710285101217,0,0
androiddevs,1505979739603920601,1,0
androiddevs,1504162219955777442,0,0
androiddevs,1502409171801663027,0,0
androiddevs,1502385616011556670,0,0
androiddevs,1501726222768926373,0,0
androiddevs,1440772373036309677,0,0
androiddevs,1439347253528757890,0,0
androiddevs,1438573037573404678,0,0
androiddevs,1437881773794356176,0,0
androiddevs,1437184685385297362,0,0
androiddevs,1437118627353811628,0,0
androiddevs,1429896298446699516,0,0
carlos.co.design,2766373158542318872,0,0
carlos.co.design,2759309156549084159,0,0
carlos.co.design,2736553816623551910,0,0
carlos.co.design,2677404417926845408,0,0
carlos.co.design,2670826842890939073,1,0
carlos.co.design,2514428633453920216,0,0
carlos.co.design,2492483735184154845,0,0
carlos.co.design,2390920102730322285,0,0
carlos.co.design,2285816664900765108,0,0
carlos.co.design,2282963939896944224,0,0
carlos.co.design,2253308742140769632,0,0
carlos.co.design,2066843388310028045,0,0
stevekuzanwa,2111023883065807825,0,0
stevekuzanwa,2110360169337825649,0,0
stevekuzanwa,2109859579432185618,0,0
stevekuzanwa,2098732022997482955,0,0
stevekuzanwa,1722620762535123919,1,0
stevekuzanwa,1697086827440945032,1,0
stevekuzanwa,1676951674937092908,1,0
stevekuzanwa,1671858836641465934,1,0
stevekuzanwa,1659100745491778241,1,0
stevekuzanwa,1646587625200281050,1,0
stevekuzanwa,1637998675187471913,1,0
stevekuzanwa,1634394842242998539,1,0
wesgtox,2675153662832863349,0,0
wesgtox,2675149475936204739,0,0
wesgtox,2346284283808919294,0,0
wesgtox,2330224498617405477,0,0
wesgtox,2302744901160380670,0,0
wesgtox,2164286170735911822,0,0
wesgtox,2164281324670676867,0,0
wesgtox,2163938816228924118,0,0
wesgtox,2163263304267588451,0,0
wesgtox,2153190748416125259,0,0
wesgtox,2152711667077692589,0,0
wesgtox,2149054546339549990,0,0
r0crew,2775848683498055076,1,0
r0crew,2481703665829088766,0,0
r0crew,2429257470179757091,0,0
r0crew,1833402851125188899,1,0
jayjaysunny_,2780031630629494376,0,0
jayjaysunny_,2772043270321532171,0,0
jayjaysunny_,2767693302437572379,0,1
jayjaysunny_,2760474679038047983,0,0
jayjaysunny_,2759011504889175907,0,1
jayjaysunny_,2736538486684663769,0,0
jayjaysunny_,2730056550916884410,0,0
jayjaysunny_,2721316093273813846,0,0
jayjaysunny_,2713361204459542354,0,0
jayjaysunny_,2709742843712245092,0,1
jayjaysunny_,2708294975466013091,0,0
jayjaysunny_,2705403215148603066,0,0
nikolay3baranenko,2780195991967429366,0,0
nikolay3baranenko,2775671091716006273,0,0
nikolay3baranenko,2759251149375749251,0,0
nikolay3baranenko,2745435636925212553,0,0
nikolay3baranenko,2744750019803556975,0,0
nikolay3baranenko,2741228482282546364,0,0
nikolay3baranenko,2740849187638931052,0,0
nikolay3baranenko,2738949529165548365,0,0
nikolay3baranenko,2738221252784185886,0,0
nikolay3baranenko,2734163175785116162,0,0
nikolay3baranenko,2729875771079376298,0,0
nikolay3baranenko,2728782162657727825,0,0
juancito.pena.v,2766763638999059903,0,0
juancito.pena.v,2741089294876512469,0,0
juancito.pena.v,2702073501006721944,0,0
juancito.pena.v,2698502143898537825,0,0
juancito.pena.v,2681210034045689046,0,1
juancito.pena.v,2676812728575964986,0,0
juancito.pena.v,2655085517510652939,0,0
juancito.pena.v,2625741280328366229,0,0
juancito.pena.v,2613624072462710868,0,0
juancito.pena.v,2608481660111371356,0,0
juancito.pena.v,2605037070888086823,0,0
juancito.pena.v,2605036335962248869,0,0
devsensei,2547589369875737065,0,0
devsensei,2532252745081895096,0,0
devsensei,2527775180823731277,0,0
devsensei,2527022689920305064,0,0
devsensei,2526367947506507599,0,0
devsensei,2525557526126096002,0,0
devsensei,2524860312063898915,0,0
devsensei,2522490431620368671,0,0
devsensei,2522476682616484330,0,0
devsensei,2522461573416395720,0,0
mattyu2,2766942597815096004,0,0
mattyu2,2641051145961352687,0,0
mattyu2,2476581829602467220,0,0
mattyu2,2399630818606946874,0,0
mattyu2,2398790699222168418,0,0
mattyu2,2398092013303445435,0,0
mattyu2,2397329306904031121,0,0
mattyu2,2220670976673641284,0,0
mattyu2,2211032839467014651,0,0
mattyu2,2189363674775593672,0,0
mattyu2,2187443753611355576,0,0
mattyu2,2158968342065774735,0,0
jinnoflife,2114059392717971119,0,0
jinnoflife,1587958268574404830,1,0
jinnoflife,1561759207974518985,0,0
jinnoflife,1506743113316897829,1,0
jinnoflife,1310767728462563599,0,0
jinnoflife,880313122861880164,0,0
jinnoflife,837087950768181694,0,0
brocodinger,1716735882357904619,0,0
brocodinger,1698592339861148127,0,0
brocodinger,1571694649352129853,1,0
brocodinger,1538375877275398208,1,0
brocodinger,1537305144235258667,1,1
brocodinger,1465986108243772930,1,0
brocodinger,1464379115854859048,1,0
brocodinger,1446900129167686803,0,0
brocodinger,1441399174556909732,0,0
brocodinger,1441286164395953187,0,0
brocodinger,1440733146218845909,0,0
brocodinger,1440541559572505092,0,0
avikki_coder,2576253457860433445,1,1
avikki_coder,2575026078312005151,1,1
avikki_coder,2521838314070528389,1,1
avikki_coder,2456485095346696323,1,0
avikki_coder,2453250424118859687,0,0
avikki_coder,2450581599053216203,0,0
avikki_coder,2446942655707314048,0,0
avikki_coder,2434118155378671071,1,0
avikki_coder,2321228999107777821,1,0
avikki_coder,2320288029335755230,0,0
avikki_coder,2318171766417459410,1,0
avikki_coder,2311679649427812076,1,0
yazilimci_kafasii,2408980927117792557,0,0
yazilimci_kafasii,2402926265407167713,0,0
yazilimci_kafasii,2400065785974194748,0,1
yazilimci_kafasii,2338497031134146636,0,0
yazilimci_kafasii,2338432939065102933,0,0
yazilimci_kafasii,2335741559691895267,0,1
yazilimci_kafasii,2332616397874500807,0,0
yazilimci_kafasii,2313078172172585587,0,0
yazilimci_kafasii,2101149903561413174,0,1
yazilimci_kafasii,2101140040177322401,0,0
yazilimci_kafasii,2006776814529210446,0,0
yazilimci_kafasii,1928421241937611904,0,0
dandgerson,2543690772807199451,0,0
dandgerson,2522279470067215671,0,0
dandgerson,2156081116755264248,0,0
dandgerson,2070953565996436145,0,0
dandgerson,2043954786881550243,0,0
dandgerson,1923109952530853335,0,0
dandgerson,1921788600438405591,0,1
dandgerson,1892307226820628527,0,0
dandgerson,1887668694839869209,0,0
pixiters,2301717304985305111,0,1
pixiters,2290982095801500420,0,1
pixiters,1881175781686918230,0,0
pixiters,1869710778481579248,0,0
pixiters,1868332699209425614,0,0
pixiters,1867421462078291440,1,0
pixiters,1864553472961812628,0,0
pixiters,1864551955613678979,0,0
pixiters,1861044439827233019,0,0
pixiters,1858287925639234793,0,0
pixiters,1855938775517889795,0,0
pixiters,1845847399556152885,0,0
alanmontis,2615163180555405121,0,0
alanmontis,2611211877324061431,0,0
alanmontis,2485733953451613004,0,0
alanmontis,2450426327335918021,0,0
alanmontis,2439800472985158557,0,1
alanmontis,2438868119110677920,0,1
alanmontis,2438112840530037807,0,1
alanmontis,2436021411414693239,0,1
alanmontis,2435302062433277279,0,1
alanmontis,2435294498668795363,0,1
alanmontis,2391714374682006359,0,0
alanmontis,2387452063498653682,0,0
santisoft_pro,2431697072538452700,0,0
santisoft_pro,2380552440983557020,0,0
santisoft_pro,2374045312026273278,0,0
santisoft_pro,2363141652639408895,0,0
santisoft_pro,2360572580185862830,0,0
santisoft_pro,2338752274773556789,0,1
santisoft_pro,2336667036309495812,0,1
santisoft_pro,2328957895598819649,0,0
santisoft_pro,2306207327315239431,0,1
santisoft_pro,2304777874244602057,0,1
santisoft_pro,2302352007769851718,0,1
santisoft_pro,2293085422236449194,0,1
blue_ocular,2548834744766958532,0,1
blue_ocular,2209539597591157624,0,0
blue_ocular,2155099550304646330,0,0
blue_ocular,2130662660520700307,0,1
blue_ocular,2098759503884564818,0,0
blue_ocular,2095222751056009679,0,0
blue_ocular,2093805044821504119,0,0
blue_ocular,2087706994008923787,0,0
blue_ocular,2082905678927948719,0,0
blue_ocular,2079667606111194816,0,0
blue_ocular,2077701889799142030,0,1
blue_ocular,2076355943098183177,0,0
thedurgeshofficial,2763427473669781881,0,0
thedurgeshofficial,2659095260318539480,0,0
thedurgeshofficial,2619893492531677556,0,0
thedurgeshofficial,2576805426679963040,0,1
thedurgeshofficial,2494979154181873059,0,0
thedurgeshofficial,2490806148633405122,0,0
thedurgeshofficial,2486350718280558778,0,0
thedurgeshofficial,2423372415328748898,0,0
thedurgeshofficial,2419469022549809862,0,1
thedurgeshofficial,2382623681741629665,0,0
thedurgeshofficial,2381388531615745164,0,0
thedurgeshofficial,2374558209959875299,0,0
wb7_,2779478882836889518,0,1
wb7_,2778790673434338959,0,1
wb7_,2778081412106895351,0,1
wb7_,2777344447920142554,0,1
wb7_,2775990388696279088,0,1
wb7_,2775886591761388838,0,1
wb7_,2775132678032376872,0,1
wb7_,2773520565774827050,0,1
wb7_,2772971249582155428,0,1
wb7_,2772206112078076939,0,1
wb7_,2761733438920796470,0,0
wb7_,2746090591840399687,0,0
grandarchtemplargt,2465549629535403665,0,0
grandarchtemplargt,2266184734320375732,0,0
grandarchtemplargt,2238640436200377177,1,0
grandarchtemplargt,2014059882764753409,0,0
grandarchtemplargt,1970557435333496324,0,0
grandarchtemplargt,1710990519621328450,0,0
grandarchtemplargt,1605038241056523380,0,0
grandarchtemplargt,1598872492146152229,0,0
grandarchtemplargt,1457960237251420964,0,0
grandarchtemplargt,1457284040695698077,0,0
the.hidden.half,2022282200671409893,1,0
the.hidden.half,2022193110064114560,1,0
the.hidden.half,2021426148451232852,1,0
the.hidden.half,1909769789822032430,0,0
the.hidden.half,1906145940618470953,1,0
the.hidden.half,1905734649626119014,1,0
the.hidden.half,1905635679335858313,1,0
the.hidden.half,1905593170265997858,0,1
the.hidden.half,1905481945662112596,1,0
the.hidden.half,1903440847037106875,0,0
the.hidden.half,1893793676690309600,0,1
the.hidden.half,1872137539079466200,0,0
simonespinedi,2785626134227900924,0,0
simonespinedi,2783180328073229450,0,0
simonespinedi,2778321372213973978,0,0
simonespinedi,2774066740080029539,0,0
simonespinedi,2772579825799481135,0,0
simonespinedi,2769662239323714107,0,0
simonespinedi,2766082687682902283,0,0
simonespinedi,2763894790053627751,0,0
simonespinedi,2761180399184965927,0,0
simonespinedi,2758812674278236699,0,0
simonespinedi,2758105884636745840,0,0
simonespinedi,2755906009384041639,0,0
ymamsterdam,1761620464314477790,0,0
ymamsterdam,1519602687858869518,0,0
ymamsterdam,1461745228117347262,0,0
m_media_group,1908866969877945344,0,0
m_media_group,1810496065661908003,0,0
m_media_group,1795904525325271505,0,0
m_media_group,1795168112464004330,0,0
m_media_group,1790112003260858560,0,0
m_media_group,1784919677911529710,0,0
m_media_group,1558747368374896384,1,0
m_media_group,1557983020954069188,0,0
m_media_group,1552877544306145995,0,0
m_media_group,1552133000400852432,0,0
m_media_group,1551580993059331717,0,0
m_media_group,1551541091068508684,0,0
tcdesign.io,2166026529259916344,0,0
tcdesign.io,2165966110090958663,0,0
tcdesign.io,2165482924601659630,0,0
tcdesign.io,2165437715011672452,0,0
tcdesign.io,2165402888053758541,0,0
tcdesign.io,2164712899469919598,0,0
tcdesign.io,2164677774479908345,0,0
tcdesign.io,2163149046879939373,0,0
tcdesign.io,2053989825614245917,1,0
tcdesign.io,1983687674980372160,1,0
tcdesign.io,1974549372436713564,1,0
tcdesign.io,1972871914825685390,0,0
hprhkr,1951159936574982480,1,0
hprhkr,1858610133412671522,1,0
hprhkr,1793855559276031800,1,0
hprhkr,1792625616906958495,1,1
hprhkr,1792609884139725912,1,0
hprhkr,1791737221989021811,1,0
hprhkr,1768345206354293113,1,0
hprhkr,1743164336614125271,1,0
hprhkr,1732503904824726767,1,0
hprhkr,1465371773394429433,1,0
tech_programming_it,1563903634025921674,0,0
tech_programming_it,1470959248007337360,0,0
tech_programming_it,1470219207551431208,0,0
tech_programming_it,1469214076118517921,0,0
tech_programming_it,1468809322032994277,0,0
tech_programming_it,1468000370697341205,0,0
tech_programming_it,1467287025711139759,0,0
tech_programming_it,1466871945618042483,0,0
tech_programming_it,1466584356839485427,0,0
tech_programming_it,1466162600261520517,0,0
tech_programming_it,1465902251062931606,0,0
tech_programming_it,1465326291485723256,0,0
dev.kelvin_checo,1996987240458744951,1,0
dev.kelvin_checo,1553678786015454069,1,0
dev.kelvin_checo,1550693629654372953,1,0
dev.kelvin_checo,1544960757068946114,1,0
dev.kelvin_checo,1527127629390606422,1,0
dev.kelvin_checo,1410349876655251303,1,0
dev.kelvin_checo,1388264272874656602,1,0
dev.kelvin_checo,1386284877653952473,1,0
dev.kelvin_checo,1384953018529550341,1,0
dev.kelvin_checo,1381236008448514913,1,0
dev.kelvin_checo,1381191420598023657,1,0
dev.kelvin_checo,1380615867625065669,1,0
leowpdeveloper,2613334941178267969,0,0
leowpdeveloper,2550252017830552330,0,0
leowpdeveloper,2548079287030924215,0,0
leowpdeveloper,2546566401519298556,0,0
leowpdeveloper,2545848158131374317,0,0
leowpdeveloper,2543002693543332022,0,0
leowpdeveloper,2540319008839435599,0,0
leowpdeveloper,2536413152485884061,0,0
leowpdeveloper,2535026972737414928,0,0
leowpdeveloper,2533622378677650088,0,0
leowpdeveloper,2532786852441554385,0,0
leowpdeveloper,2531345265786175600,0,0
unalloy_ed,2550849204855761305,0,0
unalloy_ed,2550848119940261304,0,0
unalloy_ed,2550846437571392181,0,0
unalloy_ed,2545200195256212069,0,0
unalloy_ed,2545194007928086190,0,0
unalloy_ed,2545164160799524084,0,0
unalloy_ed,2538645314543257211,0,0
unalloy_ed,2538643765997824173,0,0
unalloy_ed,2538642237249510268,0,0
unalloy_ed,2493843823633942378,0,0
unalloy_ed,2493836146354759155,0,0
unalloy_ed,2493832581599122003,0,0
g.sunil_kumar_valmiki,2599445653470577774,0,0
g.sunil_kumar_valmiki,2596026280663312861,0,0
g.sunil_kumar_valmiki,2584442015803400137,0,0
g.sunil_kumar_valmiki,2561696659805488324,0,0
g.sunil_kumar_valmiki,2561212739364275265,0,0
g.sunil_kumar_valmiki,2547164675271951211,0,0
g.sunil_kumar_valmiki,2546062605319968679,0,0
g.sunil_kumar_valmiki,2468390244970566056,0,0
g.sunil_kumar_valmiki,2466891187047492800,0,0
g.sunil_kumar_valmiki,2433410438499778540,0,0
g.sunil_kumar_valmiki,2398153605171269367,0,0
g.sunil_kumar_valmiki,2396460598881643493,0,0
folla_yemi,2701695097941177652,0,0
folla_yemi,2673770974371088972,0,0
folla_yemi,2285556736105740728,0,0
folla_yemi,2242746766310436286,0,0
folla_yemi,1472136400756372983,0,0
dulemartins93,2133705015563263624,0,0
dulemartins93,2123923178876561439,0,0
dulemartins93,2121986903004593119,0,0
dulemartins93,2120448561364410985,0,0
dulemartins93,2119068327008397164,0,0
dulemartins93,2117077026683659779,0,0
dulemartins93,2116645172847412693,0,0
dulemartins93,2112992777739414344,0,0
dulemartins93,2112048538775972660,0,0
dulemartins93,2110224994068603715,0,0
dulemartins93,2110197481162604464,0,0
dulemartins93,2109712256544290219,0,0
codeking447,2048732944624783045,0,1
codeking447,2048591554745999470,0,0
codeking447,1987736540734265630,1,0
codeking447,1986976716996049162,1,1
codeking447,1986280291387647807,1,0
codeking447,1984798774354426862,1,0
codeking447,1984240796169485296,0,0
codeking447,1983291207379769116,0,0
codeking447,1979746124411711412,0,0
codeking447,1977811939526779862,0,0
codeking447,1976011557536303833,0,0
codeking447,1957111454647709483,0,0
allalgorithms,1943307627266115005,0,0
allalgorithms,1922757998531762234,0,0
allalgorithms,1917652300433080059,0,0
allalgorithms,1917491358353175392,0,1
allalgorithms,1917490525188240545,0,0
allalgorithms,1904595463991423817,0,0
allalgorithms,1904595098566664454,0,0
allalgorithms,1899450615797580322,0,0
allalgorithms,1896539822751815533,0,0
allalgorithms,1896539279983725015,0,0
allalgorithms,1895144832423386020,0,0
allalgorithms,1893650281531517859,0,0
gu.ffelipe,2749524714672076150,0,0
gu.ffelipe,2749524053934959698,0,0
gu.ffelipe,2749523046639209064,0,0
gu.ffelipe,2749522115881253207,0,0
gu.ffelipe,2749519532735088146,0,0
gu.ffelipe,2749511065005812266,0,0
gu.ffelipe,2749507656337062357,0,0
gu.ffelipe,2732495199777520169,0,0
gu.ffelipe,2723054473200844738,0,0
gu.ffelipe,2701927761486203427,0,0
gu.ffelipe,2701234793385762892,0,0
gu.ffelipe,2698171406653101771,0,0
abozadev,2508351445695321621,0,0
abozadev,2383631550318680036,0,0
abozadev,2377965915043623803,0,0
abozadev,2079134721146746499,0,0
abozadev,2015350534102685265,0,0
abozadev,1921045441047279650,0,0
abozadev,1901036333578922041,0,0
abozadev,1884706550434905515,0,0
abozadev,1860437109975201972,0,0
abozadev,1854602852648178480,0,0
abozadev,1853417420082258424,0,0
abozadev,1850285096801493301,0,0
bodnarchuk_irina_i_semja,2782557703977839407,0,0
bodnarchuk_irina_i_semja,2782552811406123449,0,0
bodnarchuk_irina_i_semja,2711988621946995109,1,1
bodnarchuk_irina_i_semja,2687307548820910449,0,0
bodnarchuk_irina_i_semja,2685847203946302974,0,0
bodnarchuk_irina_i_semja,2682985219051869321,0,0
bodnarchuk_irina_i_semja,2681965065014355598,0,0
bodnarchuk_irina_i_semja,2681365025611016866,0,0
bodnarchuk_irina_i_semja,2575429502272697822,0,1
bodnarchuk_irina_i_semja,2543016942233391367,0,1
bodnarchuk_irina_i_semja,2541416832100118156,0,1
bodnarchuk_irina_i_semja,2540672428930493221,0,1
cg_rasalghul,2766790158236490037,0,0
cg_rasalghul,2760832511951315376,0,0
cg_rasalghul,2756998001404018278,0,0
cg_rasalghul,2753471942725985332,0,0
cg_rasalghul,2705980529369279198,0,0
cg_rasalghul,2705937114732549723,0,0
cg_rasalghul,2705900015191005974,0,0
cg_rasalghul,2702176150172978168,0,0
cg_rasalghul,2615712888143582308,0,0
cg_rasalghul,2557790387445717376,0,0
cg_rasalghul,2549232394349459266,0,0
cg_rasalghul,2548182086806516801,0,1
grayowldev,1551816223108732936,1,0
grayowldev,1536511677859969646,1,0
grayowldev,1533472209406019017,1,0
grayowldev,1523465950611257323,1,0
grayowldev,1521113601922131184,1,0
grayowldev,1515625078456788082,1,0
grayowldev,1513967853707249175,1,0
grayowldev,1511271937179340227,1,1
grayowldev,1507379187262229442,1,0
grayowldev,1506871353063942416,1,0
grayowldev,1506137507041181258,1,0
grayowldev,1505963378874960447,0,0
slidbobo,2562467770038007691,0,1
slidbobo,2561995752528633399,0,0
slidbobo,2558924345400679710,0,0
slidbobo,2551884142505811867,0,1
slidbobo,2546781530978767262,0,1
slidbobo,2542507332718483711,0,0
slidbobo,2338005604230164226,1,0
slidbobo,2335147764039992417,1,0
slidbobo,2326358101095539637,1,1
slidbobo,2323538274056366478,0,0
slidbobo,2319978194421509854,1,1
slidbobo,2318412441645900996,0,0
energyautomationexpert,2343854158941946605,0,0
energyautomationexpert,2317419467217113207,0,0
energyautomationexpert,2252206899653874020,0,0
energyautomationexpert,2241265653632515687,0,0
energyautomationexpert,2180491292235966701,0,0
energyautomationexpert,2175681642860855125,0,0
energyautomationexpert,2093688454420286877,0,0
energyautomationexpert,2081900914864436580,0,0
energyautomationexpert,2068865560498609171,0,0
energyautomationexpert,2059440181602025929,0,0
energyautomationexpert,2049347955479839629,0,1
energyautomationexpert,2047433463195299129,0,1
p7ss.ru,1492660521076417593,1,0
ux.ui.design,1976344641762943579,0,0
ux.ui.design,1942113285747055553,0,0
ux.ui.design,1890555319936136346,0,0
ux.ui.design,1866927964042984797,0,0
ux.ui.design,1864714636952427247,1,0
ux.ui.design,1864713170883862716,0,0
ux.ui.design,1864712535404827559,0,0
ux.ui.design,1836359999476352036,0,0
ux.ui.design,1836358688261468504,0,0
ux.ui.design,1835606527902575331,0,0
ux.ui.design,1806659412950379173,1,0
ux.ui.design,1787139701057444564,0,0
cyberslog,1626806884690183453,1,0
cyberslog,1611145852516974020,0,0
cyberslog,1606776617032327672,1,0
cyberslog,1600187431793871346,1,0
cyberslog,1599468856451862720,1,0
cyberslog,1598978490355391027,0,0
cyberslog,1584942484861845473,0,0
cyberslog,1582697641116735778,0,0
cyberslog,1579806055735278372,0,0
cyberslog,1579089039667863742,0,0
cyberslog,1577942684274692902,0,0
cyberslog,1576169538072856985,1,0
isaac.millomann,2686146543651809017,0,0
isaac.millomann,2686143745463863936,0,0
isaac.millomann,2686140703276375800,0,0
isaac.millomann,2605606606503465360,0,0
isaac.millomann,2596279390232961081,0,0
isaac.millomann,2593047547367673959,0,0
isaac.millomann,2552076943537675224,0,1
isaac.millomann,2543811185493906968,0,0
isaac.millomann,2535061779370066342,0,0
isaac.millomann,2532291856050822220,0,0
isaac.millomann,2529554602760923373,0,0
isaac.millomann,2527363510917485697,0,0
amish_ranpariya,2761686009352569660,0,1
amish_ranpariya,2734188242406009653,0,0
amish_ranpariya,2714805450236873506,1,0
amish_ranpariya,2710883130426355264,1,0
amish_ranpariya,2707538604932597998,1,0
amish_ranpariya,2703625291777630992,1,1
amish_ranpariya,2702205968823592780,1,0
amish_ranpariya,2698619551895715900,0,1
amish_ranpariya,2698205753724498490,1,0
amish_ranpariya,2687942306147354857,0,0
amish_ranpariya,2687937335972678152,0,0
amish_ranpariya,2646322509983037601,0,1
thinktocode,2783173234814828195,0,1
thinktocode,2782001131193237994,0,1
thinktocode,2776665112621275788,0,1
thinktocode,1862736706936249264,1,0
thinktocode,1739726879084376000,0,1
thinktocode,1679114400558130188,0,0
thinktocode,1536448620491023783,0,0
thinktocode,1526135165460442638,0,0
thinktocode,1519865815036511771,0,0
thinktocode,1513204894071283353,0,0
thinktocode,1511224465827060211,0,0
thinktocode,1510503609891223549,0,0
nycdev,2452648499565655280,0,0
nycdev,2388060065174350963,0,0
nycdev,2385825101263385351,1,0
nycdev,2248134267504812471,1,0
nycdev,2247467971251390866,1,0
nycdev,2246686130302984031,1,0
nycdev,2208297296486103723,0,0
nycdev,2203941042364002034,0,0
nycdev,2203309315731837685,1,0
nycdev,2201102715642321214,0,0
nycdev,2196585001561250359,1,0
nycdev,2188155746972202566,0,0
coderwoman,2735253206010494625,0,0
coderwoman,2133548089318035078,0,0
coderwoman,2129834142320324068,0,0
coderwoman,2129051197615802056,0,0
coderwoman,2128633210618400186,0,0
coderwoman,2125766542263228979,0,0
coderwoman,2123268731546199104,0,0
coderwoman,2122781111711959013,0,0
coderwoman,2122126009997412343,0,0
coderwoman,2121449213404476525,0,0
coderwoman,2121398771211439165,0,0
coderwoman,1834849319195671193,0,0
iambobbiekings,2347100204718888949,0,1
iambobbiekings,2300148216009949612,0,1
iambobbiekings,2271115530167801823,0,0
iambobbiekings,2185648863229472028,0,0
iambobbiekings,2125577282155602073,0,0
iambobbiekings,2093647544084436114,0,0
iambobbiekings,2065363896839396446,0,0
iambobbiekings,2050761556607540860,0,0
iambobbiekings,2039849007676988267,0,0
iambobbiekings,2039420255084102815,0,0
iambobbiekings,2034018980909610929,0,0
iambobbiekings,2029829025052318178,0,0
codingcommunity,2619429589892396499,0,0
codingcommunity,2400186819594823542,0,1
codingcommunity,2396740469611940503,0,0
codingcommunity,2395446357956933738,0,0
codingcommunity,2394684611902162477,0,0
codingcommunity,2393817801879385448,0,0
codingcommunity,2392170844786057469,0,0
codingcommunity,2391635278973858646,0,0
codingcommunity,2390301826450044110,0,0
codingcommunity,2389302603868931247,0,0
codingcommunity,2388570122454793576,0,0
codingcommunity,2387366288034112906,0,0
drxdesign,2383572202567062659,0,0
drxdesign,2218259925451221823,0,0
drxdesign,2217818829860446991,0,0
drxdesign,2093916680592873036,0,0
drxdesign,1942838735586740514,1,0
drxdesign,1940652376503622496,0,0
drxdesign,1939491362873593472,0,0
drxdesign,1938108558558621662,0,0
drxdesign,1937393463708802314,0,0
drxdesign,1934476791582635324,0,0
drxdesign,1933704182330895863,0,0
drxdesign,1933018084114126742,0,0
michelobe,2762154285880632026,0,0
michelobe,2417855515573969541,0,0
michelobe,2385148188614176968,0,0
michelobe,2383919947681181755,0,0
michelobe,2381597379263570581,0,0
michelobe,2374587447771249196,0,0
michelobe,2374229594720136190,0,0
michelobe,2365185505949138151,0,0
michelobe,2364467651801053420,0,0
michelobe,2363567908464098986,0,0
michelobe,2362990686636249722,0,0
michelobe,2361970092952192581,0,0
spanish.js,2627920278307297058,0,0
spanish.js,2445186412841136581,0,0
spanish.js,2429404187369518825,0,0
spanish.js,2429273700894384272,0,0
spanish.js,2428681760331102630,0,0
spanish.js,2426391556639484136,0,0
spanish.js,2425936300189211960,0,0
spanish.js,2277242017304142954,0,0
spanish.js,2271395561120848356,0,0
spanish.js,2270890374467854426,0,0
spanish.js,2269944818215968805,0,0
spanish.js,2269109885490953395,0,0
hitanshu.dhawan,2359447856170304882,0,0
hitanshu.dhawan,2121225933180641962,0,0
hitanshu.dhawan,2071723994940549124,0,0
hitanshu.dhawan,2016982780203118795,0,0
hitanshu.dhawan,1920553428225331157,0,0
hitanshu.dhawan,1879939103845733555,0,0
hitanshu.dhawan,1774495886194290511,1,0
hitanshu.dhawan,1705216898758843301,1,0
hitanshu.dhawan,1704959760400403135,0,0
hitanshu.dhawan,1665446391075402080,0,0
hitanshu.dhawan,1645602998652688012,1,0
hitanshu.dhawan,1636486531688515348,0,0
daxpandhi,2788948348331385299,0,0
daxpandhi,2786778794012655948,0,0
daxpandhi,2783151169037912974,0,0
daxpandhi,2782446149678045984,0,0
daxpandhi,2780945396062788554,0,0
daxpandhi,2779073435634340384,0,0
daxpandhi,2776534925505211326,0,0
daxpandhi,2775123038498626543,0,0
daxpandhi,2774912835987463809,0,0
daxpandhi,2772858502227899250,0,0
daxpandhi,2771625433869209349,0,0
daxpandhi,2771153389037568281,0,0
network.local,2143469864890628536,0,0
network.local,2142928409830626493,0,1
network.local,2080613805968951221,0,0
network.local,2071058386015613399,0,0
frakton,2790945824447514038,0,0
frakton,2786404020978885802,0,0
frakton,2784434233147052779,0,0
frakton,2780809967306377461,0,0
frakton,2779162271235551002,0,0
frakton,2776463567433026142,0,0
frakton,2774858166874851368,0,0
frakton,2773563415244544349,0,0
frakton,2771272901476317357,0,0
frakton,2768593629137654289,0,0
frakton,2764651586677933428,0,0
frakton,2764157776018018762,0,0
newmatofficiel,2789356761692375035,0,0
newmatofficiel,2780066732214077478,0,0
newmatofficiel,2778666598704278999,0,0
newmatofficiel,2771322731793458490,0,0
newmatofficiel,2768430338303679347,0,0
newmatofficiel,2765548444918587259,0,0
newmatofficiel,2761212961803651819,0,0
newmatofficiel,2758311548127677611,0,0
newmatofficiel,2753794827828211766,0,0
newmatofficiel,2751038924267127111,0,0
newmatofficiel,2745969662431083630,0,0
newmatofficiel,2744490232651383013,0,0
wafer.studio,1866197202696078731,1,0
wafer.studio,1850867830439203969,1,0
wafer.studio,1847772444036044921,1,1
wafer.studio,1846625853266756897,1,0
wafer.studio,1845183685029291381,1,0
wafer.studio,1664656432078682224,1,0
wafer.studio,1658845760623438817,1,0
wafer.studio,1658198541692005373,1,0
wafer.studio,1658141690048578901,1,0
wafer.studio,1654482902586255950,1,0
wafer.studio,1648626347986942334,1,0
wafer.studio,1639901932927387640,1,0
gildaayazi,2764812932678503287,0,0
gildaayazi,2761200142286054401,0,0
gildaayazi,2761096167872221281,0,0
gildaayazi,2759743145162187372,1,0
gildaayazi,2758939010951181914,0,0
gildaayazi,2758222627661044833,0,0
gildaayazi,2758137176989032371,0,0
gildaayazi,2757556404523109544,0,0
gildaayazi,2757327079811072985,0,0
gildaayazi,2756930928130874475,0,1
gildaayazi,2756857671074699041,0,0
gildaayazi,2756792059853978396,0,0
aniket.codes,2762438122280166175,0,0
aniket.codes,2761206240783632252,0,0
aniket.codes,2758837903583966192,0,0
aniket.codes,2758148143798416265,0,0
aniket.codes,2757281735338598615,0,0
aniket.codes,2756741191466177581,0,0
aniket.codes,2755870641173202146,0,0
aniket.codes,2754535856604892741,0,0
aniket.codes,2750428774364498189,0,0
aniket.codes,2557189360013295063,0,0
aniket.codes,2556413097850117889,0,0
aniket.codes,2555683904828841185,0,0
the_sleeping_kid_arunprasanth,2574270589276881858,0,1
the_sleeping_kid_arunprasanth,2571234778784538617,0,1
the_sleeping_kid_arunprasanth,2570440594511355861,0,1
the_sleeping_kid_arunprasanth,2503107026825238905,1,0
the_sleeping_kid_arunprasanth,2416956030583988375,0,0
the_sleeping_kid_arunprasanth,2259009938932536373,0,0
the_sleeping_kid_arunprasanth,2258329623022868469,1,0
the_sleeping_kid_arunprasanth,2254616034002934128,0,0
the_sleeping_kid_arunprasanth,2252529609898155369,0,0
the_sleeping_kid_arunprasanth,2249604273162141919,0,0
the_sleeping_kid_arunprasanth,2214233940548757164,0,0
the_sleeping_kid_arunprasanth,2213213446840036475,1,0
goldenappsgroup,2168456485425033801,0,0
goldenappsgroup,2168425118221875872,0,1
goldenappsgroup,1822477548879888927,0,0
goldenappsgroup,1800117569149834786,0,1
goldenappsgroup,1726877759383740787,0,1
goldenappsgroup,1726819141896618724,0,0
goldenappsgroup,1726791171760792076,0,0
goldenappsgroup,1726786431601816268,0,0
mathieumg,2478846893984254337,0,0
mathieumg,2361230650863882596,0,0
mathieumg,2044009924766669862,0,0
mathieumg,1989054181882197258,0,0
mathieumg,1930875844160900637,0,0
mathieumg,1822308201304307654,0,0
mathieumg,1795283541253559826,0,0
mathieumg,1559593190117732333,0,0
mathieumg,991351567034323923,1,0
mathieumg,940800136724582752,1,0
mathieumg,889092979637850898,0,0
mathieumg,768357114192827385,0,0
its_abhay_yadav,2792774078711642962,0,0
its_abhay_yadav,2791734086027566652,0,0
its_abhay_yadav,2791551190918581648,0,0
its_abhay_yadav,2791266332891777200,0,0
its_abhay_yadav,2790556095507500875,0,0
its_abhay_yadav,2789837955747774126,0,0
its_abhay_yadav,2788718985971378044,0,0
its_abhay_yadav,2787301879724300148,0,0
its_abhay_yadav,2783299452925555363,0,0
its_abhay_yadav,2783291207089353786,0,0
its_abhay_yadav,2782595922230799208,0,0
its_abhay_yadav,2781838597928810326,0,0
retali.8,2676832972496180361,0,0
retali.8,2676708493168711160,0,1
retali.8,2676696465340903689,0,0
retali.8,2657837760103440304,0,0
retali.8,2655171010815657611,0,1
retali.8,2651889415543542077,0,0
retali.8,2651072090086996485,0,0
retali.8,2650861026486939688,0,0
retali.8,2650856272251738564,0,0
retali.8,2650717616195505067,0,0
retali.8,2650600554536318721,0,1
retali.8,2640696753504702080,0,0
mareczek_r,2532179809851527760,0,0
mareczek_r,2516568904048766509,0,0
mareczek_r,2476494638032466893,1,0
mareczek_r,2424973739317618020,1,0
mareczek_r,2403071997491185615,1,0
mareczek_r,2393900382366980631,1,0
mareczek_r,2387599068603340006,1,0
mareczek_r,2374807628290682379,1,0
mareczek_r,2354909377238690967,0,0
mareczek_r,2351390725190899600,0,0
mareczek_r,2240125324054408572,0,0
mareczek_r,1883311757968275167,1,0
imabhibhaw,2527866440289383450,1,0
imabhibhaw,2417745353774533737,1,0
imabhibhaw,2392174936431293053,1,0
imabhibhaw,2367468323355425211,1,0
imabhibhaw,2266304493637859435,0,0
imabhibhaw,2211642508984050288,0,0
imabhibhaw,2152350454240280632,0,0
imabhibhaw,2027112145739005958,0,0
imabhibhaw,1967033883614919431,0,0
dev.codes_,2784204384632272662,0,0
dev.codes_,2784190648395638220,0,0
dev.codes_,2463266836322610427,0,0
dev.codes_,2401645755862445838,0,0
dev.codes_,2342798788512467007,0,0
dev.codes_,2339183054213385422,0,0
dev.codes_,2322613739880432687,0,0
dev.codes_,2318049664278003563,0,0
dev.codes_,2314764090826587558,0,0
dev.codes_,2314762192887272016,0,0
dev.codes_,2295033599595947563,0,0
dev.codes_,2290629289177006478,0,0
vida.programador,2794730378445540147,0,0
vida.programador,2790215247130379128,0,0
vida.programador,2781526044771304196,0,0
vida.programador,2779462342213925552,0,0
vida.programador,2777403022928464186,0,0
vida.programador,2775277077994432643,0,0
vida.programador,2773609233376505030,0,0
vida.programador,2766749465635116446,0,0
vida.programador,2763196785373374370,0,0
vida.programador,2756207300357404495,0,0
vida.programador,2754714609715695387,0,0
vida.programador,2748323633645322937,0,0
vin.codes,2507720643680899945,0,0
vin.codes,2504057538199359432,0,0
vin.codes,2501892800325372703,0,0
vin.codes,2500941466235321024,0,0
vin.codes,2499737103727056183,0,0
vin.codes,2498265607489869656,0,0
vin.codes,2498181511677854098,0,0
vin.codes,2496103547855178188,0,0
vin.codes,2495363215492618724,0,0
vin.codes,2493928750346075696,0,0
vin.codes,2493705039558911393,0,0
vin.codes,2493221390690348059,0,0
alexgamermohamedsaad20172017,2794858619247167821,0,0
alexgamermohamedsaad20172017,2794434295477842144,0,0
alexgamermohamedsaad20172017,2793972897158167890,0,0
alexgamermohamedsaad20172017,2792511129567114348,0,0
alexgamermohamedsaad20172017,2792415844400856553,0,0
alexgamermohamedsaad20172017,2791924287649506399,0,0
alexgamermohamedsaad20172017,2791506495997597353,0,0
alexgamermohamedsaad20172017,2791062043756496853,0,0
alexgamermohamedsaad20172017,2783304545439690238,0,0
alexgamermohamedsaad20172017,2771438394249607703,0,1
alexgamermohamedsaad20172017,2770847539416330120,0,0
alexgamermohamedsaad20172017,2770685203207895742,0,1
wesley_t_teles,2783877934568568007,0,1
wesley_t_teles,2775803363705624106,0,1
wesley_t_teles,2771680100410765546,0,1
wesley_t_teles,2761429138750716798,0,1
wesley_t_teles,2757567206272700419,0,1
wesley_t_teles,2697914211929063831,0,1
wesley_t_teles,2696735631664719144,0,1
wesley_t_teles,2696320582995312723,0,1
wesley_t_teles,2685630801319741398,0,1
wesley_t_teles,2680721883464255174,0,1
wesley_t_teles,2676450889269280489,0,0
wesley_t_teles,2665631099836738709,0,1
adityaa_sahoo,2790525397635094156,0,0
adityaa_sahoo,2788882760255522896,1,0
adityaa_sahoo,2784810639928760528,0,0
adityaa_sahoo,2776336327434383417,0,0
adityaa_sahoo,2774379969462110629,0,0
adityaa_sahoo,2755890744952403660,1,0
adityaa_sahoo,2747837185094756477,1,0
adityaa_sahoo,2706120775693556391,1,0
adityaa_sahoo,2657410721008567469,1,0
adityaa_sahoo,2612400014167537566,1,0
adityaa_sahoo,2609572808265476037,1,0
adityaa_sahoo,2542767132171436845,0,1
softgraphy_hub,2306911658533266304,0,0
softgraphy_hub,2285742931477532665,0,0
softgraphy_hub,2285741501832413354,0,0
softgraphy_hub,2285741184071900869,0,0
softgraphy_hub,2095958025584306845,0,0
softgraphy_hub,2095957124773769616,0,0
softgraphy_hub,2094958154907677831,0,0
softgraphy_hub,2094913380863573101,0,0
softgraphy_hub,2094911977852083120,0,0
softgraphy_hub,1821806961366521245,1,1
softgraphy_hub,1809451731438067049,1,0
softgraphy_hub,1799468912544636416,1,0
javascriptloversofficial,1637130766524585201,0,0
javascriptloversofficial,1552302879275958042,1,0
javascriptloversofficial,1551642279944335234,0,0
javascriptloversofficial,1551467909984726700,1,0
javascriptloversofficial,1550760872510413346,0,0
javascriptloversofficial,1550187665545872982,0,0
javascriptloversofficial,1549905889636243471,0,0
javascriptloversofficial,1549375193092141518,0,0
javascriptloversofficial,1549244427142159754,0,0
javascriptloversofficial,1548933570789107852,0,0
javascriptloversofficial,1548599280012268960,0,0
javascriptloversofficial,1548577666537148544,0,0
huethedev,2203562923190861755,0,0
huethedev,2048242753154654838,0,0
huethedev,2023543375856191629,0,0
huethedev,2009785980302870184,0,0
huethedev,1593642590136486152,0,0
huethedev,1572917152770889316,1,0
huethedev,1572834096273824433,0,0
huethedev,1572825614568956139,0,0
huethedev,1564772180825589853,0,0
huethedev,1564755858834097436,0,0
huethedev,1549778905429587474,0,0
huethedev,1549751342736896164,0,0
denwisla,2356207610091555440,0,0
denwisla,2327420176411637757,0,0
denwisla,2239695517289587183,0,0
denwisla,2222332131516980096,0,0
denwisla,2202449381038643763,0,0
denwisla,2199696066676667342,0,0
denwisla,2189757649146740558,0,0
denwisla,2188695356950660224,0,0
denwisla,2158099983739685570,0,1
denwisla,2154190143745211349,0,0
denwisla,2133952363358541843,0,0
denwisla,2132790909660643233,0,0
minersmaster,1665013068134668390,0,0
minersmaster,1639571037841278214,0,0
minersmaster,1638765794723486666,0,0
minersmaster,1638660036455389876,0,0
minersmaster,1637995010337817615,0,0
minersmaster,1637244096559831601,0,0
minersmaster,1635984080066562559,0,0
minersmaster,1635118710879342714,0,0
minersmaster,1634406965785228839,0,0
minersmaster,1633529356209787285,0,0
minersmaster,1633057914703779777,0,1
minersmaster,1632284280867356375,0,0
__donaldbassa,2776549204123482851,0,0
__donaldbassa,2730796324641497341,0,0
__donaldbassa,2717604558622714624,0,0
__donaldbassa,2654617275204835855,0,0
__donaldbassa,2504535027676483437,0,0
__donaldbassa,2406071279948855253,0,0
__donaldbassa,2389909386849831254,0,0
__donaldbassa,2322932332712923334,0,0
__donaldbassa,2284313185368156735,0,0
__donaldbassa,2169603269316073475,0,0
__donaldbassa,2159775049062478299,0,0
__donaldbassa,1911214832709163126,0,0
atulcodex,2789904255838268036,0,1
atulcodex,2789167590839655434,0,0
atulcodex,2777815291830691879,0,0
atulcodex,2776134369773349257,0,1
atulcodex,2767307032014980765,0,0
atulcodex,2765262926783973563,0,1
atulcodex,2762594992345353469,0,0
atulcodex,2760541068830530920,0,1
atulcodex,2752448131146124574,0,0
atulcodex,2738635350460489821,0,1
atulcodex,2646000302349045420,0,0
atulcodex,2644489752905379161,0,0
chalak_r,2682340382046197857,0,1
chalak_r,2540918286181595442,0,1
chalak_r,2437806544851668872,0,1
chalak_r,2419308682300007305,0,1
chalak_r,2290837212075531193,0,1
chalak_r,2282961507610310082,0,0
chalak_r,2256217782586870900,0,1
chalak_r,2247236209313242568,0,1
b_r_b_a_,1700942996440112087,1,0
b_r_b_a_,1700935150726243819,1,0
b_r_b_a_,1700927926238776349,0,0
b_r_b_a_,1696731016334574540,0,0
b_r_b_a_,1696730181777099067,0,0
b_r_b_a_,1696729650476326867,0,0
b_r_b_a_,1582523823629095688,1,0
b_r_b_a_,1582520978951396564,0,0
b_r_b_a_,1582517051816308063,0,0
b_r_b_a_,1579330464141266888,0,0
b_r_b_a_,1579329765227421358,0,0
b_r_b_a_,1575446937028978943,0,0
studiofru,2791571172810305405,0,0
studiofru,2787922878012023034,0,0
studiofru,2753111099922909411,0,0
studiofru,2750187821826609333,0,0
studiofru,2746554440295472651,0,0
studiofru,2734790890053155381,0,0
studiofru,2728920052970308426,0,0
studiofru,2723462132142582547,0,0
studiofru,2713382625543550957,0,0
studiofru,2703807076745266151,0,0
studiofru,2683610071351864419,0,0
studiofru,2669700824972983911,0,0
blooware,2623300597994829820,0,1
blooware,2622215881170488965,0,1
blooware,2622188210340325776,0,0
blooware,2580966513595671235,0,0
blooware,2576317300911348805,0,0
blooware,2570098439271403246,0,1
blooware,2564822618708532138,0,0
blooware,2393674750342877576,0,1
blooware,2386385796291805264,0,1
blooware,2310221669056339690,0,0
blooware,2309819615523605097,0,0
blooware,2115311192191824851,0,0
waroi,2784591314051544168,0,0
waroi,2701223827143232326,0,0
waroi,2625737825522266982,0,1
waroi,2625729988926567665,0,0
waroi,2611965835124596641,0,1
waroi,2610176638738764422,0,0
waroi,2610174342575606885,0,0
waroi,2590130611326902578,0,0
waroi,2576976742371627667,0,1
waroi,2576946723662500336,0,0
waroi,2576933310848723325,0,0
waroi,2575734382748802113,0,0
3dprintaddict,2542044641204461872,0,0
3dprintaddict,2526785866549875091,0,0
3dprintaddict,2515710008821121858,0,0
3dprintaddict,2391843560846473706,0,0
3dprintaddict,2388323105850087111,0,0
3dprintaddict,2377523403588268001,0,0
3dprintaddict,2359826534082912567,0,0
3dprintaddict,2357168962360146010,0,0
3dprintaddict,2355480690005205006,0,0
3dprintaddict,2354211742043580691,0,0
3dprintaddict,2323041669929122915,0,0
3dprintaddict,2302163627560148516,0,0
loorha,2325566161713836334,0,0
loorha,2325382393702999838,0,0
loorha,2324993985617035334,0,0
loorha,2139265792573795114,0,1
loorha,2102205863757380453,0,0
loorha,2102203761547236083,0,0
loorha,2100013063137688082,0,0
loorha,2099995057720449063,0,0
loorha,2099856609323943307,1,0
loorha,2099396153178214475,0,0
loorha,2099395985523579264,0,0
loorha,2099289889974544678,0,0
cyberyoddha,2024115213525050017,1,0
cyberyoddha,2022504265714397471,1,0
cyberyoddha,1984825237318897294,0,0
cyberyoddha,1970112664652549599,1,0
cyberyoddha,1958764442008948875,1,0
cyberyoddha,1902786607872628357,0,0
cyberyoddha,1793616237440567664,1,0
cyberyoddha,1768296868997493697,1,0
cyberyoddha,1765378420801586464,0,0
cyberyoddha,1764658262219032272,1,0
cyberyoddha,1764632012066889688,1,0
cyberyoddha,1763845748434606437,1,0
imammubin,2782099756552433826,0,1
imammubin,2782089962956170539,0,0
imammubin,2767113375488812416,0,0
imammubin,2766280894049069048,0,0
imammubin,2764979923335967091,0,0
imammubin,2762785325099978701,0,0
imammubin,2762105237233109656,0,0
imammubin,2761035052380245767,0,1
imammubin,2740980392566460216,0,0
imammubin,2740360723388796494,0,0
imammubin,2735061668581397519,0,0
imammubin,2724087138727759065,0,0
codebarnyc,2334600502081308592,0,1
codebarnyc,2328442331373690203,0,0
codebarnyc,2325227413849717265,0,0
codebarnyc,2324985859679676170,0,1
codebarnyc,2324267564290573366,0,0
codebarnyc,2292255802133765606,0,0
codebarnyc,2243712524853743005,0,0
codebarnyc,2228603136115809641,0,0
codebarnyc,2199905837785375810,0,0
codebarnyc,2182421666217415737,0,1
codebarnyc,2166199375545767363,0,0
codebarnyc,2152445329075608140,0,0
pimpmyapp,1967689318575260773,0,1
pimpmyapp,1967221379589903756,0,1
pimpmyapp,1966297432182601987,0,0
pimpmyapp,1966202524444900773,0,0
pimpmyapp,1965995216775172936,0,1
pimpmyapp,1965989752268264765,0,0
pimpmyapp,1965980099933248813,0,1
pimpmyapp,1965975038003794812,0,1
pimpmyapp,1664752370866825104,0,0
pimpmyapp,1649786761931179634,1,0
pimpmyapp,1606603270892297695,0,0
pimpmyapp,1603780079753524117,0,0
codeexcursion,2789289034624136263,0,0
codeexcursion,2727194661141249753,0,0
codeexcursion,2690001866555358946,0,1
codeexcursion,2678361991322085943,0,0
codeexcursion,2660456942369745012,0,0
codeexcursion,2651067833297552757,0,0
codeexcursion,2646807216705334792,0,0
codeexcursion,2640046715103242015,0,0
codeexcursion,2640034920594577787,0,1
codeexcursion,2621836189636560622,0,1
codeexcursion,2621063884933284909,0,1
codeexcursion,2611302109828531172,0,0
rubiemartinez,2797698850955685899,0,0
rubiemartinez,2797601134518810089,0,0
rubiemartinez,2791787683288636905,0,0
rubiemartinez,2790930186055121835,0,0
rubiemartinez,2790339088203006147,0,0
rubiemartinez,2773735717807547172,0,0
rubiemartinez,2754767533368824437,0,0
rubiemartinez,2754591769742653182,0,0
rubiemartinez,2753951644393657468,0,0
rubiemartinez,2733232414858114057,0,0
rubiemartinez,2730211065026066631,0,0
rubiemartinez,2728651606332166853,0,0
learnjavacoding,2092748895175096325,0,0
learnjavacoding,2084329815993084409,0,0
learnjavacoding,2079878330559247335,0,0
learnjavacoding,2072048771071770408,0,0
learnjavacoding,2055146327129918837,0,0
learnjavacoding,2052150447485296925,0,0
learnjavacoding,2048045331174082088,0,0
learnjavacoding,2032118746004644884,0,0
learnjavacoding,2029884133224024011,0,0
learnjavacoding,2027148074371412212,0,0
learnjavacoding,2022487000338641626,0,0
learnjavacoding,2012666363143035503,0,0
dev.brom,2757478782493574800,1,0
dev.brom,2690770426165241182,1,0
dev.brom,2195011639378664400,1,0
dev.brom,2080762199204259786,1,0
dev.brom,1948647034340878485,1,0
dev.brom,1939248248732580487,1,0
dev.brom,1932070799028724209,1,0
dev.brom,1876336830727723195,1,0
dev.brom,1794903732573779472,0,0
dev.brom,1787978188976421163,1,0
dev.brom,1787934260956961662,1,0
dev.brom,1787762440454691570,1,0
1appdaily,1978601446305659787,0,0
1appdaily,1738743597660303630,0,1
1appdaily,1638055917270321362,0,0
1appdaily,1629276968918654120,0,1
1appdaily,1628029076186773801,0,0
1appdaily,1627215750301002887,0,0
1appdaily,1625585610093557058,0,1
1appdaily,1625408827377517353,0,1
1appdaily,1625067618784002607,0,0
1appdaily,1623979851567307402,0,1
1appdaily,1623600709119184999,0,0
1appdaily,1622746236372980276,0,1
hellowebbooks,2019927862303774252,0,0
hellowebbooks,2012860874049935416,1,0
hellowebbooks,1992416055997597662,0,0
hellowebbooks,1880869076361120751,1,0
hellowebbooks,1858268466743007420,1,0
hellowebbooks,1816014154977582560,0,0
hellowebbooks,1811808205307852913,0,0
hellowebbooks,1811032784924639502,0,0
hellowebbooks,1810342927898913639,1,0
hellowebbooks,1809606252934737107,0,0
hellowebbooks,1807348601463023508,0,0
hellowebbooks,1805903597305802557,1,0
iamdevloper,2490307878779408079,0,0
iamdevloper,2238733683244916305,0,0
iamdevloper,2173627740484316212,0,0
iamdevloper,1762466137511063471,0,0
iamdevloper,1762462085721282336,0,0
iamdevloper,1669817427225391900,0,0
iamdevloper,1655107422119224165,0,0
iamdevloper,1653008101219362354,0,0
iamdevloper,1644268988798401907,0,0
iamdevloper,1608268471741078916,0,0
iamdevloper,1606730125738904272,0,0
iamdevloper,1604425873435669522,0,0
imohsenui,2457659166043463618,0,1
imohsenui,2454006571538314502,0,1
imohsenui,2449141937564007574,0,0
imohsenui,2446006072276858723,0,0
imohsenui,2442366333866950675,0,0
imohsenui,2441565349636996354,0,0
imohsenui,2441465101820245926,0,0
imohsenui,2421836620643808913,0,1
imohsenui,2421383889886002362,0,0
imohsenui,2421041560188715604,0,0
imohsenui,2420742501255242261,0,1
imohsenui,2419144836394484742,0,0
leonlafa,2748123311630369672,0,0
leonlafa,2730692296205139840,0,0
leonlafa,2729963495365567499,0,1
leonlafa,2728501126538078893,0,1
leonlafa,2695121460509285830,0,0
leonlafa,2639234918662686993,0,0
leonlafa,2624974472974984356,0,0
leonlafa,2623545428781932825,0,0
leonlafa,2616904799582766937,0,0
leonlafa,2615503575629274916,0,0
leonlafa,2615491329116955363,0,1
leonlafa,2614824275162686739,0,1
programmingfaster,2122516742315171721,1,0
programmingfaster,1957519757658287514,1,0
programmingfaster,1852382795570584217,1,0
programmingfaster,1808256511907230109,1,0
programmingfaster,1799535789538095480,1,0
programmingfaster,1799533401846817267,1,0
programmingfaster,1799531250823086843,1,0
programmingfaster,1798031376269142891,1,0
programmingfaster,1798028792804258582,0,0
programmingfaster,1798025845877812480,0,0
programmingfaster,1796606262096948238,1,0
programmingfaster,1796594548370329548,0,0
esraahisham753,2382807097204095763,0,0
esraahisham753,2380691295532589814,0,0
esraahisham753,2379167561823581094,0,0
esraahisham753,2378540264601127224,0,0
esraahisham753,2378522583204205277,0,0
esraahisham753,2378520196167120978,0,0
esraahisham753,2370672167925071501,0,0
esraahisham753,2370555587614608650,0,0
esraahisham753,2077922491900208626,0,0
esraahisham753,2074238584323539467,0,1
esraahisham753,1999543137571676065,0,0
esraahisham753,1998092470231488520,0,0
tetyana_taran,2801829473710127314,0,0
tetyana_taran,2801133859285032532,0,0
tetyana_taran,2800284464460344934,0,0
tetyana_taran,2798362963006985262,0,1
tetyana_taran,2798138274000243523,0,0
tetyana_taran,2795752875235887839,0,0
tetyana_taran,2794656457720963406,0,1
tetyana_taran,2788160504872152927,0,0
tetyana_taran,2787925767545495355,0,0
tetyana_taran,2786369740882669345,0,0
tetyana_taran,2784276694610095542,0,0
tetyana_taran,2784200700743547182,0,0
alanhostage,2780027073735958386,0,0
alanhostage,2747667884237079195,0,0
alanhostage,2746875328885618975,0,0
alanhostage,2736467359610137599,0,0
alanhostage,2734613099075079437,0,0
alanhostage,2733159408723921732,0,0
alanhostage,2501082526022568599,0,0
alanhostage,2293087962147269832,0,0
alanhostage,2269756771243576782,0,0
alanhostage,2258075713020143628,0,0
alanhostage,2253824192506144424,0,1
alanhostage,2162363087804594037,0,0
markentingh,2755777305107285476,0,0
markentingh,2419611430442649779,0,0
markentingh,2366640616131121903,0,0
markentingh,2300398269718675021,0,0
markentingh,2215239675113680379,0,0
markentingh,1967313793134879656,1,0
markentingh,1885903307445420545,1,0
markentingh,1856899772108452340,1,0
markentingh,1822351723122268741,1,0
markentingh,1783147253012443097,1,0
markentingh,1777081196778814873,1,0
markentingh,1769135587492928453,1,1
_frostz,2777992184210532371,0,0
_frostz,2684812413498511276,0,0
_frostz,2472009403767923943,0,1
_frostz,2458956283706075516,0,1
_frostz,2447087029192775673,0,0
_frostz,2443731516786864854,0,0
_frostz,2439118406448875368,0,0
_frostz,2421018141862767985,0,0
_frostz,2417589377522869553,0,0
_frostz,2401712618629763632,0,0
_frostz,2400080782254358913,0,0
_frostz,2386203820448539106,0,0
rsquare_media,2473259457044317113,0,1
rsquare_media,2468472718979416181,0,0
rsquare_media,2388728137530903564,0,0
rsquare_media,2384949516479637971,0,0
rsquare_media,2384369670150024441,0,0
rsquare_media,2310217479131039451,0,0
rsquare_media,2076857617665253723,0,0
rsquare_media,2065188827999485435,0,0
rsquare_media,2063322858309944225,0,0
rsquare_media,2058080291330966614,0,0
rsquare_media,2054477952975958114,0,0
rsquare_media,2050104029819865088,0,0
js_almighty,1977761891506163165,0,0
js_almighty,1977037168883172437,0,0
js_almighty,1972686956328652602,0,0
js_almighty,1971962614037057920,0,0
js_almighty,1969811899944379954,0,0
js_almighty,1969068911958077851,0,0
js_almighty,1966887594419858086,0,0
js_almighty,1963991878706062732,0,0
js_almighty,1963442862507417222,0,0
js_almighty,1961814680058265807,0,0
js_almighty,1959008543579606096,0,0
js_almighty,1958196795616363355,0,0
davidmenlop,2780884212851813167,0,1
davidmenlop,2773003294174195974,0,0
davidmenlop,2721575610935428475,0,0
davidmenlop,2717111854168905558,0,0
davidmenlop,2707495949540948461,0,1
davidmenlop,2704902981027062750,0,0
davidmenlop,2696715694879534208,0,0
davidmenlop,2695546858293662246,0,1
davidmenlop,2694165466109118638,0,0
davidmenlop,2692389384220696536,0,0
davidmenlop,2678607691198397584,0,0
davidmenlop,2678059210100635136,0,0
chel.castel,2338107529021777734,0,0
chel.castel,1999141858357570266,1,0
chel.castel,1896042800940957637,1,0
chel.castel,1891642965836121298,1,0
chel.castel,1883627601667617318,1,0
chel.castel,1851143569763797169,1,0
chel.castel,1840850918078293748,0,0
chel.castel,1837438658400315144,1,0
chel.castel,1799784250745363591,0,0
chel.castel,1764966033770657787,0,0
chel.castel,1754742454772441092,0,1
chel.castel,1753825269086789969,0,1
bruninhanic,2796868853584033993,0,0
bruninhanic,2794911423958268416,0,0
bruninhanic,2790419626280447083,0,0
bruninhanic,2782512704113320749,0,0
bruninhanic,2781765273872446780,0,0
bruninhanic,2778538268245231655,0,1
bruninhanic,2777428406400666300,0,1
bruninhanic,2774559991379993612,0,0
bruninhanic,2772917314045714454,0,0
bruninhanic,2771431432277062778,0,0
bruninhanic,2767713410269181008,0,0
bruninhanic,2761446770674102407,0,0
studio_apsite,2542118851953549835,0,0
studio_apsite,2539974014273830533,0,0
studio_apsite,2537042689203957638,0,0
studio_apsite,2534885538096388344,0,0
studio_apsite,2531975409654926511,0,0
studio_apsite,2529834078119782173,0,0
studio_apsite,2526966039963731715,0,0
studio_apsite,2522549665258337352,0,0
studio_apsite,2516769091608435699,0,0
studio_apsite,2514680949543846815,0,0
studio_apsite,2511792740862432853,0,0
studio_apsite,1665330512086412191,1,0
githubman,2322857088056630116,0,0
githubman,1838375355753224272,1,0
githubman,1759339030141411285,1,0
githubman,1747034518466788104,1,0
githubman,1745158754565752143,0,0
githubman,1742747098543929485,1,0
githubman,1741514876235176203,1,0
githubman,1723503350177962553,0,0
githubman,1722631320595338281,0,0
githubman,1721674979227799796,0,0
githubman,1717699755218099765,1,1
githubman,1717378209588972056,1,0
s2jkz,2645924565349485772,0,0
s2jkz,2610362388928281989,0,1
s2jkz,2574767020295703599,0,1
s2jkz,2559583934851567567,0,1
s2jkz,2549416219033583559,0,1
s2jkz,2539229085224053752,0,1
s2jkz,2529056449730763611,0,1
s2jkz,2514695573993880517,0,1
s2jkz,2514695438526211454,0,1
s2jkz,2514694856440807080,0,1
s2jkz,2488708647029676581,0,1
s2jkz,2484757983530360190,0,0
stefy.stefania7307,2771850445585479730,0,0
stefy.stefania7307,2768460326824467987,0,0
stefy.stefania7307,2768436721843567302,0,0
stefy.stefania7307,2732846801360116218,0,0
stefy.stefania7307,2719108814369557176,0,0
stefy.stefania7307,2710427712797393022,0,0
stefy.stefania7307,2707587562971119674,0,0
stefy.stefania7307,2692693380808994674,0,0
stefy.stefania7307,2691775836317962905,0,0
stefy.stefania7307,2424059371405607948,0,0
stefy.stefania7307,2316880699791922422,0,0
stefy.stefania7307,2283787539621806445,0,0
gathertogetherhk,2507479132512543327,0,1
gathertogetherhk,2471225500120376936,0,1
gathertogetherhk,2463615020112411078,0,1
gathertogetherhk,2445646643780997677,0,0
gathertogetherhk,2434368480442018707,0,0
gathertogetherhk,2205836131143169322,0,1
gathertogetherhk,2116862534563860177,0,0
gathertogetherhk,2113889540182696726,0,0
gathertogetherhk,2110959348447699951,0,0
gathertogetherhk,2097911195011987815,0,0
gathertogetherhk,2096561281371902371,0,0
gathertogetherhk,2088367314209711122,0,0
app_fanation,1698614822419349077,1,0
app_fanation,1683441944577208251,1,0
app_fanation,1679711368213086857,1,0
app_fanation,1679063039863035276,1,0
app_fanation,1679059171397747523,1,0
app_fanation,1651586486833216246,1,0
app_fanation,1637033635477807826,1,0
app_fanation,1634374827609826555,0,1
app_fanation,1633311961221845883,1,0
app_fanation,1633302861855584417,0,0
app_fanation,1633286966072325405,0,0
limonadawebsolucoes,2317646271731839041,0,1
limonadawebsolucoes,2008115034879526514,0,0
limonadawebsolucoes,1953270383335526818,0,0
limonadawebsolucoes,1850165921442590047,1,0
limonadawebsolucoes,1841063247128323572,1,1
limonadawebsolucoes,1822151825388034195,1,1
limonadawebsolucoes,1818455225478815992,0,1
limonadawebsolucoes,1818414030291534543,1,0
limonadawebsolucoes,1817031957957989083,1,0
limonadawebsolucoes,1816956085095702705,0,0
limonadawebsolucoes,1813336736631991081,0,0
limonadawebsolucoes,1811077205080311146,0,0
zowhair,2328262729491961264,0,0
zowhair,1977663842058453959,0,0
zowhair,1930612727869622032,1,0
zowhair,1929970056771775475,1,0
zowhair,1929272244752950774,0,0
zowhair,1928547938339333985,0,0
zowhair,1928425072151024994,0,0
zowhair,1928151335111551143,0,0
zowhair,1927358052227616455,0,0
zowhair,1924461935974541125,1,0
zowhair,1923736723037388630,1,0
zowhair,1923374033735686029,0,0
eddiejaoude,2803596187811880759,0,0
eddiejaoude,2803146802565078338,0,0
eddiejaoude,2801472324428787358,0,0
eddiejaoude,2800849067439575777,0,0
eddiejaoude,2799448576137196371,0,0
eddiejaoude,2798646867921827733,0,0
eddiejaoude,2796646798288749005,0,0
eddiejaoude,2792241349047495119,0,0
eddiejaoude,2788481118282895293,0,0
eddiejaoude,2786917232493073633,0,0
eddiejaoude,2785265842028817009,0,0
eddiejaoude,2784922895046408558,0,0
umar.nasir_,2790173763408567000,0,0
umar.nasir_,2782822480582302832,0,0
umar.nasir_,2781956195040446717,0,0
umar.nasir_,2772493794047311862,0,0
umar.nasir_,2756544954202857983,0,0
umar.nasir_,2752265791623780740,0,0
umar.nasir_,2751484913049627140,0,0
umar.nasir_,2748856164768845165,0,0
umar.nasir_,2711088565079657330,0,0
umar.nasir_,2688104868073596875,0,0
umar.nasir_,2687894256241589046,0,0
umar.nasir_,2687324987115085506,1,0
coder_panda,1848104225847315895,1,1
coder_panda,1844449534005244076,1,0
coder_panda,1842330456214036206,1,0
coder_panda,1841683037440852368,1,0
coder_panda,1840109182712624039,1,0
coder_panda,1839315083132296401,1,0
coder_panda,1838003956788034005,1,0
coder_panda,1837168641232070517,1,0
coder_panda,1836511950639438675,1,0
coder_panda,1835756320022479573,1,0
coder_panda,1835440008817767829,1,0
coder_panda,1834376261021844794,1,0
getright2700,2441751087880264794,1,0
getright2700,2369895126769528449,1,0
getright2700,2313406669205474949,1,1
getright2700,2278588152212098964,1,1
getright2700,2266216611700812753,1,1
getright2700,2252200066016360381,1,1
getright2700,2237279532476790767,1,1
getright2700,2235174629579080323,1,1
getright2700,2226882831047947799,1,1
getright2700,2117405390261377106,0,0
getright2700,2108712129242034640,0,0
getright2700,2108117667281148388,0,0
thinkit_shinya,2597057836924408494,0,0
thinkit_shinya,2590790865283065315,0,0
thinkit_shinya,2585049666173681902,0,0
thinkit_shinya,2581255436993127226,0,0
thinkit_shinya,2576176962125172127,0,0
thinkit_shinya,2574917945788930047,0,0
thinkit_shinya,2572062748175605824,0,0
thinkit_shinya,2570419763583183863,0,0
thinkit_shinya,2569555056207023331,0,0
thinkit_shinya,2568697067367504920,0,0
thinkit_shinya,2567656920685346689,0,0
thinkit_shinya,2566503075162814832,0,0
pvn_1982,2532707700740835746,0,1
pvn_1982,2461005353816266140,0,0
pvn_1982,2435055798402838933,0,0
pvn_1982,2404671513909049790,0,0
pvn_1982,2391347687452438798,0,0
pvn_1982,2389342756428300858,0,0
pvn_1982,2387592819550011345,0,0
pvn_1982,2379227376674242510,0,0
pvn_1982,2377125873991429377,0,0
pvn_1982,2334670144993549047,0,1
pvn_1982,2334601165059056710,0,0
pvn_1982,2283268959523239103,0,0
gustavocacharuco,2692682149982558734,0,1
gustavocacharuco,2684747590151257721,0,1
gustavocacharuco,2684699918262575385,0,1
gustavocacharuco,2667757400991236595,0,0
gustavocacharuco,2541241496445545701,0,0
gustavocacharuco,2320135358716471655,0,0
gustavocacharuco,2308187392885937944,0,0
gustavocacharuco,2285275599349958111,0,0
gustavocacharuco,2285274936960121094,0,0
gustavocacharuco,2285274018047022838,0,0
gustavocacharuco,2285273281669759163,0,0
gustavocacharuco,2285270452242694161,0,0
pedrogorro,2698359849893554558,1,0
pedrogorro,2544759288286515399,1,0
pedrogorro,2515742332342678066,1,0
pedrogorro,2488953165256389537,1,0
pedrogorro,2449096824547561058,1,0
pedrogorro,2215727491167045174,1,0
pedrogorro,1885240910612366589,0,0
pedrogorro,1075650184513917862,0,0
pedrogorro,1031253176470802920,0,0
pedrogorro,1020501701272604985,0,0
akhaddaoui,2661936928673096280,0,1
akhaddaoui,2628081552920096248,0,0
akhaddaoui,2591748614779611712,0,0
akhaddaoui,2584548547828295313,0,0
akhaddaoui,2577981199965214105,0,0
akhaddaoui,2497528236649571686,0,0
akhaddaoui,2409199998400004456,0,0
akhaddaoui,2396169170954936772,0,0
akhaddaoui,2382025320736977259,0,1
akhaddaoui,2382024312149414248,0,0
akhaddaoui,2378662719059647637,0,0
akhaddaoui,2349643604986792284,0,0
panda_jxx,2706260040539905164,0,0
panda_jxx,2218677843596686032,0,0
kuroyza,2340360614590969686,0,0
kuroyza,2160367402327823121,0,1
kuroyza,2136623901734644591,0,1
kuroyza,2130764903953437778,0,1
kuroyza,2095604427116383382,0,1
kuroyza,2084554787386400547,0,1
kuroyza,2080858586698917844,0,1
kuroyza,2077220646680744148,0,1
kuroyza,2073674251524853183,0,0
kuroyza,2072173494556342999,0,0
kuroyza,2069977170268179419,0,0
kuroyza,2068524289065257002,0,0
culturadevops,2523831964327419599,0,0
culturadevops,2479993434514118283,0,0
culturadevops,2475627371508698210,0,0
culturadevops,2474306060547095332,0,0
culturadevops,2470563240682373403,0,0
culturadevops,2469336705262568439,0,0
culturadevops,2469336438974681917,0,0
culturadevops,2469155982601684539,0,0
culturadevops,2469120985396305780,0,0
culturadevops,2467081028569731411,0,0
culturadevops,2464783124077306649,0,0
culturadevops,2464740119911977545,0,0
johsonrodriguez,2347429249932997619,0,0
johsonrodriguez,2346932578966902520,0,0
kushacodescript,2634463875420252698,0,0
kushacodescript,2634428114786548888,0,0
kushacodescript,2633042444879159320,0,1
kushacodescript,2631589905712894868,0,0
kushacodescript,2631586600559412003,0,1
kushacodescript,2628690368050450106,0,0
kushacodescript,2625553244068146518,0,1
kushacodescript,2625527009225022784,0,0
kushacodescript,2622903072926402809,0,0
kushacodescript,2621426418601411665,0,1
kushacodescript,2618517930107680796,0,1
kushacodescript,2618510440053741755,0,0
ruytertorres,2707876111077054569,0,0
ruytertorres,2702140144772944457,0,0
ruytertorres,2700375384724013619,0,0
ruytertorres,2696157009603263518,0,0
ruytertorres,2696054873881708751,0,0
ruytertorres,2666292951889654855,0,0
ruytertorres,2666281183133851063,0,0
ruytertorres,2666280000675901006,0,0
ruytertorres,2663642956053066610,0,0
ruytertorres,2657805559977384183,0,0
ruytertorres,2651373664344186920,0,0
ruytertorres,2650662740436041740,0,0
empireappdesignz,2614414276695535484,0,1
empireappdesignz,2575652998387359783,0,0
larkin_1968,2758611762896344007,0,1
larkin_1968,2758608132835280294,0,1
larkin_1968,2758596027000076589,0,1
larkin_1968,2752529808187711857,0,0
larkin_1968,2751757617795786502,0,0
larkin_1968,2742291622173849958,0,0
larkin_1968,2737125375798776231,0,0
larkin_1968,2716503163744092391,0,0
larkin_1968,2713244970767240822,0,0
larkin_1968,2712687490395861442,0,0
larkin_1968,2690296522308846052,0,0
larkin_1968,2562067604823824632,0,1
varmaziyar_amir,1988507444279965286,1,0
varmaziyar_amir,1882759090988907916,1,0
varmaziyar_amir,1719788617705363572,0,0
varmaziyar_amir,1675636470554434896,0,0
varmaziyar_amir,1675635757413722782,0,0
varmaziyar_amir,1666134328571512434,0,0
varmaziyar_amir,1509344246016371817,0,0
varmaziyar_amir,1508196066394425252,0,0
varmaziyar_amir,1469057157031040387,0,0
varmaziyar_amir,1469050515946330253,0,0
varmaziyar_amir,1359618044330925129,0,0
unlimited_goodlife,2577609103392178977,0,1
unlimited_goodlife,2550838070899422394,0,0
unlimited_goodlife,2464780916606659659,0,0
unlimited_goodlife,2461601328107926408,0,0
unlimited_goodlife,2454649427353339227,0,0
unlimited_goodlife,2445266607530952561,0,0
unlimited_goodlife,2418850930717018143,0,0
unlimited_goodlife,2400100785552664268,0,0
unlimited_goodlife,2332615195626719249,0,0
unlimited_goodlife,2312374644130382301,0,0
unlimited_goodlife,2302175663198822459,0,0
unlimited_goodlife,2301502407932353429,0,0
i_am_ajay_yadav,2775745230505183356,0,0
i_am_ajay_yadav,2772134830924533691,0,0
i_am_ajay_yadav,2772073389840392255,0,0
i_am_ajay_yadav,2769865874804775934,0,0
i_am_ajay_yadav,2767049580574092867,0,1
i_am_ajay_yadav,2761331453663706821,0,0
i_am_ajay_yadav,2746754671671828684,0,1
i_am_ajay_yadav,2731542457240867040,0,0
i_am_ajay_yadav,2724050832674131655,0,1
i_am_ajay_yadav,2701805620511387268,0,0
i_am_ajay_yadav,2659769107439969629,0,0
i_am_ajay_yadav,2658301343723443439,0,0
abhisekmajumder331,2368154254327386350,0,1
abhisekmajumder331,2355296403393347188,0,1
abhisekmajumder331,2345381402486277933,0,1
abhisekmajumder331,2270692022115412256,0,0
abhisekmajumder331,2270690075547395091,0,0
abhisekmajumder331,1894466743986811547,0,0
abhisekmajumder331,1793743886478612279,0,0
abhisekmajumder331,1697753667014643292,0,0
abhisekmajumder331,1697286101053896068,0,0
abhisekmajumder331,1697277404650959488,0,0
abhisekmajumder331,1681354058759515462,0,0
abhisekmajumder331,1417467667846416194,0,0
lokendra.rajput.1,2401437751361026878,0,0
lokendra.rajput.1,2215546058888860560,0,0
lokendra.rajput.1,2210866767617855586,0,0
lokendra.rajput.1,2153585035441501485,0,0
lokendra.rajput.1,2103146824831276284,0,0
lokendra.rajput.1,2028818698429826952,0,0
lokendra.rajput.1,1937601829433310554,1,0
lokendra.rajput.1,1908746002997552221,0,0
lokendra.rajput.1,1897712373645714484,0,0
lokendra.rajput.1,1866078781085798187,1,0
lokendra.rajput.1,1860446295123043927,0,0
lokendra.rajput.1,1856357611861853957,0,0
